theta,h
0.000000,0.000000
0.065450,0.000000
0.130900,0.000000
0.196350,0.000000
0.261799,0.000000
0.327249,0.000000
0.392699,0.000000
0.458149,0.000000
0.523599,0.000000
0.589049,0.000000
0.654498,0.000000
0.719948,0.000000
0.785398,0.000000
0.850848,0.000000
0.916298,0.000000
0.981748,0.000000
1.047198,0.000000
1.112647,0.000000
1.178097,0.000000
1.243547,0.000000
1.308997,0.000000
1.374447,0.000000
1.439897,0.000000
1.505346,0.000000
1.570796,0.000000
1.636246,0.000000
1.701696,0.000000
1.767146,0.000000
1.832596,0.000000
1.898046,0.000000
1.963495,0.000000
2.028945,0.000000
2.094395,0.000000
2.159845,0.000000
2.225295,0.000000
2.290745,0.000000
2.356194,0.000000
2.421644,0.000000
2.487094,0.000000
2.552544,0.000000
2.617994,0.000000
2.683444,0.000000
2.748894,0.000000
2.814343,0.000000
2.879793,0.000000
2.945243,0.000000
3.010693,0.000000
3.076143,0.000000
3.141593,0.000000
3.207043,0.000000
3.272492,0.000000
3.337942,0.000000
3.403392,0.000000
3.468842,0.000000
3.534292,0.000000
3.599742,0.000000
3.665191,0.000000
3.730641,0.000000
3.796091,0.000000
3.861541,0.000000
3.926991,0.000000
3.992441,0.000000
4.057891,0.000000
4.123340,0.000000
4.188790,0.000000
4.254240,0.000000
4.319690,0.000000
4.385140,0.000000
4.450590,0.000000
4.516039,0.000000
4.581489,0.000000
4.646939,0.000000
4.712389,0.000000
4.777839,0.000000
4.843289,0.000000
4.908739,0.000000
4.974188,0.000000
5.039638,0.000000
5.105088,0.000000
5.170538,0.000000
5.235988,0.000000
5.301438,0.000000
5.366887,0.000000
5.432337,0.000000
5.497787,0.000000
5.563237,0.000000
5.628687,0.000000
5.694137,0.000000
5.759587,0.000000
5.825036,0.000000
5.890486,0.000000
5.955936,0.000000
6.021386,0.000000
6.086836,0.000000
6.152286,0.000000
6.217735,0.000000
0.000000,0.028571
0.065450,0.028571
0.130900,0.028571
0.196350,0.028571
0.261799,0.028571
0.327249,0.028571
0.392699,0.028571
0.458149,0.028571
0.523599,0.028571
0.589049,0.028571
0.654498,0.028571
0.719948,0.028571
0.785398,0.028571
0.850848,0.028571
0.916298,0.028571
0.981748,0.028571
1.047198,0.028571
1.112647,0.028571
1.178097,0.028571
1.243547,0.028571
1.308997,0.028571
1.374447,0.028571
1.439897,0.028571
1.505346,0.028571
1.570796,0.028571
1.636246,0.028571
1.701696,0.028571
1.767146,0.028571
1.832596,0.028571
1.898046,0.028571
1.963495,0.028571
2.028945,0.028571
2.094395,0.028571
2.159845,0.028571
2.225295,0.028571
2.290745,0.028571
2.356194,0.028571
2.421644,0.028571
2.487094,0.028571
2.552544,0.028571
2.617994,0.028571
2.683444,0.028571
2.748894,0.028571
2.814343,0.028571
2.879793,0.028571
2.945243,0.028571
3.010693,0.028571
3.076143,0.028571
3.141593,0.028571
3.207043,0.028571
3.272492,0.028571
3.337942,0.028571
3.403392,0.028571
3.468842,0.028571
3.534292,0.028571
3.599742,0.028571
3.665191,0.028571
3.730641,0.028571
3.796091,0.028571
3.861541,0.028571
3.926991,0.028571
3.992441,0.028571
4.057891,0.028571
4.123340,0.028571
4.188790,0.028571
4.254240,0.028571
4.319690,0.028571
4.385140,0.028571
4.450590,0.028571
4.516039,0.028571
4.581489,0.028571
4.646939,0.028571
4.712389,0.028571
4.777839,0.028571
4.843289,0.028571
4.908739,0.028571
4.974188,0.028571
5.039638,0.028571
5.105088,0.028571
5.170538,0.028571
5.235988,0.028571
5.301438,0.028571
5.366887,0.028571
5.432337,0.028571
5.497787,0.028571
5.563237,0.028571
5.628687,0.028571
5.694137,0.028571
5.759587,0.028571
5.825036,0.028571
5.890486,0.028571
5.955936,0.028571
6.021386,0.028571
6.086836,0.028571
6.152286,0.028571
6.217735,0.028571
0.000000,0.057143
0.065450,0.057143
0.130900,0.057143
0.196350,0.057143
0.261799,0.057143
0.327249,0.057143
0.392699,0.057143
0.458149,0.057143
0.523599,0.057143
0.589049,0.057143
0.654498,0.057143
0.719948,0.057143
0.785398,0.057143
0.850848,0.057143
0.916298,0.057143
0.981748,0.057143
1.047198,0.057143
1.112647,0.057143
1.178097,0.057143
1.243547,0.057143
1.308997,0.057143
1.374447,0.057143
1.439897,0.057143
1.505346,0.057143
1.570796,0.057143
1.636246,0.057143
1.701696,0.057143
1.767146,0.057143
1.832596,0.057143
1.898046,0.057143
1.963495,0.057143
2.028945,0.057143
2.094395,0.057143
2.159845,0.057143
2.225295,0.057143
2.290745,0.057143
2.356194,0.057143
2.421644,0.057143
2.487094,0.057143
2.552544,0.057143
2.617994,0.057143
2.683444,0.057143
2.748894,0.057143
2.814343,0.057143
2.879793,0.057143
2.945243,0.057143
3.010693,0.057143
3.076143,0.057143
3.141593,0.057143
3.207043,0.057143
3.272492,0.057143
3.337942,0.057143
3.403392,0.057143
3.468842,0.057143
3.534292,0.057143
3.599742,0.057143
3.665191,0.057143
3.730641,0.057143
3.796091,0.057143
3.861541,0.057143
3.926991,0.057143
3.992441,0.057143
4.057891,0.057143
4.123340,0.057143
4.188790,0.057143
4.254240,0.057143
4.319690,0.057143
4.385140,0.057143
4.450590,0.057143
4.516039,0.057143
4.581489,0.057143
4.646939,0.057143
4.712389,0.057143
4.777839,0.057143
4.843289,0.057143
4.908739,0.057143
4.974188,0.057143
5.039638,0.057143
5.105088,0.057143
5.170538,0.057143
5.235988,0.057143
5.301438,0.057143
5.366887,0.057143
5.432337,0.057143
5.497787,0.057143
5.563237,0.057143
5.628687,0.057143
5.694137,0.057143
5.759587,0.057143
5.825036,0.057143
5.890486,0.057143
5.955936,0.057143
6.021386,0.057143
6.086836,0.057143
6.152286,0.057143
6.217735,0.057143
0.000000,0.085714
0.065450,0.085714
0.130900,0.085714
0.196350,0.085714
0.261799,0.085714
0.327249,0.085714
0.392699,0.085714
0.458149,0.085714
0.523599,0.085714
0.589049,0.085714
0.654498,0.085714
0.719948,0.085714
0.785398,0.085714
0.850848,0.085714
0.916298,0.085714
0.981748,0.085714
1.047198,0.085714
1.112647,0.085714
1.178097,0.085714
1.243547,0.085714
1.308997,0.085714
1.374447,0.085714
1.439897,0.085714
1.505346,0.085714
1.570796,0.085714
1.636246,0.085714
1.701696,0.085714
1.767146,0.085714
1.832596,0.085714
1.898046,0.085714
1.963495,0.085714
2.028945,0.085714
2.094395,0.085714
2.159845,0.085714
2.225295,0.085714
2.290745,0.085714
2.356194,0.085714
2.421644,0.085714
2.487094,0.085714
2.552544,0.085714
2.617994,0.085714
2.683444,0.085714
2.748894,0.085714
2.814343,0.085714
2.879793,0.085714
2.945243,0.085714
3.010693,0.085714
3.076143,0.085714
3.141593,0.085714
3.207043,0.085714
3.272492,0.085714
3.337942,0.085714
3.403392,0.085714
3.468842,0.085714
3.534292,0.085714
3.599742,0.085714
3.665191,0.085714
3.730641,0.085714
3.796091,0.085714
3.861541,0.085714
3.926991,0.085714
3.992441,0.085714
4.057891,0.085714
4.123340,0.085714
4.188790,0.085714
4.254240,0.085714
4.319690,0.085714
4.385140,0.085714
4.450590,0.085714
4.516039,0.085714
4.581489,0.085714
4.646939,0.085714
4.712389,0.085714
4.777839,0.085714
4.843289,0.085714
4.908739,0.085714
4.974188,0.085714
5.039638,0.085714
5.105088,0.085714
5.170538,0.085714
5.235988,0.085714
5.301438,0.085714
5.366887,0.085714
5.432337,0.085714
5.497787,0.085714
5.563237,0.085714
5.628687,0.085714
5.694137,0.085714
5.759587,0.085714
5.825036,0.085714
5.890486,0.085714
5.955936,0.085714
6.021386,0.085714
6.086836,0.085714
6.152286,0.085714
6.217735,0.085714
0.000000,0.114286
0.065450,0.114286
0.130900,0.114286
0.196350,0.114286
0.261799,0.114286
0.327249,0.114286
0.392699,0.114286
0.458149,0.114286
0.523599,0.114286
0.589049,0.114286
0.654498,0.114286
0.719948,0.114286
0.785398,0.114286
0.850848,0.114286
0.916298,0.114286
0.981748,0.114286
1.047198,0.114286
1.112647,0.114286
1.178097,0.114286
1.243547,0.114286
1.308997,0.114286
1.374447,0.114286
1.439897,0.114286
1.505346,0.114286
1.570796,0.114286
1.636246,0.114286
1.701696,0.114286
1.767146,0.114286
1.832596,0.114286
1.898046,0.114286
1.963495,0.114286
2.028945,0.114286
2.094395,0.114286
2.159845,0.114286
2.225295,0.114286
2.290745,0.114286
2.356194,0.114286
2.421644,0.114286
2.487094,0.114286
2.552544,0.114286
2.617994,0.114286
2.683444,0.114286
2.748894,0.114286
2.814343,0.114286
2.879793,0.114286
2.945243,0.114286
3.010693,0.114286
3.076143,0.114286
3.141593,0.114286
3.207043,0.114286
3.272492,0.114286
3.337942,0.114286
3.403392,0.114286
3.468842,0.114286
3.534292,0.114286
3.599742,0.114286
3.665191,0.114286
3.730641,0.114286
3.796091,0.114286
3.861541,0.114286
3.926991,0.114286
3.992441,0.114286
4.057891,0.114286
4.123340,0.114286
4.188790,0.114286
4.254240,0.114286
4.319690,0.114286
4.385140,0.114286
4.450590,0.114286
4.516039,0.114286
4.581489,0.114286
4.646939,0.114286
4.712389,0.114286
4.777839,0.114286
4.843289,0.114286
4.908739,0.114286
4.974188,0.114286
5.039638,0.114286
5.105088,0.114286
5.170538,0.114286
5.235988,0.114286
5.301438,0.114286
5.366887,0.114286
5.432337,0.114286
5.497787,0.114286
5.563237,0.114286
5.628687,0.114286
5.694137,0.114286
5.759587,0.114286
5.825036,0.114286
5.890486,0.114286
5.955936,0.114286
6.021386,0.114286
6.086836,0.114286
6.152286,0.114286
6.217735,0.114286
0.000000,0.142857
0.065450,0.142857
0.130900,0.142857
0.196350,0.142857
0.261799,0.142857
0.327249,0.142857
0.392699,0.142857
0.458149,0.142857
0.523599,0.142857
0.589049,0.142857
0.654498,0.142857
0.719948,0.142857
0.785398,0.142857
0.850848,0.142857
0.916298,0.142857
0.981748,0.142857
1.047198,0.142857
1.112647,0.142857
1.178097,0.142857
1.243547,0.142857
1.308997,0.142857
1.374447,0.142857
1.439897,0.142857
1.505346,0.142857
1.570796,0.142857
1.636246,0.142857
1.701696,0.142857
1.767146,0.142857
1.832596,0.142857
1.898046,0.142857
1.963495,0.142857
2.028945,0.142857
2.094395,0.142857
2.159845,0.142857
2.225295,0.142857
2.290745,0.142857
2.356194,0.142857
2.421644,0.142857
2.487094,0.142857
2.552544,0.142857
2.617994,0.142857
2.683444,0.142857
2.748894,0.142857
2.814343,0.142857
2.879793,0.142857
2.945243,0.142857
3.010693,0.142857
3.076143,0.142857
3.141593,0.142857
3.207043,0.142857
3.272492,0.142857
3.337942,0.142857
3.403392,0.142857
3.468842,0.142857
3.534292,0.142857
3.599742,0.142857
3.665191,0.142857
3.730641,0.142857
3.796091,0.142857
3.861541,0.142857
3.926991,0.142857
3.992441,0.142857
4.057891,0.142857
4.123340,0.142857
4.188790,0.142857
4.254240,0.142857
4.319690,0.142857
4.385140,0.142857
4.450590,0.142857
4.516039,0.142857
4.581489,0.142857
4.646939,0.142857
4.712389,0.142857
4.777839,0.142857
4.843289,0.142857
4.908739,0.142857
4.974188,0.142857
5.039638,0.142857
5.105088,0.142857
5.170538,0.142857
5.235988,0.142857
5.301438,0.142857
5.366887,0.142857
5.432337,0.142857
5.497787,0.142857
5.563237,0.142857
5.628687,0.142857
5.694137,0.142857
5.759587,0.142857
5.825036,0.142857
5.890486,0.142857
5.955936,0.142857
6.021386,0.142857
6.086836,0.142857
6.152286,0.142857
6.217735,0.142857
0.000000,0.171429
0.065450,0.171429
0.130900,0.171429
0.196350,0.171429
0.261799,0.171429
0.327249,0.171429
0.392699,0.171429
0.458149,0.171429
0.523599,0.171429
0.589049,0.171429
0.654498,0.171429
0.719948,0.171429
0.785398,0.171429
0.850848,0.171429
0.916298,0.171429
0.981748,0.171429
1.047198,0.171429
1.112647,0.171429
1.178097,0.171429
1.243547,0.171429
1.308997,0.171429
1.374447,0.171429
1.439897,0.171429
1.505346,0.171429
1.570796,0.171429
1.636246,0.171429
1.701696,0.171429
1.767146,0.171429
1.832596,0.171429
1.898046,0.171429
1.963495,0.171429
2.028945,0.171429
2.094395,0.171429
2.159845,0.171429
2.225295,0.171429
2.290745,0.171429
2.356194,0.171429
2.421644,0.171429
2.487094,0.171429
2.552544,0.171429
2.617994,0.171429
2.683444,0.171429
2.748894,0.171429
2.814343,0.171429
2.879793,0.171429
2.945243,0.171429
3.010693,0.171429
3.076143,0.171429
3.141593,0.171429
3.207043,0.171429
3.272492,0.171429
3.337942,0.171429
3.403392,0.171429
3.468842,0.171429
3.534292,0.171429
3.599742,0.171429
3.665191,0.171429
3.730641,0.171429
3.796091,0.171429
3.861541,0.171429
3.926991,0.171429
3.992441,0.171429
4.057891,0.171429
4.123340,0.171429
4.188790,0.171429
4.254240,0.171429
4.319690,0.171429
4.385140,0.171429
4.450590,0.171429
4.516039,0.171429
4.581489,0.171429
4.646939,0.171429
4.712389,0.171429
4.777839,0.171429
4.843289,0.171429
4.908739,0.171429
4.974188,0.171429
5.039638,0.171429
5.105088,0.171429
5.170538,0.171429
5.235988,0.171429
5.301438,0.171429
5.366887,0.171429
5.432337,0.171429
5.497787,0.171429
5.563237,0.171429
5.628687,0.171429
5.694137,0.171429
5.759587,0.171429
5.825036,0.171429
5.890486,0.171429
5.955936,0.171429
6.021386,0.171429
6.086836,0.171429
6.152286,0.171429
6.217735,0.171429
0.000000,0.200000
0.065450,0.200000
0.130900,0.200000
0.196350,0.200000
0.261799,0.200000
0.327249,0.200000
0.392699,0.200000
0.458149,0.200000
0.523599,0.200000
0.589049,0.200000
0.654498,0.200000
0.719948,0.200000
0.785398,0.200000
0.850848,0.200000
0.916298,0.200000
0.981748,0.200000
1.047198,0.200000
1.112647,0.200000
1.178097,0.200000
1.243547,0.200000
1.308997,0.200000
1.374447,0.200000
1.439897,0.200000
1.505346,0.200000
1.570796,0.200000
1.636246,0.200000
1.701696,0.200000
1.767146,0.200000
1.832596,0.200000
1.898046,0.200000
1.963495,0.200000
2.028945,0.200000
2.094395,0.200000
2.159845,0.200000
2.225295,0.200000
2.290745,0.200000
2.356194,0.200000
2.421644,0.200000
2.487094,0.200000
2.552544,0.200000
2.617994,0.200000
2.683444,0.200000
2.748894,0.200000
2.814343,0.200000
2.879793,0.200000
2.945243,0.200000
3.010693,0.200000
3.076143,0.200000
3.141593,0.200000
3.207043,0.200000
3.272492,0.200000
3.337942,0.200000
3.403392,0.200000
3.468842,0.200000
3.534292,0.200000
3.599742,0.200000
3.665191,0.200000
3.730641,0.200000
3.796091,0.200000
3.861541,0.200000
3.926991,0.200000
3.992441,0.200000
4.057891,0.200000
4.123340,0.200000
4.188790,0.200000
4.254240,0.200000
4.319690,0.200000
4.385140,0.200000
4.450590,0.200000
4.516039,0.200000
4.581489,0.200000
4.646939,0.200000
4.712389,0.200000
4.777839,0.200000
4.843289,0.200000
4.908739,0.200000
4.974188,0.200000
5.039638,0.200000
5.105088,0.200000
5.170538,0.200000
5.235988,0.200000
5.301438,0.200000
5.366887,0.200000
5.432337,0.200000
5.497787,0.200000
5.563237,0.200000
5.628687,0.200000
5.694137,0.200000
5.759587,0.200000
5.825036,0.200000
5.890486,0.200000
5.955936,0.200000
6.021386,0.200000
6.086836,0.200000
6.152286,0.200000
6.217735,0.200000
0.000000,0.228571
0.065450,0.228571
0.130900,0.228571
0.196350,0.228571
0.261799,0.228571
0.327249,0.228571
0.392699,0.228571
0.458149,0.228571
0.523599,0.228571
0.589049,0.228571
0.654498,0.228571
0.719948,0.228571
0.785398,0.228571
0.850848,0.228571
0.916298,0.228571
0.981748,0.228571
1.047198,0.228571
1.112647,0.228571
1.178097,0.228571
1.243547,0.228571
1.308997,0.228571
1.374447,0.228571
1.439897,0.228571
1.505346,0.228571
1.570796,0.228571
1.636246,0.228571
1.701696,0.228571
1.767146,0.228571
1.832596,0.228571
1.898046,0.228571
1.963495,0.228571
2.028945,0.228571
2.094395,0.228571
2.159845,0.228571
2.225295,0.228571
2.290745,0.228571
2.356194,0.228571
2.421644,0.228571
2.487094,0.228571
2.552544,0.228571
2.617994,0.228571
2.683444,0.228571
2.748894,0.228571
2.814343,0.228571
2.879793,0.228571
2.945243,0.228571
3.010693,0.228571
3.076143,0.228571
3.141593,0.228571
3.207043,0.228571
3.272492,0.228571
3.337942,0.228571
3.403392,0.228571
3.468842,0.228571
3.534292,0.228571
3.599742,0.228571
3.665191,0.228571
3.730641,0.228571
3.796091,0.228571
3.861541,0.228571
3.926991,0.228571
3.992441,0.228571
4.057891,0.228571
4.123340,0.228571
4.188790,0.228571
4.254240,0.228571
4.319690,0.228571
4.385140,0.228571
4.450590,0.228571
4.516039,0.228571
4.581489,0.228571
4.646939,0.228571
4.712389,0.228571
4.777839,0.228571
4.843289,0.228571
4.908739,0.228571
4.974188,0.228571
5.039638,0.228571
5.105088,0.228571
5.170538,0.228571
5.235988,0.228571
5.301438,0.228571
5.366887,0.228571
5.432337,0.228571
5.497787,0.228571
5.563237,0.228571
5.628687,0.228571
5.694137,0.228571
5.759587,0.228571
5.825036,0.228571
5.890486,0.228571
5.955936,0.228571
6.021386,0.228571
6.086836,0.228571
6.152286,0.228571
6.217735,0.228571
0.000000,0.257143
0.065450,0.257143
0.130900,0.257143
0.196350,0.257143
0.261799,0.257143
0.327249,0.257143
0.392699,0.257143
0.458149,0.257143
0.523599,0.257143
0.589049,0.257143
0.654498,0.257143
0.719948,0.257143
0.785398,0.257143
0.850848,0.257143
0.916298,0.257143
0.981748,0.257143
1.047198,0.257143
1.112647,0.257143
1.178097,0.257143
1.243547,0.257143
1.308997,0.257143
1.374447,0.257143
1.439897,0.257143
1.505346,0.257143
1.570796,0.257143
1.636246,0.257143
1.701696,0.257143
1.767146,0.257143
1.832596,0.257143
1.898046,0.257143
1.963495,0.257143
2.028945,0.257143
2.094395,0.257143
2.159845,0.257143
2.225295,0.257143
2.290745,0.257143
2.356194,0.257143
2.421644,0.257143
2.487094,0.257143
2.552544,0.257143
2.617994,0.257143
2.683444,0.257143
2.748894,0.257143
2.814343,0.257143
2.879793,0.257143
2.945243,0.257143
3.010693,0.257143
3.076143,0.257143
3.141593,0.257143
3.207043,0.257143
3.272492,0.257143
3.337942,0.257143
3.403392,0.257143
3.468842,0.257143
3.534292,0.257143
3.599742,0.257143
3.665191,0.257143
3.730641,0.257143
3.796091,0.257143
3.861541,0.257143
3.926991,0.257143
3.992441,0.257143
4.057891,0.257143
4.123340,0.257143
4.188790,0.257143
4.254240,0.257143
4.319690,0.257143
4.385140,0.257143
4.450590,0.257143
4.516039,0.257143
4.581489,0.257143
4.646939,0.257143
4.712389,0.257143
4.777839,0.257143
4.843289,0.257143
4.908739,0.257143
4.974188,0.257143
5.039638,0.257143
5.105088,0.257143
5.170538,0.257143
5.235988,0.257143
5.301438,0.257143
5.366887,0.257143
5.432337,0.257143
5.497787,0.257143
5.563237,0.257143
5.628687,0.257143
5.694137,0.257143
5.759587,0.257143
5.825036,0.257143
5.890486,0.257143
5.955936,0.257143
6.021386,0.257143
6.086836,0.257143
6.152286,0.257143
6.217735,0.257143
0.000000,0.285714
0.065450,0.285714
0.130900,0.285714
0.196350,0.285714
0.261799,0.285714
0.327249,0.285714
0.392699,0.285714
0.458149,0.285714
0.523599,0.285714
0.589049,0.285714
0.654498,0.285714
0.719948,0.285714
0.785398,0.285714
0.850848,0.285714
0.916298,0.285714
0.981748,0.285714
1.047198,0.285714
1.112647,0.285714
1.178097,0.285714
1.243547,0.285714
1.308997,0.285714
1.374447,0.285714
1.439897,0.285714
1.505346,0.285714
1.570796,0.285714
1.636246,0.285714
1.701696,0.285714
1.767146,0.285714
1.832596,0.285714
1.898046,0.285714
1.963495,0.285714
2.028945,0.285714
2.094395,0.285714
2.159845,0.285714
2.225295,0.285714
2.290745,0.285714
2.356194,0.285714
2.421644,0.285714
2.487094,0.285714
2.552544,0.285714
2.617994,0.285714
2.683444,0.285714
2.748894,0.285714
2.814343,0.285714
2.879793,0.285714
2.945243,0.285714
3.010693,0.285714
3.076143,0.285714
3.141593,0.285714
3.207043,0.285714
3.272492,0.285714
3.337942,0.285714
3.403392,0.285714
3.468842,0.285714
3.534292,0.285714
3.599742,0.285714
3.665191,0.285714
3.730641,0.285714
3.796091,0.285714
3.861541,0.285714
3.926991,0.285714
3.992441,0.285714
4.057891,0.285714
4.123340,0.285714
4.188790,0.285714
4.254240,0.285714
4.319690,0.285714
4.385140,0.285714
4.450590,0.285714
4.516039,0.285714
4.581489,0.285714
4.646939,0.285714
4.712389,0.285714
4.777839,0.285714
4.843289,0.285714
4.908739,0.285714
4.974188,0.285714
5.039638,0.285714
5.105088,0.285714
5.170538,0.285714
5.235988,0.285714
5.301438,0.285714
5.366887,0.285714
5.432337,0.285714
5.497787,0.285714
5.563237,0.285714
5.628687,0.285714
5.694137,0.285714
5.759587,0.285714
5.825036,0.285714
5.890486,0.285714
5.955936,0.285714
6.021386,0.285714
6.086836,0.285714
6.152286,0.285714
6.217735,0.285714
0.000000,0.314286
0.065450,0.314286
0.130900,0.314286
0.196350,0.314286
0.261799,0.314286
0.327249,0.314286
0.392699,0.314286
0.458149,0.314286
0.523599,0.314286
0.589049,0.314286
0.654498,0.314286
0.719948,0.314286
0.785398,0.314286
0.850848,0.314286
0.916298,0.314286
0.981748,0.314286
1.047198,0.314286
1.112647,0.314286
1.178097,0.314286
1.243547,0.314286
1.308997,0.314286
1.374447,0.314286
1.439897,0.314286
1.505346,0.314286
1.570796,0.314286
1.636246,0.314286
1.701696,0.314286
1.767146,0.314286
1.832596,0.314286
1.898046,0.314286
1.963495,0.314286
2.028945,0.314286
2.094395,0.314286
2.159845,0.314286
2.225295,0.314286
2.290745,0.314286
2.356194,0.314286
2.421644,0.314286
2.487094,0.314286
2.552544,0.314286
2.617994,0.314286
2.683444,0.314286
2.748894,0.314286
2.814343,0.314286
2.879793,0.314286
2.945243,0.314286
3.010693,0.314286
3.076143,0.314286
3.141593,0.314286
3.207043,0.314286
3.272492,0.314286
3.337942,0.314286
3.403392,0.314286
3.468842,0.314286
3.534292,0.314286
3.599742,0.314286
3.665191,0.314286
3.730641,0.314286
3.796091,0.314286
3.861541,0.314286
3.926991,0.314286
3.992441,0.314286
4.057891,0.314286
4.123340,0.314286
4.188790,0.314286
4.254240,0.314286
4.319690,0.314286
4.385140,0.314286
4.450590,0.314286
4.516039,0.314286
4.581489,0.314286
4.646939,0.314286
4.712389,0.314286
4.777839,0.314286
4.843289,0.314286
4.908739,0.314286
4.974188,0.314286
5.039638,0.314286
5.105088,0.314286
5.170538,0.314286
5.235988,0.314286
5.301438,0.314286
5.366887,0.314286
5.432337,0.314286
5.497787,0.314286
5.563237,0.314286
5.628687,0.314286
5.694137,0.314286
5.759587,0.314286
5.825036,0.314286
5.890486,0.314286
5.955936,0.314286
6.021386,0.314286
6.086836,0.314286
6.152286,0.314286
6.217735,0.314286
0.000000,0.342857
0.065450,0.342857
0.130900,0.342857
0.196350,0.342857
0.261799,0.342857
0.327249,0.342857
0.392699,0.342857
0.458149,0.342857
0.523599,0.342857
0.589049,0.342857
0.654498,0.342857
0.719948,0.342857
0.785398,0.342857
0.850848,0.342857
0.916298,0.342857
0.981748,0.342857
1.047198,0.342857
1.112647,0.342857
1.178097,0.342857
1.243547,0.342857
1.308997,0.342857
1.374447,0.342857
1.439897,0.342857
1.505346,0.342857
1.570796,0.342857
1.636246,0.342857
1.701696,0.342857
1.767146,0.342857
1.832596,0.342857
1.898046,0.342857
1.963495,0.342857
2.028945,0.342857
2.094395,0.342857
2.159845,0.342857
2.225295,0.342857
2.290745,0.342857
2.356194,0.342857
2.421644,0.342857
2.487094,0.342857
2.552544,0.342857
2.617994,0.342857
2.683444,0.342857
2.748894,0.342857
2.814343,0.342857
2.879793,0.342857
2.945243,0.342857
3.010693,0.342857
3.076143,0.342857
3.141593,0.342857
3.207043,0.342857
3.272492,0.342857
3.337942,0.342857
3.403392,0.342857
3.468842,0.342857
3.534292,0.342857
3.599742,0.342857
3.665191,0.342857
3.730641,0.342857
3.796091,0.342857
3.861541,0.342857
3.926991,0.342857
3.992441,0.342857
4.057891,0.342857
4.123340,0.342857
4.188790,0.342857
4.254240,0.342857
4.319690,0.342857
4.385140,0.342857
4.450590,0.342857
4.516039,0.342857
4.581489,0.342857
4.646939,0.342857
4.712389,0.342857
4.777839,0.342857
4.843289,0.342857
4.908739,0.342857
4.974188,0.342857
5.039638,0.342857
5.105088,0.342857
5.170538,0.342857
5.235988,0.342857
5.301438,0.342857
5.366887,0.342857
5.432337,0.342857
5.497787,0.342857
5.563237,0.342857
5.628687,0.342857
5.694137,0.342857
5.759587,0.342857
5.825036,0.342857
5.890486,0.342857
5.955936,0.342857
6.021386,0.342857
6.086836,0.342857
6.152286,0.342857
6.217735,0.342857
0.000000,0.371429
0.065450,0.371429
0.130900,0.371429
0.196350,0.371429
0.261799,0.371429
0.327249,0.371429
0.392699,0.371429
0.458149,0.371429
0.523599,0.371429
0.589049,0.371429
0.654498,0.371429
0.719948,0.371429
0.785398,0.371429
0.850848,0.371429
0.916298,0.371429
0.981748,0.371429
1.047198,0.371429
1.112647,0.371429
1.178097,0.371429
1.243547,0.371429
1.308997,0.371429
1.374447,0.371429
1.439897,0.371429
1.505346,0.371429
1.570796,0.371429
1.636246,0.371429
1.701696,0.371429
1.767146,0.371429
1.832596,0.371429
1.898046,0.371429
1.963495,0.371429
2.028945,0.371429
2.094395,0.371429
2.159845,0.371429
2.225295,0.371429
2.290745,0.371429
2.356194,0.371429
2.421644,0.371429
2.487094,0.371429
2.552544,0.371429
2.617994,0.371429
2.683444,0.371429
2.748894,0.371429
2.814343,0.371429
2.879793,0.371429
2.945243,0.371429
3.010693,0.371429
3.076143,0.371429
3.141593,0.371429
3.207043,0.371429
3.272492,0.371429
3.337942,0.371429
3.403392,0.371429
3.468842,0.371429
3.534292,0.371429
3.599742,0.371429
3.665191,0.371429
3.730641,0.371429
3.796091,0.371429
3.861541,0.371429
3.926991,0.371429
3.992441,0.371429
4.057891,0.371429
4.123340,0.371429
4.188790,0.371429
4.254240,0.371429
4.319690,0.371429
4.385140,0.371429
4.450590,0.371429
4.516039,0.371429
4.581489,0.371429
4.646939,0.371429
4.712389,0.371429
4.777839,0.371429
4.843289,0.371429
4.908739,0.371429
4.974188,0.371429
5.039638,0.371429
5.105088,0.371429
5.170538,0.371429
5.235988,0.371429
5.301438,0.371429
5.366887,0.371429
5.432337,0.371429
5.497787,0.371429
5.563237,0.371429
5.628687,0.371429
5.694137,0.371429
5.759587,0.371429
5.825036,0.371429
5.890486,0.371429
5.955936,0.371429
6.021386,0.371429
6.086836,0.371429
6.152286,0.371429
6.217735,0.371429
0.000000,0.400000
0.065450,0.400000
0.130900,0.400000
0.196350,0.400000
0.261799,0.400000
0.327249,0.400000
0.392699,0.400000
0.458149,0.400000
0.523599,0.400000
0.589049,0.400000
0.654498,0.400000
0.719948,0.400000
0.785398,0.400000
0.850848,0.400000
0.916298,0.400000
0.981748,0.400000
1.047198,0.400000
1.112647,0.400000
1.178097,0.400000
1.243547,0.400000
1.308997,0.400000
1.374447,0.400000
1.439897,0.400000
1.505346,0.400000
1.570796,0.400000
1.636246,0.400000
1.701696,0.400000
1.767146,0.400000
1.832596,0.400000
1.898046,0.400000
1.963495,0.400000
2.028945,0.400000
2.094395,0.400000
2.159845,0.400000
2.225295,0.400000
2.290745,0.400000
2.356194,0.400000
2.421644,0.400000
2.487094,0.400000
2.552544,0.400000
2.617994,0.400000
2.683444,0.400000
2.748894,0.400000
2.814343,0.400000
2.879793,0.400000
2.945243,0.400000
3.010693,0.400000
3.076143,0.400000
3.141593,0.400000
3.207043,0.400000
3.272492,0.400000
3.337942,0.400000
3.403392,0.400000
3.468842,0.400000
3.534292,0.400000
3.599742,0.400000
3.665191,0.400000
3.730641,0.400000
3.796091,0.400000
3.861541,0.400000
3.926991,0.400000
3.992441,0.400000
4.057891,0.400000
4.123340,0.400000
4.188790,0.400000
4.254240,0.400000
4.319690,0.400000
4.385140,0.400000
4.450590,0.400000
4.516039,0.400000
4.581489,0.400000
4.646939,0.400000
4.712389,0.400000
4.777839,0.400000
4.843289,0.400000
4.908739,0.400000
4.974188,0.400000
5.039638,0.400000
5.105088,0.400000
5.170538,0.400000
5.235988,0.400000
5.301438,0.400000
5.366887,0.400000
5.432337,0.400000
5.497787,0.400000
5.563237,0.400000
5.628687,0.400000
5.694137,0.400000
5.759587,0.400000
5.825036,0.400000
5.890486,0.400000
5.955936,0.400000
6.021386,0.400000
6.086836,0.400000
6.152286,0.400000
6.217735,0.400000
0.000000,0.428571
0.065450,0.428571
0.130900,0.428571
0.196350,0.428571
0.261799,0.428571
0.327249,0.428571
0.392699,0.428571
0.458149,0.428571
0.523599,0.428571
0.589049,0.428571
0.654498,0.428571
0.719948,0.428571
0.785398,0.428571
0.850848,0.428571
0.916298,0.428571
0.981748,0.428571
1.047198,0.428571
1.112647,0.428571
1.178097,0.428571
1.243547,0.428571
1.308997,0.428571
1.374447,0.428571
1.439897,0.428571
1.505346,0.428571
1.570796,0.428571
1.636246,0.428571
1.701696,0.428571
1.767146,0.428571
1.832596,0.428571
1.898046,0.428571
1.963495,0.428571
2.028945,0.428571
2.094395,0.428571
2.159845,0.428571
2.225295,0.428571
2.290745,0.428571
2.356194,0.428571
2.421644,0.428571
2.487094,0.428571
2.552544,0.428571
2.617994,0.428571
2.683444,0.428571
2.748894,0.428571
2.814343,0.428571
2.879793,0.428571
2.945243,0.428571
3.010693,0.428571
3.076143,0.428571
3.141593,0.428571
3.207043,0.428571
3.272492,0.428571
3.337942,0.428571
3.403392,0.428571
3.468842,0.428571
3.534292,0.428571
3.599742,0.428571
3.665191,0.428571
3.730641,0.428571
3.796091,0.428571
3.861541,0.428571
3.926991,0.428571
3.992441,0.428571
4.057891,0.428571
4.123340,0.428571
4.188790,0.428571
4.254240,0.428571
4.319690,0.428571
4.385140,0.428571
4.450590,0.428571
4.516039,0.428571
4.581489,0.428571
4.646939,0.428571
4.712389,0.428571
4.777839,0.428571
4.843289,0.428571
4.908739,0.428571
4.974188,0.428571
5.039638,0.428571
5.105088,0.428571
5.170538,0.428571
5.235988,0.428571
5.301438,0.428571
5.366887,0.428571
5.432337,0.428571
5.497787,0.428571
5.563237,0.428571
5.628687,0.428571
5.694137,0.428571
5.759587,0.428571
5.825036,0.428571
5.890486,0.428571
5.955936,0.428571
6.021386,0.428571
6.086836,0.428571
6.152286,0.428571
6.217735,0.428571
0.000000,0.457143
0.065450,0.457143
0.130900,0.457143
0.196350,0.457143
0.261799,0.457143
0.327249,0.457143
0.392699,0.457143
0.458149,0.457143
0.523599,0.457143
0.589049,0.457143
0.654498,0.457143
0.719948,0.457143
0.785398,0.457143
0.850848,0.457143
0.916298,0.457143
0.981748,0.457143
1.047198,0.457143
1.112647,0.457143
1.178097,0.457143
1.243547,0.457143
1.308997,0.457143
1.374447,0.457143
1.439897,0.457143
1.505346,0.457143
1.570796,0.457143
1.636246,0.457143
1.701696,0.457143
1.767146,0.457143
1.832596,0.457143
1.898046,0.457143
1.963495,0.457143
2.028945,0.457143
2.094395,0.457143
2.159845,0.457143
2.225295,0.457143
2.290745,0.457143
2.356194,0.457143
2.421644,0.457143
2.487094,0.457143
2.552544,0.457143
2.617994,0.457143
2.683444,0.457143
2.748894,0.457143
2.814343,0.457143
2.879793,0.457143
2.945243,0.457143
3.010693,0.457143
3.076143,0.457143
3.141593,0.457143
3.207043,0.457143
3.272492,0.457143
3.337942,0.457143
3.403392,0.457143
3.468842,0.457143
3.534292,0.457143
3.599742,0.457143
3.665191,0.457143
3.730641,0.457143
3.796091,0.457143
3.861541,0.457143
3.926991,0.457143
3.992441,0.457143
4.057891,0.457143
4.123340,0.457143
4.188790,0.457143
4.254240,0.457143
4.319690,0.457143
4.385140,0.457143
4.450590,0.457143
4.516039,0.457143
4.581489,0.457143
4.646939,0.457143
4.712389,0.457143
4.777839,0.457143
4.843289,0.457143
4.908739,0.457143
4.974188,0.457143
5.039638,0.457143
5.105088,0.457143
5.170538,0.457143
5.235988,0.457143
5.301438,0.457143
5.366887,0.457143
5.432337,0.457143
5.497787,0.457143
5.563237,0.457143
5.628687,0.457143
5.694137,0.457143
5.759587,0.457143
5.825036,0.457143
5.890486,0.457143
5.955936,0.457143
6.021386,0.457143
6.086836,0.457143
6.152286,0.457143
6.217735,0.457143
0.000000,0.485714
0.065450,0.485714
0.130900,0.485714
0.196350,0.485714
0.261799,0.485714
0.327249,0.485714
0.392699,0.485714
0.458149,0.485714
0.523599,0.485714
0.589049,0.485714
0.654498,0.485714
0.719948,0.485714
0.785398,0.485714
0.850848,0.485714
0.916298,0.485714
0.981748,0.485714
1.047198,0.485714
1.112647,0.485714
1.178097,0.485714
1.243547,0.485714
1.308997,0.485714
1.374447,0.485714
1.439897,0.485714
1.505346,0.485714
1.570796,0.485714
1.636246,0.485714
1.701696,0.485714
1.767146,0.485714
1.832596,0.485714
1.898046,0.485714
1.963495,0.485714
2.028945,0.485714
2.094395,0.485714
2.159845,0.485714
2.225295,0.485714
2.290745,0.485714
2.356194,0.485714
2.421644,0.485714
2.487094,0.485714
2.552544,0.485714
2.617994,0.485714
2.683444,0.485714
2.748894,0.485714
2.814343,0.485714
2.879793,0.485714
2.945243,0.485714
3.010693,0.485714
3.076143,0.485714
3.141593,0.485714
3.207043,0.485714
3.272492,0.485714
3.337942,0.485714
3.403392,0.485714
3.468842,0.485714
3.534292,0.485714
3.599742,0.485714
3.665191,0.485714
3.730641,0.485714
3.796091,0.485714
3.861541,0.485714
3.926991,0.485714
3.992441,0.485714
4.057891,0.485714
4.123340,0.485714
4.188790,0.485714
4.254240,0.485714
4.319690,0.485714
4.385140,0.485714
4.450590,0.485714
4.516039,0.485714
4.581489,0.485714
4.646939,0.485714
4.712389,0.485714
4.777839,0.485714
4.843289,0.485714
4.908739,0.485714
4.974188,0.485714
5.039638,0.485714
5.105088,0.485714
5.170538,0.485714
5.235988,0.485714
5.301438,0.485714
5.366887,0.485714
5.432337,0.485714
5.497787,0.485714
5.563237,0.485714
5.628687,0.485714
5.694137,0.485714
5.759587,0.485714
5.825036,0.485714
5.890486,0.485714
5.955936,0.485714
6.021386,0.485714
6.086836,0.485714
6.152286,0.485714
6.217735,0.485714
0.000000,0.514286
0.065450,0.514286
0.130900,0.514286
0.196350,0.514286
0.261799,0.514286
0.327249,0.514286
0.392699,0.514286
0.458149,0.514286
0.523599,0.514286
0.589049,0.514286
0.654498,0.514286
0.719948,0.514286
0.785398,0.514286
0.850848,0.514286
0.916298,0.514286
0.981748,0.514286
1.047198,0.514286
1.112647,0.514286
1.178097,0.514286
1.243547,0.514286
1.308997,0.514286
1.374447,0.514286
1.439897,0.514286
1.505346,0.514286
1.570796,0.514286
1.636246,0.514286
1.701696,0.514286
1.767146,0.514286
1.832596,0.514286
1.898046,0.514286
1.963495,0.514286
2.028945,0.514286
2.094395,0.514286
2.159845,0.514286
2.225295,0.514286
2.290745,0.514286
2.356194,0.514286
2.421644,0.514286
2.487094,0.514286
2.552544,0.514286
2.617994,0.514286
2.683444,0.514286
2.748894,0.514286
2.814343,0.514286
2.879793,0.514286
2.945243,0.514286
3.010693,0.514286
3.076143,0.514286
3.141593,0.514286
3.207043,0.514286
3.272492,0.514286
3.337942,0.514286
3.403392,0.514286
3.468842,0.514286
3.534292,0.514286
3.599742,0.514286
3.665191,0.514286
3.730641,0.514286
3.796091,0.514286
3.861541,0.514286
3.926991,0.514286
3.992441,0.514286
4.057891,0.514286
4.123340,0.514286
4.188790,0.514286
4.254240,0.514286
4.319690,0.514286
4.385140,0.514286
4.450590,0.514286
4.516039,0.514286
4.581489,0.514286
4.646939,0.514286
4.712389,0.514286
4.777839,0.514286
4.843289,0.514286
4.908739,0.514286
4.974188,0.514286
5.039638,0.514286
5.105088,0.514286
5.170538,0.514286
5.235988,0.514286
5.301438,0.514286
5.366887,0.514286
5.432337,0.514286
5.497787,0.514286
5.563237,0.514286
5.628687,0.514286
5.694137,0.514286
5.759587,0.514286
5.825036,0.514286
5.890486,0.514286
5.955936,0.514286
6.021386,0.514286
6.086836,0.514286
6.152286,0.514286
6.217735,0.514286
0.000000,0.542857
0.065450,0.542857
0.130900,0.542857
0.196350,0.542857
0.261799,0.542857
0.327249,0.542857
0.392699,0.542857
0.458149,0.542857
0.523599,0.542857
0.589049,0.542857
0.654498,0.542857
0.719948,0.542857
0.785398,0.542857
0.850848,0.542857
0.916298,0.542857
0.981748,0.542857
1.047198,0.542857
1.112647,0.542857
1.178097,0.542857
1.243547,0.542857
1.308997,0.542857
1.374447,0.542857
1.439897,0.542857
1.505346,0.542857
1.570796,0.542857
1.636246,0.542857
1.701696,0.542857
1.767146,0.542857
1.832596,0.542857
1.898046,0.542857
1.963495,0.542857
2.028945,0.542857
2.094395,0.542857
2.159845,0.542857
2.225295,0.542857
2.290745,0.542857
2.356194,0.542857
2.421644,0.542857
2.487094,0.542857
2.552544,0.542857
2.617994,0.542857
2.683444,0.542857
2.748894,0.542857
2.814343,0.542857
2.879793,0.542857
2.945243,0.542857
3.010693,0.542857
3.076143,0.542857
3.141593,0.542857
3.207043,0.542857
3.272492,0.542857
3.337942,0.542857
3.403392,0.542857
3.468842,0.542857
3.534292,0.542857
3.599742,0.542857
3.665191,0.542857
3.730641,0.542857
3.796091,0.542857
3.861541,0.542857
3.926991,0.542857
3.992441,0.542857
4.057891,0.542857
4.123340,0.542857
4.188790,0.542857
4.254240,0.542857
4.319690,0.542857
4.385140,0.542857
4.450590,0.542857
4.516039,0.542857
4.581489,0.542857
4.646939,0.542857
4.712389,0.542857
4.777839,0.542857
4.843289,0.542857
4.908739,0.542857
4.974188,0.542857
5.039638,0.542857
5.105088,0.542857
5.170538,0.542857
5.235988,0.542857
5.301438,0.542857
5.366887,0.542857
5.432337,0.542857
5.497787,0.542857
5.563237,0.542857
5.628687,0.542857
5.694137,0.542857
5.759587,0.542857
5.825036,0.542857
5.890486,0.542857
5.955936,0.542857
6.021386,0.542857
6.086836,0.542857
6.152286,0.542857
6.217735,0.542857
0.000000,0.571429
0.065450,0.571429
0.130900,0.571429
0.196350,0.571429
0.261799,0.571429
0.327249,0.571429
0.392699,0.571429
0.458149,0.571429
0.523599,0.571429
0.589049,0.571429
0.654498,0.571429
0.719948,0.571429
0.785398,0.571429
0.850848,0.571429
0.916298,0.571429
0.981748,0.571429
1.047198,0.571429
1.112647,0.571429
1.178097,0.571429
1.243547,0.571429
1.308997,0.571429
1.374447,0.571429
1.439897,0.571429
1.505346,0.571429
1.570796,0.571429
1.636246,0.571429
1.701696,0.571429
1.767146,0.571429
1.832596,0.571429
1.898046,0.571429
1.963495,0.571429
2.028945,0.571429
2.094395,0.571429
2.159845,0.571429
2.225295,0.571429
2.290745,0.571429
2.356194,0.571429
2.421644,0.571429
2.487094,0.571429
2.552544,0.571429
2.617994,0.571429
2.683444,0.571429
2.748894,0.571429
2.814343,0.571429
2.879793,0.571429
2.945243,0.571429
3.010693,0.571429
3.076143,0.571429
3.141593,0.571429
3.207043,0.571429
3.272492,0.571429
3.337942,0.571429
3.403392,0.571429
3.468842,0.571429
3.534292,0.571429
3.599742,0.571429
3.665191,0.571429
3.730641,0.571429
3.796091,0.571429
3.861541,0.571429
3.926991,0.571429
3.992441,0.571429
4.057891,0.571429
4.123340,0.571429
4.188790,0.571429
4.254240,0.571429
4.319690,0.571429
4.385140,0.571429
4.450590,0.571429
4.516039,0.571429
4.581489,0.571429
4.646939,0.571429
4.712389,0.571429
4.777839,0.571429
4.843289,0.571429
4.908739,0.571429
4.974188,0.571429
5.039638,0.571429
5.105088,0.571429
5.170538,0.571429
5.235988,0.571429
5.301438,0.571429
5.366887,0.571429
5.432337,0.571429
5.497787,0.571429
5.563237,0.571429
5.628687,0.571429
5.694137,0.571429
5.759587,0.571429
5.825036,0.571429
5.890486,0.571429
5.955936,0.571429
6.021386,0.571429
6.086836,0.571429
6.152286,0.571429
6.217735,0.571429
0.000000,0.600000
0.065450,0.600000
0.130900,0.600000
0.196350,0.600000
0.261799,0.600000
0.327249,0.600000
0.392699,0.600000
0.458149,0.600000
0.523599,0.600000
0.589049,0.600000
0.654498,0.600000
0.719948,0.600000
0.785398,0.600000
0.850848,0.600000
0.916298,0.600000
0.981748,0.600000
1.047198,0.600000
1.112647,0.600000
1.178097,0.600000
1.243547,0.600000
1.308997,0.600000
1.374447,0.600000
1.439897,0.600000
1.505346,0.600000
1.570796,0.600000
1.636246,0.600000
1.701696,0.600000
1.767146,0.600000
1.832596,0.600000
1.898046,0.600000
1.963495,0.600000
2.028945,0.600000
2.094395,0.600000
2.159845,0.600000
2.225295,0.600000
2.290745,0.600000
2.356194,0.600000
2.421644,0.600000
2.487094,0.600000
2.552544,0.600000
2.617994,0.600000
2.683444,0.600000
2.748894,0.600000
2.814343,0.600000
2.879793,0.600000
2.945243,0.600000
3.010693,0.600000
3.076143,0.600000
3.141593,0.600000
3.207043,0.600000
3.272492,0.600000
3.337942,0.600000
3.403392,0.600000
3.468842,0.600000
3.534292,0.600000
3.599742,0.600000
3.665191,0.600000
3.730641,0.600000
3.796091,0.600000
3.861541,0.600000
3.926991,0.600000
3.992441,0.600000
4.057891,0.600000
4.123340,0.600000
4.188790,0.600000
4.254240,0.600000
4.319690,0.600000
4.385140,0.600000
4.450590,0.600000
4.516039,0.600000
4.581489,0.600000
4.646939,0.600000
4.712389,0.600000
4.777839,0.600000
4.843289,0.600000
4.908739,0.600000
4.974188,0.600000
5.039638,0.600000
5.105088,0.600000
5.170538,0.600000
5.235988,0.600000
5.301438,0.600000
5.366887,0.600000
5.432337,0.600000
5.497787,0.600000
5.563237,0.600000
5.628687,0.600000
5.694137,0.600000
5.759587,0.600000
5.825036,0.600000
5.890486,0.600000
5.955936,0.600000
6.021386,0.600000
6.086836,0.600000
6.152286,0.600000
6.217735,0.600000
0.000000,0.628571
0.065450,0.628571
0.130900,0.628571
0.196350,0.628571
0.261799,0.628571
0.327249,0.628571
0.392699,0.628571
0.458149,0.628571
0.523599,0.628571
0.589049,0.628571
0.654498,0.628571
0.719948,0.628571
0.785398,0.628571
0.850848,0.628571
0.916298,0.628571
0.981748,0.628571
1.047198,0.628571
1.112647,0.628571
1.178097,0.628571
1.243547,0.628571
1.308997,0.628571
1.374447,0.628571
1.439897,0.628571
1.505346,0.628571
1.570796,0.628571
1.636246,0.628571
1.701696,0.628571
1.767146,0.628571
1.832596,0.628571
1.898046,0.628571
1.963495,0.628571
2.028945,0.628571
2.094395,0.628571
2.159845,0.628571
2.225295,0.628571
2.290745,0.628571
2.356194,0.628571
2.421644,0.628571
2.487094,0.628571
2.552544,0.628571
2.617994,0.628571
2.683444,0.628571
2.748894,0.628571
2.814343,0.628571
2.879793,0.628571
2.945243,0.628571
3.010693,0.628571
3.076143,0.628571
3.141593,0.628571
3.207043,0.628571
3.272492,0.628571
3.337942,0.628571
3.403392,0.628571
3.468842,0.628571
3.534292,0.628571
3.599742,0.628571
3.665191,0.628571
3.730641,0.628571
3.796091,0.628571
3.861541,0.628571
3.926991,0.628571
3.992441,0.628571
4.057891,0.628571
4.123340,0.628571
4.188790,0.628571
4.254240,0.628571
4.319690,0.628571
4.385140,0.628571
4.450590,0.628571
4.516039,0.628571
4.581489,0.628571
4.646939,0.628571
4.712389,0.628571
4.777839,0.628571
4.843289,0.628571
4.908739,0.628571
4.974188,0.628571
5.039638,0.628571
5.105088,0.628571
5.170538,0.628571
5.235988,0.628571
5.301438,0.628571
5.366887,0.628571
5.432337,0.628571
5.497787,0.628571
5.563237,0.628571
5.628687,0.628571
5.694137,0.628571
5.759587,0.628571
5.825036,0.628571
5.890486,0.628571
5.955936,0.628571
6.021386,0.628571
6.086836,0.628571
6.152286,0.628571
6.217735,0.628571
0.000000,0.657143
0.065450,0.657143
0.130900,0.657143
0.196350,0.657143
0.261799,0.657143
0.327249,0.657143
0.392699,0.657143
0.458149,0.657143
0.523599,0.657143
0.589049,0.657143
0.654498,0.657143
0.719948,0.657143
0.785398,0.657143
0.850848,0.657143
0.916298,0.657143
0.981748,0.657143
1.047198,0.657143
1.112647,0.657143
1.178097,0.657143
1.243547,0.657143
1.308997,0.657143
1.374447,0.657143
1.439897,0.657143
1.505346,0.657143
1.570796,0.657143
1.636246,0.657143
1.701696,0.657143
1.767146,0.657143
1.832596,0.657143
1.898046,0.657143
1.963495,0.657143
2.028945,0.657143
2.094395,0.657143
2.159845,0.657143
2.225295,0.657143
2.290745,0.657143
2.356194,0.657143
2.421644,0.657143
2.487094,0.657143
2.552544,0.657143
2.617994,0.657143
2.683444,0.657143
2.748894,0.657143
2.814343,0.657143
2.879793,0.657143
2.945243,0.657143
3.010693,0.657143
3.076143,0.657143
3.141593,0.657143
3.207043,0.657143
3.272492,0.657143
3.337942,0.657143
3.403392,0.657143
3.468842,0.657143
3.534292,0.657143
3.599742,0.657143
3.665191,0.657143
3.730641,0.657143
3.796091,0.657143
3.861541,0.657143
3.926991,0.657143
3.992441,0.657143
4.057891,0.657143
4.123340,0.657143
4.188790,0.657143
4.254240,0.657143
4.319690,0.657143
4.385140,0.657143
4.450590,0.657143
4.516039,0.657143
4.581489,0.657143
4.646939,0.657143
4.712389,0.657143
4.777839,0.657143
4.843289,0.657143
4.908739,0.657143
4.974188,0.657143
5.039638,0.657143
5.105088,0.657143
5.170538,0.657143
5.235988,0.657143
5.301438,0.657143
5.366887,0.657143
5.432337,0.657143
5.497787,0.657143
5.563237,0.657143
5.628687,0.657143
5.694137,0.657143
5.759587,0.657143
5.825036,0.657143
5.890486,0.657143
5.955936,0.657143
6.021386,0.657143
6.086836,0.657143
6.152286,0.657143
6.217735,0.657143
0.000000,0.685714
0.065450,0.685714
0.130900,0.685714
0.196350,0.685714
0.261799,0.685714
0.327249,0.685714
0.392699,0.685714
0.458149,0.685714
0.523599,0.685714
0.589049,0.685714
0.654498,0.685714
0.719948,0.685714
0.785398,0.685714
0.850848,0.685714
0.916298,0.685714
0.981748,0.685714
1.047198,0.685714
1.112647,0.685714
1.178097,0.685714
1.243547,0.685714
1.308997,0.685714
1.374447,0.685714
1.439897,0.685714
1.505346,0.685714
1.570796,0.685714
1.636246,0.685714
1.701696,0.685714
1.767146,0.685714
1.832596,0.685714
1.898046,0.685714
1.963495,0.685714
2.028945,0.685714
2.094395,0.685714
2.159845,0.685714
2.225295,0.685714
2.290745,0.685714
2.356194,0.685714
2.421644,0.685714
2.487094,0.685714
2.552544,0.685714
2.617994,0.685714
2.683444,0.685714
2.748894,0.685714
2.814343,0.685714
2.879793,0.685714
2.945243,0.685714
3.010693,0.685714
3.076143,0.685714
3.141593,0.685714
3.207043,0.685714
3.272492,0.685714
3.337942,0.685714
3.403392,0.685714
3.468842,0.685714
3.534292,0.685714
3.599742,0.685714
3.665191,0.685714
3.730641,0.685714
3.796091,0.685714
3.861541,0.685714
3.926991,0.685714
3.992441,0.685714
4.057891,0.685714
4.123340,0.685714
4.188790,0.685714
4.254240,0.685714
4.319690,0.685714
4.385140,0.685714
4.450590,0.685714
4.516039,0.685714
4.581489,0.685714
4.646939,0.685714
4.712389,0.685714
4.777839,0.685714
4.843289,0.685714
4.908739,0.685714
4.974188,0.685714
5.039638,0.685714
5.105088,0.685714
5.170538,0.685714
5.235988,0.685714
5.301438,0.685714
5.366887,0.685714
5.432337,0.685714
5.497787,0.685714
5.563237,0.685714
5.628687,0.685714
5.694137,0.685714
5.759587,0.685714
5.825036,0.685714
5.890486,0.685714
5.955936,0.685714
6.021386,0.685714
6.086836,0.685714
6.152286,0.685714
6.217735,0.685714
0.000000,0.714286
0.065450,0.714286
0.130900,0.714286
0.196350,0.714286
0.261799,0.714286
0.327249,0.714286
0.392699,0.714286
0.458149,0.714286
0.523599,0.714286
0.589049,0.714286
0.654498,0.714286
0.719948,0.714286
0.785398,0.714286
0.850848,0.714286
0.916298,0.714286
0.981748,0.714286
1.047198,0.714286
1.112647,0.714286
1.178097,0.714286
1.243547,0.714286
1.308997,0.714286
1.374447,0.714286
1.439897,0.714286
1.505346,0.714286
1.570796,0.714286
1.636246,0.714286
1.701696,0.714286
1.767146,0.714286
1.832596,0.714286
1.898046,0.714286
1.963495,0.714286
2.028945,0.714286
2.094395,0.714286
2.159845,0.714286
2.225295,0.714286
2.290745,0.714286
2.356194,0.714286
2.421644,0.714286
2.487094,0.714286
2.552544,0.714286
2.617994,0.714286
2.683444,0.714286
2.748894,0.714286
2.814343,0.714286
2.879793,0.714286
2.945243,0.714286
3.010693,0.714286
3.076143,0.714286
3.141593,0.714286
3.207043,0.714286
3.272492,0.714286
3.337942,0.714286
3.403392,0.714286
3.468842,0.714286
3.534292,0.714286
3.599742,0.714286
3.665191,0.714286
3.730641,0.714286
3.796091,0.714286
3.861541,0.714286
3.926991,0.714286
3.992441,0.714286
4.057891,0.714286
4.123340,0.714286
4.188790,0.714286
4.254240,0.714286
4.319690,0.714286
4.385140,0.714286
4.450590,0.714286
4.516039,0.714286
4.581489,0.714286
4.646939,0.714286
4.712389,0.714286
4.777839,0.714286
4.843289,0.714286
4.908739,0.714286
4.974188,0.714286
5.039638,0.714286
5.105088,0.714286
5.170538,0.714286
5.235988,0.714286
5.301438,0.714286
5.366887,0.714286
5.432337,0.714286
5.497787,0.714286
5.563237,0.714286
5.628687,0.714286
5.694137,0.714286
5.759587,0.714286
5.825036,0.714286
5.890486,0.714286
5.955936,0.714286
6.021386,0.714286
6.086836,0.714286
6.152286,0.714286
6.217735,0.714286
0.000000,0.742857
0.065450,0.742857
0.130900,0.742857
0.196350,0.742857
0.261799,0.742857
0.327249,0.742857
0.392699,0.742857
0.458149,0.742857
0.523599,0.742857
0.589049,0.742857
0.654498,0.742857
0.719948,0.742857
0.785398,0.742857
0.850848,0.742857
0.916298,0.742857
0.981748,0.742857
1.047198,0.742857
1.112647,0.742857
1.178097,0.742857
1.243547,0.742857
1.308997,0.742857
1.374447,0.742857
1.439897,0.742857
1.505346,0.742857
1.570796,0.742857
1.636246,0.742857
1.701696,0.742857
1.767146,0.742857
1.832596,0.742857
1.898046,0.742857
1.963495,0.742857
2.028945,0.742857
2.094395,0.742857
2.159845,0.742857
2.225295,0.742857
2.290745,0.742857
2.356194,0.742857
2.421644,0.742857
2.487094,0.742857
2.552544,0.742857
2.617994,0.742857
2.683444,0.742857
2.748894,0.742857
2.814343,0.742857
2.879793,0.742857
2.945243,0.742857
3.010693,0.742857
3.076143,0.742857
3.141593,0.742857
3.207043,0.742857
3.272492,0.742857
3.337942,0.742857
3.403392,0.742857
3.468842,0.742857
3.534292,0.742857
3.599742,0.742857
3.665191,0.742857
3.730641,0.742857
3.796091,0.742857
3.861541,0.742857
3.926991,0.742857
3.992441,0.742857
4.057891,0.742857
4.123340,0.742857
4.188790,0.742857
4.254240,0.742857
4.319690,0.742857
4.385140,0.742857
4.450590,0.742857
4.516039,0.742857
4.581489,0.742857
4.646939,0.742857
4.712389,0.742857
4.777839,0.742857
4.843289,0.742857
4.908739,0.742857
4.974188,0.742857
5.039638,0.742857
5.105088,0.742857
5.170538,0.742857
5.235988,0.742857
5.301438,0.742857
5.366887,0.742857
5.432337,0.742857
5.497787,0.742857
5.563237,0.742857
5.628687,0.742857
5.694137,0.742857
5.759587,0.742857
5.825036,0.742857
5.890486,0.742857
5.955936,0.742857
6.021386,0.742857
6.086836,0.742857
6.152286,0.742857
6.217735,0.742857
0.000000,0.771429
0.065450,0.771429
0.130900,0.771429
0.196350,0.771429
0.261799,0.771429
0.327249,0.771429
0.392699,0.771429
0.458149,0.771429
0.523599,0.771429
0.589049,0.771429
0.654498,0.771429
0.719948,0.771429
0.785398,0.771429
0.850848,0.771429
0.916298,0.771429
0.981748,0.771429
1.047198,0.771429
1.112647,0.771429
1.178097,0.771429
1.243547,0.771429
1.308997,0.771429
1.374447,0.771429
1.439897,0.771429
1.505346,0.771429
1.570796,0.771429
1.636246,0.771429
1.701696,0.771429
1.767146,0.771429
1.832596,0.771429
1.898046,0.771429
1.963495,0.771429
2.028945,0.771429
2.094395,0.771429
2.159845,0.771429
2.225295,0.771429
2.290745,0.771429
2.356194,0.771429
2.421644,0.771429
2.487094,0.771429
2.552544,0.771429
2.617994,0.771429
2.683444,0.771429
2.748894,0.771429
2.814343,0.771429
2.879793,0.771429
2.945243,0.771429
3.010693,0.771429
3.076143,0.771429
3.141593,0.771429
3.207043,0.771429
3.272492,0.771429
3.337942,0.771429
3.403392,0.771429
3.468842,0.771429
3.534292,0.771429
3.599742,0.771429
3.665191,0.771429
3.730641,0.771429
3.796091,0.771429
3.861541,0.771429
3.926991,0.771429
3.992441,0.771429
4.057891,0.771429
4.123340,0.771429
4.188790,0.771429
4.254240,0.771429
4.319690,0.771429
4.385140,0.771429
4.450590,0.771429
4.516039,0.771429
4.581489,0.771429
4.646939,0.771429
4.712389,0.771429
4.777839,0.771429
4.843289,0.771429
4.908739,0.771429
4.974188,0.771429
5.039638,0.771429
5.105088,0.771429
5.170538,0.771429
5.235988,0.771429
5.301438,0.771429
5.366887,0.771429
5.432337,0.771429
5.497787,0.771429
5.563237,0.771429
5.628687,0.771429
5.694137,0.771429
5.759587,0.771429
5.825036,0.771429
5.890486,0.771429
5.955936,0.771429
6.021386,0.771429
6.086836,0.771429
6.152286,0.771429
6.217735,0.771429
0.000000,0.800000
0.065450,0.800000
0.130900,0.800000
0.196350,0.800000
0.261799,0.800000
0.327249,0.800000
0.392699,0.800000
0.458149,0.800000
0.523599,0.800000
0.589049,0.800000
0.654498,0.800000
0.719948,0.800000
0.785398,0.800000
0.850848,0.800000
0.916298,0.800000
0.981748,0.800000
1.047198,0.800000
1.112647,0.800000
1.178097,0.800000
1.243547,0.800000
1.308997,0.800000
1.374447,0.800000
1.439897,0.800000
1.505346,0.800000
1.570796,0.800000
1.636246,0.800000
1.701696,0.800000
1.767146,0.800000
1.832596,0.800000
1.898046,0.800000
1.963495,0.800000
2.028945,0.800000
2.094395,0.800000
2.159845,0.800000
2.225295,0.800000
2.290745,0.800000
2.356194,0.800000
2.421644,0.800000
2.487094,0.800000
2.552544,0.800000
2.617994,0.800000
2.683444,0.800000
2.748894,0.800000
2.814343,0.800000
2.879793,0.800000
2.945243,0.800000
3.010693,0.800000
3.076143,0.800000
3.141593,0.800000
3.207043,0.800000
3.272492,0.800000
3.337942,0.800000
3.403392,0.800000
3.468842,0.800000
3.534292,0.800000
3.599742,0.800000
3.665191,0.800000
3.730641,0.800000
3.796091,0.800000
3.861541,0.800000
3.926991,0.800000
3.992441,0.800000
4.057891,0.800000
4.123340,0.800000
4.188790,0.800000
4.254240,0.800000
4.319690,0.800000
4.385140,0.800000
4.450590,0.800000
4.516039,0.800000
4.581489,0.800000
4.646939,0.800000
4.712389,0.800000
4.777839,0.800000
4.843289,0.800000
4.908739,0.800000
4.974188,0.800000
5.039638,0.800000
5.105088,0.800000
5.170538,0.800000
5.235988,0.800000
5.301438,0.800000
5.366887,0.800000
5.432337,0.800000
5.497787,0.800000
5.563237,0.800000
5.628687,0.800000
5.694137,0.800000
5.759587,0.800000
5.825036,0.800000
5.890486,0.800000
5.955936,0.800000
6.021386,0.800000
6.086836,0.800000
6.152286,0.800000
6.217735,0.800000
0.000000,0.828571
0.065450,0.828571
0.130900,0.828571
0.196350,0.828571
0.261799,0.828571
0.327249,0.828571
0.392699,0.828571
0.458149,0.828571
0.523599,0.828571
0.589049,0.828571
0.654498,0.828571
0.719948,0.828571
0.785398,0.828571
0.850848,0.828571
0.916298,0.828571
0.981748,0.828571
1.047198,0.828571
1.112647,0.828571
1.178097,0.828571
1.243547,0.828571
1.308997,0.828571
1.374447,0.828571
1.439897,0.828571
1.505346,0.828571
1.570796,0.828571
1.636246,0.828571
1.701696,0.828571
1.767146,0.828571
1.832596,0.828571
1.898046,0.828571
1.963495,0.828571
2.028945,0.828571
2.094395,0.828571
2.159845,0.828571
2.225295,0.828571
2.290745,0.828571
2.356194,0.828571
2.421644,0.828571
2.487094,0.828571
2.552544,0.828571
2.617994,0.828571
2.683444,0.828571
2.748894,0.828571
2.814343,0.828571
2.879793,0.828571
2.945243,0.828571
3.010693,0.828571
3.076143,0.828571
3.141593,0.828571
3.207043,0.828571
3.272492,0.828571
3.337942,0.828571
3.403392,0.828571
3.468842,0.828571
3.534292,0.828571
3.599742,0.828571
3.665191,0.828571
3.730641,0.828571
3.796091,0.828571
3.861541,0.828571
3.926991,0.828571
3.992441,0.828571
4.057891,0.828571
4.123340,0.828571
4.188790,0.828571
4.254240,0.828571
4.319690,0.828571
4.385140,0.828571
4.450590,0.828571
4.516039,0.828571
4.581489,0.828571
4.646939,0.828571
4.712389,0.828571
4.777839,0.828571
4.843289,0.828571
4.908739,0.828571
4.974188,0.828571
5.039638,0.828571
5.105088,0.828571
5.170538,0.828571
5.235988,0.828571
5.301438,0.828571
5.366887,0.828571
5.432337,0.828571
5.497787,0.828571
5.563237,0.828571
5.628687,0.828571
5.694137,0.828571
5.759587,0.828571
5.825036,0.828571
5.890486,0.828571
5.955936,0.828571
6.021386,0.828571
6.086836,0.828571
6.152286,0.828571
6.217735,0.828571
0.000000,0.857143
0.065450,0.857143
0.130900,0.857143
0.196350,0.857143
0.261799,0.857143
0.327249,0.857143
0.392699,0.857143
0.458149,0.857143
0.523599,0.857143
0.589049,0.857143
0.654498,0.857143
0.719948,0.857143
0.785398,0.857143
0.850848,0.857143
0.916298,0.857143
0.981748,0.857143
1.047198,0.857143
1.112647,0.857143
1.178097,0.857143
1.243547,0.857143
1.308997,0.857143
1.374447,0.857143
1.439897,0.857143
1.505346,0.857143
1.570796,0.857143
1.636246,0.857143
1.701696,0.857143
1.767146,0.857143
1.832596,0.857143
1.898046,0.857143
1.963495,0.857143
2.028945,0.857143
2.094395,0.857143
2.159845,0.857143
2.225295,0.857143
2.290745,0.857143
2.356194,0.857143
2.421644,0.857143
2.487094,0.857143
2.552544,0.857143
2.617994,0.857143
2.683444,0.857143
2.748894,0.857143
2.814343,0.857143
2.879793,0.857143
2.945243,0.857143
3.010693,0.857143
3.076143,0.857143
3.141593,0.857143
3.207043,0.857143
3.272492,0.857143
3.337942,0.857143
3.403392,0.857143
3.468842,0.857143
3.534292,0.857143
3.599742,0.857143
3.665191,0.857143
3.730641,0.857143
3.796091,0.857143
3.861541,0.857143
3.926991,0.857143
3.992441,0.857143
4.057891,0.857143
4.123340,0.857143
4.188790,0.857143
4.254240,0.857143
4.319690,0.857143
4.385140,0.857143
4.450590,0.857143
4.516039,0.857143
4.581489,0.857143
4.646939,0.857143
4.712389,0.857143
4.777839,0.857143
4.843289,0.857143
4.908739,0.857143
4.974188,0.857143
5.039638,0.857143
5.105088,0.857143
5.170538,0.857143
5.235988,0.857143
5.301438,0.857143
5.366887,0.857143
5.432337,0.857143
5.497787,0.857143
5.563237,0.857143
5.628687,0.857143
5.694137,0.857143
5.759587,0.857143
5.825036,0.857143
5.890486,0.857143
5.955936,0.857143
6.021386,0.857143
6.086836,0.857143
6.152286,0.857143
6.217735,0.857143
0.000000,0.885714
0.065450,0.885714
0.130900,0.885714
0.196350,0.885714
0.261799,0.885714
0.327249,0.885714
0.392699,0.885714
0.458149,0.885714
0.523599,0.885714
0.589049,0.885714
0.654498,0.885714
0.719948,0.885714
0.785398,0.885714
0.850848,0.885714
0.916298,0.885714
0.981748,0.885714
1.047198,0.885714
1.112647,0.885714
1.178097,0.885714
1.243547,0.885714
1.308997,0.885714
1.374447,0.885714
1.439897,0.885714
1.505346,0.885714
1.570796,0.885714
1.636246,0.885714
1.701696,0.885714
1.767146,0.885714
1.832596,0.885714
1.898046,0.885714
1.963495,0.885714
2.028945,0.885714
2.094395,0.885714
2.159845,0.885714
2.225295,0.885714
2.290745,0.885714
2.356194,0.885714
2.421644,0.885714
2.487094,0.885714
2.552544,0.885714
2.617994,0.885714
2.683444,0.885714
2.748894,0.885714
2.814343,0.885714
2.879793,0.885714
2.945243,0.885714
3.010693,0.885714
3.076143,0.885714
3.141593,0.885714
3.207043,0.885714
3.272492,0.885714
3.337942,0.885714
3.403392,0.885714
3.468842,0.885714
3.534292,0.885714
3.599742,0.885714
3.665191,0.885714
3.730641,0.885714
3.796091,0.885714
3.861541,0.885714
3.926991,0.885714
3.992441,0.885714
4.057891,0.885714
4.123340,0.885714
4.188790,0.885714
4.254240,0.885714
4.319690,0.885714
4.385140,0.885714
4.450590,0.885714
4.516039,0.885714
4.581489,0.885714
4.646939,0.885714
4.712389,0.885714
4.777839,0.885714
4.843289,0.885714
4.908739,0.885714
4.974188,0.885714
5.039638,0.885714
5.105088,0.885714
5.170538,0.885714
5.235988,0.885714
5.301438,0.885714
5.366887,0.885714
5.432337,0.885714
5.497787,0.885714
5.563237,0.885714
5.628687,0.885714
5.694137,0.885714
5.759587,0.885714
5.825036,0.885714
5.890486,0.885714
5.955936,0.885714
6.021386,0.885714
6.086836,0.885714
6.152286,0.885714
6.217735,0.885714
0.000000,0.914286
0.065450,0.914286
0.130900,0.914286
0.196350,0.914286
0.261799,0.914286
0.327249,0.914286
0.392699,0.914286
0.458149,0.914286
0.523599,0.914286
0.589049,0.914286
0.654498,0.914286
0.719948,0.914286
0.785398,0.914286
0.850848,0.914286
0.916298,0.914286
0.981748,0.914286
1.047198,0.914286
1.112647,0.914286
1.178097,0.914286
1.243547,0.914286
1.308997,0.914286
1.374447,0.914286
1.439897,0.914286
1.505346,0.914286
1.570796,0.914286
1.636246,0.914286
1.701696,0.914286
1.767146,0.914286
1.832596,0.914286
1.898046,0.914286
1.963495,0.914286
2.028945,0.914286
2.094395,0.914286
2.159845,0.914286
2.225295,0.914286
2.290745,0.914286
2.356194,0.914286
2.421644,0.914286
2.487094,0.914286
2.552544,0.914286
2.617994,0.914286
2.683444,0.914286
2.748894,0.914286
2.814343,0.914286
2.879793,0.914286
2.945243,0.914286
3.010693,0.914286
3.076143,0.914286
3.141593,0.914286
3.207043,0.914286
3.272492,0.914286
3.337942,0.914286
3.403392,0.914286
3.468842,0.914286
3.534292,0.914286
3.599742,0.914286
3.665191,0.914286
3.730641,0.914286
3.796091,0.914286
3.861541,0.914286
3.926991,0.914286
3.992441,0.914286
4.057891,0.914286
4.123340,0.914286
4.188790,0.914286
4.254240,0.914286
4.319690,0.914286
4.385140,0.914286
4.450590,0.914286
4.516039,0.914286
4.581489,0.914286
4.646939,0.914286
4.712389,0.914286
4.777839,0.914286
4.843289,0.914286
4.908739,0.914286
4.974188,0.914286
5.039638,0.914286
5.105088,0.914286
5.170538,0.914286
5.235988,0.914286
5.301438,0.914286
5.366887,0.914286
5.432337,0.914286
5.497787,0.914286
5.563237,0.914286
5.628687,0.914286
5.694137,0.914286
5.759587,0.914286
5.825036,0.914286
5.890486,0.914286
5.955936,0.914286
6.021386,0.914286
6.086836,0.914286
6.152286,0.914286
6.217735,0.914286
0.000000,0.942857
0.065450,0.942857
0.130900,0.942857
0.196350,0.942857
0.261799,0.942857
0.327249,0.942857
0.392699,0.942857
0.458149,0.942857
0.523599,0.942857
0.589049,0.942857
0.654498,0.942857
0.719948,0.942857
0.785398,0.942857
0.850848,0.942857
0.916298,0.942857
0.981748,0.942857
1.047198,0.942857
1.112647,0.942857
1.178097,0.942857
1.243547,0.942857
1.308997,0.942857
1.374447,0.942857
1.439897,0.942857
1.505346,0.942857
1.570796,0.942857
1.636246,0.942857
1.701696,0.942857
1.767146,0.942857
1.832596,0.942857
1.898046,0.942857
1.963495,0.942857
2.028945,0.942857
2.094395,0.942857
2.159845,0.942857
2.225295,0.942857
2.290745,0.942857
2.356194,0.942857
2.421644,0.942857
2.487094,0.942857
2.552544,0.942857
2.617994,0.942857
2.683444,0.942857
2.748894,0.942857
2.814343,0.942857
2.879793,0.942857
2.945243,0.942857
3.010693,0.942857
3.076143,0.942857
3.141593,0.942857
3.207043,0.942857
3.272492,0.942857
3.337942,0.942857
3.403392,0.942857
3.468842,0.942857
3.534292,0.942857
3.599742,0.942857
3.665191,0.942857
3.730641,0.942857
3.796091,0.942857
3.861541,0.942857
3.926991,0.942857
3.992441,0.942857
4.057891,0.942857
4.123340,0.942857
4.188790,0.942857
4.254240,0.942857
4.319690,0.942857
4.385140,0.942857
4.450590,0.942857
4.516039,0.942857
4.581489,0.942857
4.646939,0.942857
4.712389,0.942857
4.777839,0.942857
4.843289,0.942857
4.908739,0.942857
4.974188,0.942857
5.039638,0.942857
5.105088,0.942857
5.170538,0.942857
5.235988,0.942857
5.301438,0.942857
5.366887,0.942857
5.432337,0.942857
5.497787,0.942857
5.563237,0.942857
5.628687,0.942857
5.694137,0.942857
5.759587,0.942857
5.825036,0.942857
5.890486,0.942857
5.955936,0.942857
6.021386,0.942857
6.086836,0.942857
6.152286,0.942857
6.217735,0.942857
0.000000,0.971429
0.065450,0.971429
0.130900,0.971429
0.196350,0.971429
0.261799,0.971429
0.327249,0.971429
0.392699,0.971429
0.458149,0.971429
0.523599,0.971429
0.589049,0.971429
0.654498,0.971429
0.719948,0.971429
0.785398,0.971429
0.850848,0.971429
0.916298,0.971429
0.981748,0.971429
1.047198,0.971429
1.112647,0.971429
1.178097,0.971429
1.243547,0.971429
1.308997,0.971429
1.374447,0.971429
1.439897,0.971429
1.505346,0.971429
1.570796,0.971429
1.636246,0.971429
1.701696,0.971429
1.767146,0.971429
1.832596,0.971429
1.898046,0.971429
1.963495,0.971429
2.028945,0.971429
2.094395,0.971429
2.159845,0.971429
2.225295,0.971429
2.290745,0.971429
2.356194,0.971429
2.421644,0.971429
2.487094,0.971429
2.552544,0.971429
2.617994,0.971429
2.683444,0.971429
2.748894,0.971429
2.814343,0.971429
2.879793,0.971429
2.945243,0.971429
3.010693,0.971429
3.076143,0.971429
3.141593,0.971429
3.207043,0.971429
3.272492,0.971429
3.337942,0.971429
3.403392,0.971429
3.468842,0.971429
3.534292,0.971429
3.599742,0.971429
3.665191,0.971429
3.730641,0.971429
3.796091,0.971429
3.861541,0.971429
3.926991,0.971429
3.992441,0.971429
4.057891,0.971429
4.123340,0.971429
4.188790,0.971429
4.254240,0.971429
4.319690,0.971429
4.385140,0.971429
4.450590,0.971429
4.516039,0.971429
4.581489,0.971429
4.646939,0.971429
4.712389,0.971429
4.777839,0.971429
4.843289,0.971429
4.908739,0.971429
4.974188,0.971429
5.039638,0.971429
5.105088,0.971429
5.170538,0.971429
5.235988,0.971429
5.301438,0.971429
5.366887,0.971429
5.432337,0.971429
5.497787,0.971429
5.563237,0.971429
5.628687,0.971429
5.694137,0.971429
5.759587,0.971429
5.825036,0.971429
5.890486,0.971429
5.955936,0.971429
6.021386,0.971429
6.086836,0.971429
6.152286,0.971429
6.217735,0.971429
0.000000,1.000000
0.065450,1.000000
0.130900,1.000000
0.196350,1.000000
0.261799,1.000000
0.327249,1.000000
0.392699,1.000000
0.458149,1.000000
0.523599,1.000000
0.589049,1.000000
0.654498,1.000000
0.719948,1.000000
0.785398,1.000000
0.850848,1.000000
0.916298,1.000000
0.981748,1.000000
1.047198,1.000000
1.112647,1.000000
1.178097,1.000000
1.243547,1.000000
1.308997,1.000000
1.374447,1.000000
1.439897,1.000000
1.505346,1.000000
1.570796,1.000000
1.636246,1.000000
1.701696,1.000000
1.767146,1.000000
1.832596,1.000000
1.898046,1.000000
1.963495,1.000000
2.028945,1.000000
2.094395,1.000000
2.159845,1.000000
2.225295,1.000000
2.290745,1.000000
2.356194,1.000000
2.421644,1.000000
2.487094,1.000000
2.552544,1.000000
2.617994,1.000000
2.683444,1.000000
2.748894,1.000000
2.814343,1.000000
2.879793,1.000000
2.945243,1.000000
3.010693,1.000000
3.076143,1.000000
3.141593,1.000000
3.207043,1.000000
3.272492,1.000000
3.337942,1.000000
3.403392,1.000000
3.468842,1.000000
3.534292,1.000000
3.599742,1.000000
3.665191,1.000000
3.730641,1.000000
3.796091,1.000000
3.861541,1.000000
3.926991,1.000000
3.992441,1.000000
4.057891,1.000000
4.123340,1.000000
4.188790,1.000000
4.254240,1.000000
4.319690,1.000000
4.385140,1.000000
4.450590,1.000000
4.516039,1.000000
4.581489,1.000000
4.646939,1.000000
4.712389,1.000000
4.777839,1.000000
4.843289,1.000000
4.908739,1.000000
4.974188,1.000000
5.039638,1.000000
5.105088,1.000000
5.170538,1.000000
5.235988,1.000000
5.301438,1.000000
5.366887,1.000000
5.432337,1.000000
5.497787,1.000000
5.563237,1.000000
5.628687,1.000000
5.694137,1.000000
5.759587,1.000000
5.825036,1.000000
5.890486,1.000000
5.955936,1.000000
6.021386,1.000000
6.086836,1.000000
6.152286,1.000000
6.217735,1.000000
