t,x,y,z
2.528347,-0.787537,0.051642,-0.215893
4.250290,0.058799,0.956819,0.305768
5.342790,1.315514,0.432358,0.429102
2.291218,-1.154983,-0.155505,0.385842
0.668444,0.167353,-0.953212,-0.027978
0.813381,0.045707,-1.180439,-0.047053
2.974000,-0.927699,0.528491,-0.742239
3.705534,-0.315730,0.914365,-0.490883
1.839767,-0.911073,-0.539141,0.297767
3.147339,-0.935500,0.732070,-0.364718
3.357091,-0.538238,0.683840,-0.596826
1.398427,-0.766912,-1.140266,0.288179
5.446283,1.037113,0.198083,-0.088921
0.286408,0.502406,-0.664183,-0.510498
2.995903,-0.562092,0.324959,-0.432363
1.724319,-0.775757,-0.542983,0.410058
1.542643,-0.853155,-0.901739,0.406274
3.365301,-0.615469,0.724890,-0.280132
5.684915,0.995434,-0.057936,-0.035824
5.562805,0.847516,0.074613,0.301671
4.081584,-0.034356,0.974736,-0.059669
2.804889,-0.920929,0.311569,-0.264899
0.369449,0.384212,-0.654711,-0.323006
2.754089,-1.188262,0.347892,-0.612592
5.082072,1.032613,0.732063,0.518983
6.219311,0.692277,-0.489478,-0.148105
2.380029,-0.826487,-0.058788,-0.149671
4.440755,0.212304,0.879390,0.369893
4.909887,0.370463,0.525122,0.719864
0.898220,-0.112383,-0.962115,0.232983
3.214463,-0.759760,0.719551,-0.643455
3.889815,-0.209814,0.854404,-0.023578
5.366608,1.103711,0.364641,0.733990
4.983863,0.610017,0.573383,0.379407
3.984279,-0.140730,0.796350,0.063813
1.112747,-0.352985,-1.013804,0.292914
1.583057,-0.903931,-0.819872,0.676603
3.865951,-0.250478,1.023052,-0.088849
2.549163,-1.075186,0.088149,-0.250755
3.983597,-0.141823,1.152052,-0.059984
5.074684,0.879800,0.644098,0.449194
0.629574,0.181328,-1.055677,0.285259
3.825999,-0.168306,0.612063,-0.254643
0.349775,0.526044,-1.002962,0.238432
2.787980,-1.004066,0.331970,-0.565063
5.520567,0.920457,0.120546,0.258392
5.773127,0.974170,-0.148876,0.134930
0.137644,0.772922,-0.698253,-0.917097
2.308621,-1.118571,-0.140194,0.237511
0.443332,0.390022,-0.764464,-0.406169
5.707403,0.976718,-0.079755,-0.014339
5.684703,1.155502,-0.070885,-0.204039
1.173733,-0.366521,-0.922924,0.141926
5.834044,0.846165,-0.186308,0.048591
5.136302,0.924522,0.614116,0.698816
3.595915,-0.296457,0.628621,-0.475692
0.374150,0.522676,-0.818232,-0.582774
5.585806,0.974098,0.048033,0.046835
2.463437,-0.923831,0.004552,-0.137990
5.117459,0.880376,0.579932,0.401405
0.865489,-0.041341,-1.035701,0.045205
2.313725,-0.818497,-0.100138,0.011092
0.781441,0.027606,-0.881093,0.055242
3.513730,-0.523616,0.839722,-0.283514
3.380738,-0.414388,0.560535,-0.586605
1.578708,-0.953788,-1.032217,0.120702
5.844989,0.746347,-0.171649,-0.079152
3.944048,-0.166539,1.157998,-0.178487
0.573352,0.283305,-0.880851,-0.250156
4.606289,0.258506,0.716940,0.534919
0.210962,0.739339,-0.918829,-0.148726
5.535470,0.804839,0.096113,0.260245
0.967962,-0.168310,-0.815289,0.206965
5.548184,0.958272,0.091972,0.194677
5.288333,0.927742,0.383520,0.358723
4.784404,0.598612,0.890634,0.622673
2.712144,-0.592770,0.148757,-0.470299
3.039347,-0.751360,0.489837,-0.587260
5.392307,1.148466,0.308099,0.273510
2.338559,-1.378701,-0.135938,0.412399
0.884584,-0.058923,-1.018316,0.027631
1.638106,-0.831298,-0.757685,0.210879
0.858413,-0.041133,-0.661271,-0.014835
2.853378,-1.031452,0.408007,-0.365112
4.518662,0.422198,1.035510,0.138007
5.113129,0.996270,0.636599,0.309394
1.421177,-0.763994,-1.023127,0.432352
0.848897,0.055536,-1.082863,-0.363533
5.786155,0.827169,-0.135494,-0.280130
5.071646,0.710832,0.573824,0.638254
4.627174,0.258439,0.609006,0.285633
1.050351,-0.256540,-0.983221,0.168359
3.670150,-0.450810,1.004638,-0.145881
1.341106,-0.598296,-0.944717,0.332890
4.175267,0.047677,0.845434,-0.094055
3.063958,-0.825951,0.553011,-0.456974
2.214737,-0.859738,-0.174490,0.168088
3.439974,-0.472069,0.719775,-0.604019
5.737656,1.075230,-0.123692,-0.141051
3.992374,-0.140274,1.198960,-0.028161
3.909841,-0.281374,0.910064,0.416058
3.169962,-0.684308,0.597603,-0.654705
0.748369,0.036328,-0.849509,0.147468
0.542889,0.356252,-0.927553,-0.383225
5.643876,0.981025,-0.009502,0.204421
4.024356,-0.085169,1.252557,-0.123625
1.510934,-0.781587,-0.837894,0.497803
3.900386,-0.150043,0.853442,-0.297246
3.114924,-0.806265,0.599236,-0.441360
1.661639,-0.896754,-0.718181,0.533552
1.992545,-1.070461,-0.482248,0.094207
2.906343,-0.864599,0.387196,-0.230405
2.521473,-0.975452,0.055171,-0.233680
2.080726,-1.004027,-0.349277,0.117216
3.171545,-0.647214,0.543536,-0.456733
4.040868,-0.087144,0.872980,0.014017
5.235351,0.885871,0.453449,0.586069
2.899589,-0.848694,0.401535,-0.714341
3.308372,-0.799461,0.879570,-0.468621
0.352586,0.418623,-0.676690,-0.352775
3.062458,-0.710709,0.477247,-0.472299
0.688551,0.118788,-0.764989,-0.109103
4.043952,-0.099745,1.179710,0.087249
0.476594,0.310767,-0.764184,-0.138113
1.288351,-0.570542,-1.048326,0.292385
3.848426,-0.249515,1.142921,-0.331396
4.085002,-0.026029,1.170266,-0.047949
1.528364,-0.737377,-0.695638,0.674530
2.232972,-1.331186,-0.285038,0.010505
0.833528,-0.021861,-0.828267,0.041401
5.999862,1.031969,-0.427857,0.065521
0.747717,0.167834,-1.241005,-0.216317
2.712894,-0.582811,0.140796,-0.157636
5.642707,0.713129,-0.005303,-0.008591
4.859827,0.636466,0.785608,0.525965
0.213716,0.697576,-0.804226,-0.504240
1.688828,-0.821742,-0.739994,-0.108236
0.041624,0.690766,-0.569941,-0.453507
6.080676,0.694215,-0.365084,0.016167
2.063431,-1.273270,-0.461128,0.320337
0.221060,0.466645,-0.581219,-0.289329
0.220123,0.528143,-0.656697,-0.276225
0.933506,-0.097969,-1.035183,-0.040954
3.710545,-0.435251,0.949821,0.135548
1.180103,-0.386029,-0.982850,0.120594
2.856060,-0.929402,0.371659,-0.382747
0.923891,-0.143825,-1.061292,0.254438
3.475176,-0.491625,0.776786,-0.491208
2.900348,-0.980317,0.451363,-0.546783
0.381688,0.653246,-1.122021,-0.352861
1.843628,-0.999440,-0.607737,0.237872
1.838798,-0.960216,-0.632399,-0.049697
0.170986,0.648210,-0.757478,-0.093428
0.416720,0.569220,-1.101985,-0.233898
1.121251,-0.329145,-1.045576,0.085113
3.336111,-0.579445,0.705576,-0.612688
0.141792,0.700978,-0.698935,-0.505872
0.100671,0.686586,-0.653346,-0.353191
2.864022,-1.018990,0.427283,-0.602063
4.796542,0.441185,0.670103,0.472754
5.247078,0.961752,0.463082,0.536401
5.094605,0.973825,0.721255,0.840189
5.610478,1.289416,0.022340,-0.002479
3.917352,-0.171567,1.130220,-0.301780
2.815145,-0.891725,0.325242,-0.610802
4.252406,0.116139,0.956094,0.019529
1.925774,-1.276954,-0.692342,0.086825
2.527314,-1.364583,0.083635,-0.085044
2.999420,-0.748570,0.414803,-0.199503
1.938393,-1.257198,-0.646582,0.190933
2.239449,-0.952332,-0.180204,0.118850
1.021094,-0.179766,-0.841494,0.012130
6.065102,0.882198,-0.432445,-0.095607
5.884145,0.806080,-0.214408,-0.338348
3.085495,-0.799466,0.540582,-0.263738
2.243500,-0.983168,-0.188782,0.045475
5.133417,0.804948,0.523565,0.429043
0.373071,0.264623,-0.561158,0.025565
3.211450,-0.708809,0.689575,-0.782622
0.347735,0.600373,-0.997095,-0.198997
4.064960,-0.061241,1.091703,0.006960
0.482296,0.451940,-0.964377,-0.448157
2.684450,-0.592351,0.123967,0.069045
5.370746,0.899113,0.287072,0.432400
5.971806,0.986828,-0.372670,-0.008114
0.475840,0.403439,-0.975214,-0.100394
0.454274,0.527829,-1.099521,-0.308796
2.669641,-1.047880,0.208161,-0.185395
3.859636,-0.260431,1.236013,-0.297415
0.894145,-0.042838,-1.010860,-0.112205
1.269597,-0.472604,-0.983475,0.043863
5.213295,0.890181,0.482091,0.581318
3.159000,-0.840552,0.697876,-0.560465
5.265332,1.086474,0.521391,0.932439
2.139933,-1.396246,-0.410466,0.251312
2.436093,-1.026471,-0.023887,-0.175324
5.400152,1.109110,0.276628,0.082138
0.188416,0.718825,-0.879267,-0.014716
3.733109,-0.327059,0.968237,-0.368946
0.887671,-0.036911,-1.229086,-0.084690
5.040857,0.816116,0.669477,0.569939
3.144511,-0.708473,0.546225,-0.322774
0.194320,0.604262,-0.710519,-0.272139
4.240906,0.148465,1.302853,0.148336
3.051046,-0.849894,0.529413,-0.205146
6.124541,0.941639,-0.505820,-0.468794
5.450177,0.922900,0.193273,0.232709
3.952577,-0.179077,1.179519,-0.068235
4.089599,-0.053099,0.838950,0.051041
0.451275,0.375990,-0.839871,-0.156002
0.518104,0.402152,-1.014494,-0.284956
6.275858,0.812788,-0.615050,-0.397168
0.322826,0.599030,-0.960837,-0.123197
3.508597,-0.436687,0.693701,-0.306407
0.277995,0.525206,-0.708923,-0.399056
1.524051,-0.725095,-0.796737,0.284781
1.074331,-0.317037,-1.060840,0.282820
0.926553,-0.090702,-0.742392,-0.009540
5.519321,1.013666,0.122057,0.061593
5.385054,1.053826,0.287672,0.154147
1.106059,-0.332771,-0.949477,0.294754
1.402804,-0.665618,-0.943691,0.289961
4.007234,-0.078601,1.165119,-0.254460
0.038155,0.674173,-0.560157,-0.391946
5.224298,0.891552,0.447214,0.368864
3.203576,-0.631697,0.584839,-0.593563
4.752359,0.553639,0.873013,0.526844
3.974721,-0.171003,1.121676,0.053701
5.242043,1.008442,0.496577,0.627887
2.548944,-1.106628,0.094245,0.086718
0.259787,0.491630,-0.604812,-0.552462
0.589342,0.157783,-0.681705,-0.011271
3.941999,-0.213739,1.215131,0.029607
6.107440,0.857607,-0.447388,-0.386273
1.692337,-0.755762,-0.547338,0.476472
6.128436,0.686659,-0.384728,-0.273674
1.331200,-0.554602,-0.836303,0.423179
1.008979,-0.139057,-0.660601,-0.046569
0.580097,0.252180,-0.874956,-0.125816
0.681568,0.075143,-0.663695,0.032682
4.452297,0.187169,0.812528,0.409407
0.643178,0.186531,-0.983896,0.058939
5.892928,0.757957,-0.219781,0.079428
1.207632,-0.334477,-0.799962,-0.003922
3.310594,-0.747699,0.869582,-0.705745
2.722624,-1.029570,0.260699,-0.287803
3.315284,-0.690193,0.752444,-0.359769
3.649762,-0.439095,0.995622,-0.325403
0.328530,0.589535,-0.914665,-0.293586
1.363925,-0.434776,-0.601309,0.237137
4.574613,0.377358,0.950545,0.481376
6.210877,0.877156,-0.594476,-0.237982
2.960484,-0.717621,0.391547,-0.590484
3.258845,-0.603893,0.606384,-0.471808
2.652878,-0.931368,0.173834,-0.648885
1.012454,-0.232032,-1.039658,0.214398
0.971716,-0.201354,-1.070258,0.275875
4.551317,0.472271,1.132773,0.374042
6.150459,0.857510,-0.529127,0.019398
3.993969,-0.120281,1.190531,-0.122433
5.259678,0.992822,0.461219,0.568014
1.487710,-0.755667,-0.861062,0.441941
2.087861,-1.197794,-0.394304,0.364435
1.327855,-0.547660,-0.867738,0.334480
0.783688,0.067960,-1.092808,-0.029766
6.131626,0.689238,-0.392935,-0.225140
0.295899,0.604571,-0.848844,-0.395979
5.357131,1.104938,0.346653,0.312444
3.543608,-0.411250,0.730709,-0.386337
3.002936,-0.741806,0.453526,-0.678334
1.099635,-0.280303,-0.927709,0.079843
2.139106,-0.767021,-0.219307,-0.001584
5.850690,0.967522,-0.232369,0.122468
3.145874,-0.680588,0.562267,-0.622886
5.679344,0.977188,-0.051550,-0.081698
1.245079,-0.493313,-0.946865,0.359104
3.406379,-0.688802,0.930026,-0.484670
1.565239,-0.716957,-0.687232,0.402977
3.099356,-0.897339,0.633560,-0.337156
3.651653,-0.367157,0.800800,-0.250602
5.773656,1.062455,-0.162179,-0.171465
2.695507,-1.158692,0.254435,0.127099
5.731444,0.948362,-0.100945,0.141900
3.800877,-0.321336,1.260350,-0.419655
0.503467,0.443930,-1.089870,-0.235472
4.179499,0.011506,1.033912,0.245403
3.445509,-0.439149,0.709681,-0.721120
1.372803,-0.663070,-1.058866,0.171748
0.079206,0.681175,-0.617127,-0.378198
5.351029,1.024453,0.343778,0.451292
2.711794,-0.707694,0.170216,-0.168723
1.348095,-0.663266,-0.969352,0.555703
2.734664,-0.992520,0.265739,-0.376049
2.394778,-0.648867,-0.029865,-0.054885
0.360889,0.574466,-0.948735,-0.329342
2.357521,-1.073614,-0.091382,0.126473
3.655783,-0.391963,1.082522,-0.757760
0.555912,0.309821,-0.960089,-0.134022
0.172622,0.766833,-0.836854,-0.387176
6.259058,0.856811,-0.650384,-0.182861
5.401121,1.290694,0.330239,0.325011
2.520758,-0.810396,0.042082,-0.510586
2.129103,-1.343687,-0.415816,0.157686
2.744294,-1.050901,0.290311,-0.322929
2.205724,-1.132164,-0.267193,0.010767
1.351311,-0.597558,-0.958390,0.234636
4.047648,-0.133386,1.040460,0.290206
4.337018,0.152617,1.023248,0.376755
3.254402,-0.770020,0.789973,-0.648693
1.203157,-0.395792,-0.797773,0.332978
1.755985,-0.999501,-0.749339,0.149042
0.872226,-0.086629,-1.029959,0.247444
5.098138,0.822136,0.573345,0.403004
3.565494,-0.446969,0.878330,-0.513648
0.450110,0.415044,-0.885767,-0.241019
0.397955,0.359165,-0.770772,0.053427
5.233667,1.097458,0.533197,0.527633
6.260452,0.841307,-0.632654,-0.255482
0.116593,0.725896,-0.674907,-0.594527
2.351420,-1.362289,-0.137930,0.005604
5.482063,1.085144,0.189836,0.406174
1.040889,-0.276257,-1.041171,0.281333
1.899836,-0.581510,-0.311347,-0.047738
5.104640,0.598558,0.471188,0.630218
2.717627,-0.981640,0.243801,-0.291822
3.594659,-0.409837,0.801885,-0.324233
2.400144,-0.949049,-0.049895,-0.092899
5.980737,1.138827,-0.433221,-0.168995
5.168018,1.086561,0.623216,0.497723
3.306882,-0.629214,0.705642,-0.536809
3.165352,-0.840474,0.726247,-0.713418
1.813050,-0.882051,-0.536042,0.375280
1.179191,-0.333083,-0.675801,0.301091
3.075606,-0.792302,0.551845,-0.532636
0.512818,0.412582,-1.063806,-0.190004
0.881088,-0.115683,-0.817719,0.321670
4.039013,-0.135588,1.020934,0.255443
0.247548,0.696218,-0.897346,-0.330455
5.307761,1.144510,0.440370,0.499865
0.884094,-0.049524,-0.911777,-0.033114
3.982073,-0.131592,0.938902,-0.046625
0.425666,0.391754,-0.832198,-0.110514
0.209374,0.705882,-0.858221,-0.242006
1.986688,-0.642114,-0.254499,0.188043
6.255097,0.762054,-0.554305,-0.375778
1.164825,-0.379992,-0.875141,0.323826
5.191603,0.884357,0.487701,0.404841
2.009659,-0.826254,-0.338969,0.112607
2.063320,-1.261238,-0.446400,0.411785
5.340647,0.811722,0.294773,0.410623
4.322342,0.087560,0.736044,0.207014
0.552069,0.271071,-0.792437,-0.246591
4.095957,-0.017749,1.373100,0.027847
3.797728,-0.313163,1.018759,-0.141146
5.340968,1.075778,0.365507,0.385396
1.646926,-0.920434,-0.792267,0.418574
5.553413,1.244479,0.117612,0.567526
3.044946,-0.829627,0.552933,-0.670232
2.921495,-1.054877,0.489172,-0.185488
1.796624,-1.046631,-0.701539,0.285703
2.231634,-1.044898,-0.195930,0.310289
3.500329,-0.580752,0.905664,-0.278089
3.084878,-0.848078,0.615983,-0.676376
2.802025,-1.056364,0.366069,-0.586400
0.524787,0.362634,-0.992274,-0.158983
3.090695,-0.675622,0.475097,-0.404636
2.744160,-1.064589,0.294423,-0.343588
4.013612,-0.083168,1.289263,-0.213738
1.831686,-1.030003,-0.633926,0.312969
0.151177,0.707255,-0.746114,-0.346155
2.253322,-1.153492,-0.227551,-0.109769
0.878903,0.039329,-1.049870,-0.459948
5.218482,0.652325,0.387480,0.677527
0.934248,-0.093494,-0.942745,-0.055406
2.788953,-0.613702,0.208580,-0.584540
2.903843,-0.856292,0.387224,-0.336178
2.617668,-1.009020,0.150028,-0.396259
4.199847,0.017873,0.872025,0.192989
3.588966,-0.597692,1.110846,-0.170711
0.068480,0.788408,-0.709393,-0.305525
6.077359,0.911331,-0.456762,-0.155268
0.362064,0.557859,-0.927384,-0.318215
0.662761,0.165065,-0.907841,-0.046061
0.450176,0.458054,-1.013494,-0.123101
2.734523,-0.982879,0.259094,-0.207754
3.653451,-0.247178,0.645798,-0.547564
0.374999,0.486351,-0.833318,-0.325738
1.909750,-0.747433,-0.386063,0.103157
0.490413,0.414310,-0.817075,-0.664224
1.917444,-1.058148,-0.563891,0.142706
0.909382,-0.070805,-1.102626,-0.049029
2.710504,-0.790241,0.193898,-0.432223
5.122717,0.808685,0.563559,0.628571
0.632436,0.168779,-0.866582,0.036293
3.020187,-0.710695,0.448353,-0.623760
5.511889,1.137351,0.148169,0.181713
4.500025,0.309086,0.846427,0.116090
2.976037,-0.797367,0.438653,-0.449640
0.291827,0.604308,-0.818736,-0.490629
1.552680,-0.600764,-0.717771,-0.198747
3.849689,-0.243345,1.145591,-0.359850
5.464042,1.047104,0.195796,0.206201
2.753693,-1.204096,0.336136,-0.038545
2.698006,-1.151647,0.259087,-0.086583
2.225525,-0.979330,-0.177997,0.412481
2.357957,-0.909794,-0.084552,-0.132957
5.166237,1.034007,0.593580,0.433120
5.257668,0.809804,0.410564,0.714978
5.558002,1.207602,0.098140,0.266587
0.711150,0.068899,-0.892338,0.202211
2.588821,-0.979850,0.118105,-0.307519
4.169565,0.030523,1.036303,0.093209
5.575632,1.089419,0.061508,-0.001475
0.458896,0.326694,-0.753185,-0.162546
4.714156,0.572921,1.009257,0.693810
4.011803,-0.147032,1.100019,0.153042
5.244269,1.002029,0.484376,0.559379
3.843868,-0.309510,1.323064,-0.241239
0.348716,0.585562,-0.962802,-0.247407
4.831245,0.336035,0.516547,0.440419
5.427792,1.186518,0.272147,0.331830
1.115897,-0.434433,-1.103572,0.595557
5.295550,1.008972,0.400643,0.349181
1.669556,-0.654567,-0.570674,0.018788
3.379451,-0.759831,0.913698,-0.221714
0.884028,-0.092043,-1.025453,0.208296
5.280133,0.934912,0.393646,0.336231
3.504069,-0.470875,0.775759,-0.425534
2.928413,-0.918349,0.455395,-0.546748
5.282903,1.111880,0.461208,0.456517
1.158142,-0.320946,-0.782255,0.178834
2.219058,-1.201092,-0.289056,-0.246996
3.885763,-0.198122,0.905855,-0.153280
0.632454,0.218064,-0.861713,-0.244242
0.131852,0.558658,-0.539789,-0.517875
5.920362,1.095733,-0.350675,0.122070
0.621688,0.259988,-1.040254,-0.124366
0.959912,-0.177790,-0.792791,0.299678
4.784026,0.684046,0.931894,0.396597
3.429735,-0.400448,0.557710,-0.401540
2.167201,-1.192380,-0.299976,0.359508
0.298199,0.585137,-0.811718,-0.453538
2.470234,-1.192626,0.008404,-0.182676
5.215655,1.166891,0.565880,0.309730
2.689514,-0.910081,0.197513,-0.092266
2.781682,-1.105411,0.345810,-0.237418
2.440475,-1.073324,-0.016348,-0.024309
1.514385,-0.688935,-0.715901,0.446006
0.454148,0.436655,-0.984680,-0.111447
3.467407,-0.446722,0.729121,-0.618680
0.400396,0.461656,-0.860054,-0.262020
1.191432,-0.460297,-0.976386,0.445737
5.486592,0.816733,0.157015,0.544065
0.904244,-0.097677,-0.946610,0.122429
3.118369,-0.530337,0.413725,-0.562109
2.625921,-0.954624,0.150137,-0.395614
0.868482,-0.024742,-1.095974,-0.047976
5.991191,0.733022,-0.287451,-0.219443
0.465060,0.495511,-1.056789,-0.326477
1.656552,-0.752927,-0.661352,0.145657
4.468520,0.292267,0.911382,0.186046
5.472259,1.001072,0.199194,0.578830
1.554056,-0.772303,-0.785895,0.365667
2.851915,-0.839374,0.315849,-0.040221
3.552345,-0.581638,1.135515,-0.638105
2.886872,-0.914646,0.405182,-0.510799
1.107712,-0.286943,-0.998939,-0.003879
1.507407,-0.764504,-0.896682,0.238103
1.463410,-0.693357,-0.855821,0.305707
3.459084,-0.501302,0.788980,-0.588556
0.276059,0.715038,-0.974950,-0.343365
5.686174,1.055730,-0.063417,-0.029690
4.616644,0.438365,0.990263,0.574972
5.030061,0.700169,0.623379,0.666405
3.677769,-0.367035,0.936266,-0.415238
3.521335,-0.420404,0.786257,-0.648110
2.175205,-1.146805,-0.285078,0.263347
3.185046,-0.766785,0.668391,-0.524256
0.170887,0.948642,-1.034880,-0.370930
4.682603,0.229744,0.578622,0.551183
5.554264,1.247075,0.126060,0.823888
5.307070,1.029328,0.402519,0.466928
5.224862,1.072135,0.535490,0.524172
1.513673,-0.745585,-0.904119,0.078765
4.857071,0.530925,0.678752,0.464284
3.866984,-0.195131,0.946196,-0.306488
0.963048,-0.186787,-1.089582,0.244332
3.764752,-0.384147,1.011242,0.064044
3.640794,-0.499446,1.172501,-0.483088
5.134200,1.007931,0.611280,0.301272
4.381254,0.195395,1.014894,0.396643
4.661860,0.389244,0.852166,0.644265
5.368135,1.008919,0.319846,0.469143
5.332350,1.041545,0.365566,0.367513
3.206873,-0.829706,0.725397,-0.322223
2.720743,-0.914375,0.235796,-0.558774
3.559379,-0.613029,1.213412,-0.639800
3.094713,-0.928943,0.661188,-0.445775
4.124031,-0.070324,0.826135,0.288395
4.073965,-0.000552,1.091082,-0.262422
4.930039,0.603543,0.662749,0.548056
2.636577,-1.087290,0.181616,-0.352111
0.697713,0.107513,-0.983457,0.169733
5.347307,0.936466,0.318390,0.368731
2.595559,-1.116022,0.141175,-0.248713
1.276243,-0.424571,-0.810933,0.105282
5.103452,0.970615,0.664113,0.521492
0.518886,0.221120,-0.653172,-0.115782
2.636677,-1.000265,0.165669,0.068462
3.626813,-0.308759,0.793138,-0.696069
2.467480,-1.053413,0.012401,0.052414
5.256993,0.755264,0.345066,0.229274
0.348182,0.471478,-0.820951,-0.102936
1.551314,-0.750527,-0.696765,0.606769
5.391013,1.008942,0.248109,-0.174476
5.307498,1.049095,0.423921,0.653455
3.350523,-0.626471,0.793347,-0.672455
5.394505,0.910636,0.255903,0.320115
5.358641,1.009237,0.327379,0.411742
1.268769,-0.420661,-0.687966,0.361467
5.310366,1.227076,0.428170,0.094804
0.031298,0.803266,-0.658930,-0.390596
2.569442,-0.932391,0.098409,0.104185
1.258928,-0.494151,-0.898877,0.375586
4.769095,0.534525,0.812456,0.479840
1.572772,-0.838467,-0.864406,0.262359
2.490412,-1.130893,0.033513,-0.034733
0.429821,0.380875,-0.788908,-0.204263
0.990224,-0.198834,-0.975549,0.195869
3.914948,-0.143099,1.001539,-0.375667
0.230565,0.556245,-0.709067,-0.259028
0.084912,0.620831,-0.641655,0.117359
3.837645,-0.290832,0.958178,0.044513
3.564356,-0.405091,0.832464,-0.620744
2.140836,-0.970235,-0.285576,0.015094
0.364691,0.436631,-0.754607,-0.247535
5.881299,0.874262,-0.234956,-0.145732
2.941447,-0.953432,0.487632,-0.544143
2.035130,-0.916704,-0.347532,0.206679
3.356352,-0.666001,0.779496,-0.317339
4.934406,0.831974,0.830377,0.495773
3.742731,-0.359627,0.970028,-0.133492
1.580367,-0.874254,-0.910900,0.198746
3.167592,-0.745882,0.636833,-0.591119
1.876413,-1.052906,-0.597094,0.263611
0.429711,0.518606,-1.002143,-0.351231
3.820664,-0.354047,1.141350,0.060874
5.417939,0.887163,0.222946,0.271334
5.620085,0.893891,0.014634,0.124864
2.530675,-0.916306,0.061449,-0.162591
4.768105,0.514276,0.841468,0.691947
4.793132,0.568624,0.844241,0.624664
2.042780,-1.128640,-0.428260,0.277109
2.729555,-0.965058,0.247510,-0.115884
1.064119,-0.272536,-0.788527,0.339704
0.009985,0.711267,-0.555457,-0.412536
3.606937,-0.487339,0.938248,-0.186652
4.944710,0.705234,0.764497,0.785142
4.285890,0.158900,1.172878,0.247052
0.408749,0.433003,-0.869534,-0.122164
2.752162,-0.786646,0.229105,-0.488283
5.367090,0.759891,0.264964,0.549457
1.656110,-0.761390,-0.639582,0.285411
3.479400,-0.624232,0.940375,-0.309873
6.266125,0.890560,-0.667997,-0.334175
4.945861,0.470656,0.542972,0.571994
6.250607,0.782739,-0.569096,-0.329853
5.497817,0.708718,0.107832,0.007686
2.821602,-0.708525,0.268957,-0.668283
4.223519,0.100176,1.006577,0.000723
5.292636,0.970452,0.375160,0.160964
3.054260,-0.689426,0.469466,-0.621761
5.248291,0.956794,0.435981,0.292328
6.085329,0.885002,-0.458818,-0.069891
5.092407,0.862310,0.620483,0.531212
1.385979,-0.584699,-0.815699,0.330310
1.892525,-1.011692,-0.578940,0.061252
1.558022,-0.804328,-0.816421,0.380550
3.899680,-0.197859,1.123235,-0.264726
5.636146,1.179165,-0.003860,0.270745
1.199956,-0.464014,-1.016678,0.353125
4.099448,0.019730,1.269134,-0.172794
3.709530,-0.408292,1.077596,-0.277242
5.346149,0.964368,0.321543,0.293982
5.510346,0.643056,0.076732,-0.312824
4.380683,0.071463,0.742366,0.536619
0.301961,0.575491,-0.903846,-0.043724
3.144810,-0.661015,0.558270,-0.726179
1.188576,-0.396262,-0.844311,0.333427
1.340422,-0.638609,-0.905777,0.629959
4.756446,0.752335,1.038282,0.298009
3.152818,-0.608313,0.484552,-0.390845
1.809623,-0.705759,-0.409977,0.340417
1.932260,-1.104569,-0.607403,-0.113820
3.122622,-0.743422,0.613576,-0.892930
4.026953,-0.148828,1.375907,0.218650
4.795691,0.584749,0.813257,0.429473
1.312571,-0.537334,-0.900100,0.295044
4.934975,0.807847,0.808547,0.486417
3.151406,-0.579309,0.455982,-0.355668
5.904120,0.945289,-0.288533,0.212999
0.497841,0.490348,-1.139359,-0.332711
3.547362,-0.576881,1.040123,-0.402871
2.467722,-1.084918,0.014219,0.117984
6.025179,0.922102,-0.381722,-0.521309
3.204207,-0.711620,0.641454,-0.491087
3.737620,-0.268238,0.878753,-0.506573
0.458079,0.279305,-0.723570,0.029385
5.347599,0.933574,0.309562,0.267906
5.636738,1.027600,-0.003230,0.184822
3.117433,-0.766825,0.545937,-0.198122
0.467409,0.368737,-0.912358,-0.015311
3.255721,-0.756298,0.742434,-0.417928
3.270508,-0.637937,0.644695,-0.410717
0.758532,0.056078,-0.787877,-0.060644
2.498277,-1.027546,0.039493,-0.019353
2.886864,-0.758112,0.355513,-0.832339
3.273935,-0.819635,0.892278,-0.776372
3.785346,-0.283723,0.903381,-0.203756
5.225877,0.785814,0.397204,0.315503
6.175563,0.806467,-0.493891,-0.374562
2.886618,-0.824060,0.358425,-0.374803
3.420022,-0.641753,0.866202,-0.368089
2.918390,-1.028534,0.501573,-0.643744
5.049872,0.905509,0.696705,0.457899
5.637985,1.230225,-0.009558,0.169874
2.596362,-0.985158,0.126271,-0.202671
5.255277,0.956804,0.402123,0.027594
6.071897,1.095144,-0.537448,-0.179703
5.305453,1.236069,0.441183,0.131641
3.827556,-0.234113,1.068874,-0.461044
3.090853,-0.796722,0.570307,-0.507172
0.719570,0.118139,-0.800210,-0.208042
0.664311,0.215763,-0.870106,-0.386024
3.446208,-0.513892,0.772722,-0.535879
4.179605,-0.002094,0.951645,0.259480
3.497975,-0.629316,1.068246,-0.601651
5.952249,0.648059,-0.238281,0.127562
0.656309,0.262561,-1.073410,-0.310408
2.637379,-1.216010,0.203657,-0.400134
0.872978,-0.045376,-1.048641,0.026250
5.813642,1.098318,-0.215959,-0.015052
5.238803,0.558271,0.321318,0.581063
2.748265,-1.051970,0.294874,-0.320072
4.439163,0.302893,1.085835,0.341554
1.972696,-0.780943,-0.336461,0.206337
4.615267,0.379976,0.804397,0.261996
1.222068,-0.354940,-0.657214,0.273631
2.497448,-0.950586,0.031681,-0.263230
6.006697,0.673484,-0.285591,-0.047270
0.647433,0.267380,-1.131152,-0.193467
5.782398,1.061070,-0.171852,-0.145925
2.166806,-0.987732,-0.276573,-0.113208
1.729496,-0.775563,-0.610990,0.033331
1.849286,-0.956538,-0.498717,0.683661
4.614673,0.475888,0.990710,0.379928
5.225388,0.868431,0.453579,0.535955
3.855546,-0.224197,1.199040,-0.484149
6.219545,0.655019,-0.447567,-0.314819
0.549805,0.370278,-1.023353,-0.300107
5.587616,0.824613,0.033434,-0.235418
6.281858,0.606935,-0.524262,0.108155
2.006143,-1.056625,-0.473559,-0.029288
3.119732,-0.753134,0.565292,-0.435852
2.509486,-1.116119,0.058897,0.280680
3.874571,-0.260532,0.989947,0.047917
3.134873,-0.644479,0.519070,-0.596282
1.471349,-0.808258,-0.972986,0.448802
2.730265,-0.840138,0.217311,-0.175708
3.538787,-0.527548,0.881465,-0.235776
0.287611,0.801092,-1.079725,-0.507035
3.980454,-0.152465,1.147921,-0.020906
1.280177,-0.395320,-0.755067,0.050779
3.640978,-0.401958,0.899669,-0.356185
4.368313,0.216890,1.080633,0.326127
0.217553,0.653528,-0.836079,-0.111561
1.340792,-0.511785,-0.822562,0.190691
1.707887,-0.923144,-0.694938,0.444602
4.495901,0.316919,0.813242,-0.025145
2.752711,-0.976993,0.269002,0.033945
0.292718,0.710706,-1.052460,-0.138745
2.437003,-1.115800,-0.028810,-0.255797
2.309432,-0.906690,-0.120865,-0.045236
0.726687,0.170000,-1.157785,-0.162188
0.785661,0.127418,-0.909070,-0.486945
4.306595,0.138545,0.971967,0.207248
2.925433,-0.853079,0.414444,-0.445669
3.117152,-0.720003,0.525821,-0.328114
4.382418,0.253318,1.079259,0.224848
2.353886,-1.245104,-0.116793,0.092044
0.832571,0.060937,-1.199042,-0.247456
3.003101,-0.940013,0.545717,-0.413231
4.318641,0.240828,1.236878,0.129779
1.839800,-0.830517,-0.511030,0.110886
5.630828,1.374610,0.000030,0.276127
5.581877,1.060774,0.058980,0.173263
0.379992,0.527398,-0.945757,-0.212058
5.930912,0.882160,-0.289061,-0.071782
2.826660,-1.007220,0.357165,-0.096551
3.174394,-0.650311,0.563672,-0.568259
2.745818,-0.816719,0.236319,-0.656447
2.195501,-0.764943,-0.189840,-0.170940
3.664238,-0.410327,0.917609,-0.211349
4.914618,0.556322,0.661342,0.644822
5.533265,0.949014,0.112527,0.328317
2.103303,-1.051707,-0.339749,0.161751
1.107818,-0.414788,-1.096869,0.551592
2.898941,-1.102483,0.487751,-0.265412
2.581635,-1.190844,0.133559,-0.349985
0.367270,0.442344,-0.792224,-0.163784
5.260580,0.777096,0.371839,0.466181
0.327445,0.559472,-0.917483,-0.098342
4.612725,0.334357,0.858728,0.642070
2.213084,-1.007685,-0.256963,-0.396407
4.205743,0.066465,0.915340,0.003757
3.538956,-0.419479,0.742081,-0.401811
4.891209,0.599770,0.719549,0.590757
0.521678,0.525852,-1.293997,-0.357379
0.628580,0.281625,-0.991000,-0.367629
1.117605,-0.274994,-0.744540,0.164831
0.115491,0.689043,-0.690004,-0.261391
1.447503,-0.693081,-0.967380,0.066046
6.193383,1.006487,-0.665664,-0.123243
5.336129,0.922680,0.325055,0.339222
3.762830,-0.343169,0.893989,0.019378
3.160914,-0.831908,0.709556,-0.687342
4.238187,0.089352,0.978522,0.107634
1.392796,-0.659837,-0.876407,0.503598
0.072679,0.974893,-0.862588,-0.444836
2.410830,-1.227286,-0.051384,0.073703
4.868485,0.506545,0.681606,0.666170
3.681806,-0.588108,1.321044,0.007471
1.591404,-0.671191,-0.625842,0.279557
0.536379,0.316800,-1.018224,0.079491
2.830410,-1.009535,0.361859,-0.093900
2.868122,-0.921466,0.392555,-0.605728
1.404030,-0.656428,-0.877008,0.418979
4.199592,0.063721,1.001486,0.057366
5.586186,1.259472,0.064966,0.345271
5.326547,0.957467,0.373360,0.676657
3.212010,-0.651533,0.618839,-0.638507
3.085774,-0.623212,0.451926,-0.575977
0.638408,0.180600,-0.831563,-0.115158
3.045275,-0.931947,0.627101,-0.769328
2.376780,-0.955937,-0.075379,-0.189987
5.004021,0.894861,0.747045,0.378347
0.698797,0.104875,-0.764033,-0.080465
0.902347,-0.102504,-0.861006,0.155764
1.040247,-0.237093,-1.098665,0.039788
3.052919,-0.724699,0.477625,-0.483622
0.354699,0.434110,-0.766775,-0.126977
1.489576,-0.696819,-0.758427,0.479360
3.181870,-0.664902,0.574552,-0.493247
2.891098,-1.046673,0.474487,-0.638851
1.851738,-0.943703,-0.571502,0.150535
3.320812,-0.586319,0.653481,-0.402446
1.597408,-0.932375,-0.906544,0.364441
3.531911,-0.393516,0.659607,-0.317029
1.742431,-0.894970,-0.626793,0.416525
2.979951,-0.802406,0.443274,-0.421699
0.272747,0.527110,-0.716372,-0.342936
4.869633,0.585829,0.711396,0.458510
3.331819,-0.656639,0.782501,-0.589041
2.840273,-0.864339,0.318847,-0.122053
2.079316,-0.951374,-0.306370,0.339153
4.227039,0.124155,1.230188,0.108018
0.402942,0.607509,-1.095368,-0.360066
0.531059,0.288161,-0.881645,-0.031239
0.363801,0.634687,-1.003784,-0.505455
3.586276,-0.378132,0.839098,-0.660781
2.727002,-0.870876,0.225577,-0.318705
4.804175,0.690669,0.885890,0.320378
2.463483,-1.028735,0.013460,0.219640
2.809771,-0.789486,0.278423,-0.450456
0.877245,-0.073447,-0.784007,0.108303
1.952928,-0.989972,-0.463179,0.270012
4.296436,0.063745,1.027113,0.610311
5.646150,1.024369,-0.024965,-0.378713
3.509700,-0.606050,0.970804,-0.293330
1.224976,-0.493332,-1.168826,0.094356
2.629884,-0.642402,0.106414,-0.669322
1.189352,-0.336712,-0.836080,0.037787
0.326012,0.631224,-0.935163,-0.437951
5.229589,0.849002,0.426173,0.391498
1.038773,-0.276653,-1.009058,0.318162
2.222174,-0.781287,-0.181024,-0.271380
3.727727,-0.353449,0.940856,-0.202704
4.920480,0.760762,0.765468,0.332010
5.533387,1.079627,0.121877,0.303712
2.824747,-0.895868,0.318392,-0.175780
5.383388,1.135902,0.330177,0.463126
1.268553,-0.531276,-0.899246,0.510060
4.476190,0.340249,1.031786,0.267570
0.819447,-0.035307,-0.930991,0.228830
3.689795,-0.442201,1.205943,-0.497146
3.447371,-0.433928,0.656089,-0.521057
4.163798,0.003116,1.023145,0.196803
4.359798,0.159368,0.961904,0.369360
0.401026,0.478175,-0.927043,-0.144309
4.540110,0.397093,0.988745,0.276021
2.823145,-0.943183,0.343420,-0.406790
4.831849,0.844647,1.038722,0.548467
2.866372,-0.918635,0.358372,0.007436
3.300268,-0.581663,0.660308,-0.619725
1.826450,-1.090883,-0.697791,0.245146
4.523434,0.396138,1.053198,0.344186
1.941057,-0.759537,-0.337452,0.310530
3.484407,-0.474638,0.845308,-0.787458
4.865800,0.643916,0.776277,0.489995
4.124016,0.084067,1.187454,-0.378162
0.962109,-0.153977,-1.082596,0.078928
2.545988,-1.218412,0.094974,-0.263216
5.258163,0.828341,0.404078,0.580856
2.585543,-1.029828,0.121015,-0.206040
1.909176,-1.258770,-0.736070,-0.109883
4.525854,0.331549,0.908204,0.301498
5.328318,1.008329,0.360372,0.358978
2.333868,-1.056793,-0.124379,-0.111285
5.582791,0.785053,0.051262,0.237201
1.772999,-0.918825,-0.666374,0.092523
1.325645,-0.598094,-1.029834,0.231257
2.553585,-0.950024,0.083656,-0.173597
3.039364,-0.648850,0.440949,-0.750822
5.637044,0.981610,-0.005741,0.038664
3.317461,-0.688558,0.777197,-0.488368
0.690892,0.126053,-0.709214,-0.227899
3.854737,-0.260008,1.245708,-0.344934
3.410987,-0.348554,0.565365,-0.837823
5.196679,0.839493,0.481929,0.590804
3.020295,-0.805278,0.501839,-0.588026
5.559476,1.159157,0.094402,0.289982
2.411967,-0.908208,-0.043599,-0.269282
3.529134,-0.636275,1.082009,-0.344948
0.287186,0.570390,-0.823149,-0.237330
0.802931,-0.035787,-0.797966,0.242180
0.444235,0.500026,-0.989055,-0.389677
0.317993,0.573173,-0.850411,-0.370099
1.689172,-0.727764,-0.647871,-0.112906
0.504451,0.397797,-0.910548,-0.420416
4.147196,0.019344,0.990409,0.004665
1.825544,-0.951455,-0.598565,0.224119
2.981659,-0.832099,0.475142,-0.602092
4.961833,0.514496,0.562655,0.591321
6.099637,0.768326,-0.416819,-0.050050
5.623897,0.664082,0.007361,-0.106670
4.508893,0.491648,1.252509,0.274726
4.741196,0.513308,0.821402,0.432457
4.740038,0.520942,0.863671,0.558654
0.613278,0.242673,-0.971814,-0.090742
4.662712,0.560937,1.009523,0.366335
0.343648,0.560704,-0.869117,-0.411941
2.689429,-0.872399,0.195132,-0.486652
1.309878,-0.447781,-0.753462,0.180222
3.171803,-0.674855,0.588672,-0.628417
3.233928,-0.690839,0.642993,-0.369872
1.952049,-1.256577,-0.601724,0.370954
0.141235,0.879971,-0.892005,-0.445623
1.382592,-0.480596,-0.639589,0.290744
3.997253,-0.158000,1.075894,0.132864
2.687424,-0.762832,0.165906,-0.208608
2.179522,-1.206327,-0.309313,0.125823
4.174746,0.063249,1.162121,0.035412
3.505791,-0.370896,0.649400,-0.546200
4.314048,0.160673,0.844557,-0.046983
2.365825,-1.018641,-0.083095,0.004335
1.084298,-0.249360,-0.833994,0.087297
0.352391,0.562699,-0.892514,-0.400623
4.087554,-0.002511,1.332439,-0.122614
3.755219,-0.362453,1.144535,-0.341537
1.544259,-0.721060,-0.686386,0.542078
6.007298,0.968391,-0.401112,-0.141336
4.364012,0.176052,1.149314,0.623661
0.607583,0.294669,-1.026549,-0.249580
5.349889,1.214682,0.399152,0.492482
0.249093,0.674230,-0.846828,-0.448711
4.166166,-0.016637,1.078985,0.347952
2.430219,-1.062460,-0.021090,0.120822
2.819646,-0.991150,0.359455,-0.472856
4.619134,0.387268,0.862907,0.434441
0.580485,0.283695,-0.875565,-0.302657
0.429529,0.510288,-0.952628,-0.451242
5.081833,0.992906,0.703001,0.472019
6.133476,0.793242,-0.439715,-0.390697
4.879946,0.559054,0.672125,0.451715
0.649809,0.164624,-0.758799,-0.192251
2.782066,-0.969974,0.305963,-0.301492
2.686728,-1.105577,0.239307,-0.275489
6.145241,1.123244,-0.646790,-0.328684
1.132234,-0.412057,-1.136573,0.338534
2.004800,-1.040499,-0.452046,0.097032
2.710448,-1.030658,0.250572,-0.413557
6.137732,0.886960,-0.526311,-0.027589
5.547604,1.211913,0.125181,0.607430
2.932956,-0.740302,0.385268,-0.716358
2.623340,-1.212642,0.185978,-0.384668
1.020388,-0.249084,-1.001944,0.281032
3.955854,-0.218689,1.268676,0.120682
0.540246,0.247613,-0.850924,0.075111
0.006039,0.817686,-0.654545,-0.245617
2.728892,-1.101242,0.286246,-0.312674
0.915267,-0.152774,-0.838920,0.362140
4.004194,-0.153947,1.293241,0.098334
2.026360,-1.232939,-0.505269,0.207375
4.579533,0.285110,0.790275,0.493755
1.549894,-0.688912,-0.784908,-0.005864
1.040064,-0.292948,-0.892023,0.479057
5.245113,1.133999,0.564318,0.873896
1.022282,-0.261324,-0.988317,0.342965
0.684519,0.164072,-1.122079,0.111770
2.638321,-0.801891,0.136368,-0.263862
2.232699,-0.886223,-0.158821,0.279214
0.921511,-0.094557,-1.011344,0.010831
2.852882,-0.904155,0.364159,-0.502342
3.466604,-0.567741,0.827565,-0.300020
5.368368,0.839980,0.268791,0.345765
5.357101,0.898866,0.309725,0.533634
5.231208,0.881156,0.454668,0.566161
3.242007,-0.506712,0.486772,-0.420718
4.165050,0.060396,1.065968,-0.069425
1.614482,-0.952477,-0.956771,0.119484
4.514473,0.337833,0.999879,0.439253
4.995286,0.656443,0.604091,0.449572
1.258432,-0.497981,-0.959509,0.283157
6.094477,0.719162,-0.374067,-0.225332
5.432426,0.971055,0.235939,0.484727
5.651217,1.373844,-0.031250,0.216140
2.841931,-0.777835,0.291999,-0.219551
0.347190,0.574936,-0.913818,-0.354764
0.918875,-0.060400,-0.819996,-0.143784
0.558900,0.292741,-1.128773,0.291205
2.832329,-0.925197,0.340033,-0.259568
5.083715,0.910842,0.676924,0.652747
4.229431,0.155665,1.381401,0.106200
1.446566,-0.732053,-0.945893,0.327863
1.652628,-0.778379,-0.619611,0.474766
3.230890,-0.742482,0.706788,-0.503513
0.969147,-0.164227,-1.003708,0.117460
2.862178,-0.989095,0.395867,-0.257459
3.277930,-0.639122,0.660782,-0.443195
4.976858,0.743049,0.722164,0.644719
5.278517,0.893124,0.331435,-0.213019
5.968054,1.022756,-0.376455,-0.121013
0.108553,0.589991,-0.568337,-0.369549
3.249197,-0.690794,0.630500,-0.162573
4.984929,0.594064,0.605335,0.656591
2.140114,-0.909099,-0.220741,0.512393
0.484558,0.486939,-1.043042,-0.458122
3.368093,-0.596567,0.723611,-0.367037
4.185480,0.070735,1.101068,0.018207
0.355164,0.564653,-0.899558,-0.406643
3.459273,-0.575921,0.852117,-0.400904
0.754112,0.033029,-0.887775,0.169756
4.073149,-0.009768,1.083100,-0.219402
0.395009,0.617585,-1.177967,-0.079547
6.278011,0.898201,-0.736108,0.051113
2.536687,-1.022721,0.072787,-0.195238
1.710858,-0.970691,-0.748276,0.381625
5.274069,1.002489,0.448070,0.594116
2.083619,-0.938717,-0.304854,0.264271
4.034652,-0.038662,1.040285,-0.285907
3.462095,-0.543338,0.870677,-0.644641
6.263238,0.803044,-0.612559,-0.215207
6.215829,0.769022,-0.516609,-0.354033
5.388904,0.859652,0.260049,0.460489
4.272731,0.159712,1.123697,0.100248
5.184566,0.909351,0.541957,0.713748
0.408355,0.436444,-0.874040,-0.125008
1.480839,-0.823110,-1.069691,0.143634
3.419229,-0.576256,0.801244,-0.478002
0.240106,0.581464,-0.773118,-0.171891
3.982909,-0.183682,1.432942,0.059162
1.312388,-0.540804,-0.820036,0.489013
2.675160,-1.095246,0.224703,-0.298192
3.754323,-0.400538,1.125142,-0.103231
1.111389,-0.287396,-0.953491,0.027480
0.007006,0.733682,-0.603843,-0.131606
3.382555,-0.553620,0.718228,-0.495564
1.691181,-0.984908,-0.842829,0.147071
2.422748,-1.160004,-0.029818,0.212014
3.772525,-0.475879,1.335903,0.101102
3.366504,-0.442046,0.573102,-0.561889
2.731420,-1.044029,0.282957,-0.690517
3.846423,-0.262570,1.060707,-0.179285
5.517771,0.949221,0.130738,0.361777
2.622329,-0.947764,0.145847,-0.474983
5.759690,1.027054,-0.142104,0.301051
0.591655,0.134908,-0.694098,0.128918
0.404024,0.430649,-0.884860,-0.027750
4.388504,0.271032,1.032910,0.087900
3.408820,-0.462803,0.610651,-0.374477
3.367816,-0.627310,0.790747,-0.515098
2.937755,-0.923294,0.431691,0.006674
0.049771,0.744979,-0.650413,-0.271427
2.669457,-1.038062,0.203667,0.033574
0.123194,0.712846,-0.744311,-0.137285
5.955421,0.815266,-0.282262,-0.296380
1.912773,-1.048846,-0.559611,0.175369
3.746845,-0.295300,0.869660,-0.290127
1.020210,-0.156067,-0.821776,-0.095877
1.503384,-0.712029,-0.776093,0.415641
