2026/10/04 21:44:41.944, GPU-5597e55d-d2a4-aa89-e17f-8c674ae364a0, NVIDIA L40, 0 %, 0 MiB, 38.15 W
2026/10/04 21:44:42.950, GPU-5597e55d-d2a4-aa89-e17f-8c674ae364a0, NVIDIA L40, 0 %, 0 MiB, 38.15 W
2026/10/04 21:44:43.954, GPU-5597e55d-d2a4-aa89-e17f-8c674ae364a0, NVIDIA L40, 0 %, 0 MiB, 38.14 W
2026/10/04 21:44:44.958, GPU-5597e55d-d2a4-aa89-e17f-8c674ae364a0, NVIDIA L40, 0 %, 0 MiB, 38.01 W
2026/10/04 21:44:45.962, GPU-5597e55d-d2a4-aa89-e17f-8c674ae364a0, NVIDIA L40, 0 %, 0 MiB, 37.89 W
2026/10/04 21:44:46.966, GPU-5597e55d-d2a4-aa89-e17f-8c674ae364a0, NVIDIA L40, 0 %, 0 MiB, 37.89 W
2026/10/04 21:44:47.970, GPU-5597e55d-d2a4-aa89-e17f-8c674ae364a0, NVIDIA L40, 0 %, 0 MiB, 38.00 W
2026/10/04 21:44:48.974, GPU-5597e55d-d2a4-aa89-e17f-8c674ae364a0, NVIDIA L40, 0 %, 0 MiB, 38.11 W
2026/10/04 21:44:49.978, GPU-5597e55d-d2a4-aa89-e17f-8c674ae364a0, NVIDIA L40, 0 %, 0 MiB, 37.99 W
2026/10/04 21:44:50.982, GPU-5597e55d-d2a4-aa89-e17f-8c674ae364a0, NVIDIA L40, 0 %, 0 MiB, 37.87 W
2026/10/04 21:44:51.986, GPU-5597e55d-d2a4-aa89-e17f-8c674ae364a0, NVIDIA L40, 0 %, 0 MiB, 37.99 W
2026/10/04 21:44:52.990, GPU-5597e55d-d2a4-aa89-e17f-8c674ae364a0, NVIDIA L40, 0 %, 0 MiB, 38.11 W
2026/10/04 21:44:53.994, GPU-5597e55d-d2a4-aa89-e17f-8c674ae364a0, NVIDIA L40, 0 %, 0 MiB, 38.00 W
2026/10/04 21:44:54.998, GPU-5597e55d-d2a4-aa89-e17f-8c674ae364a0, NVIDIA L40, 0 %, 0 MiB, 37.87 W
2026/10/04 21:44:56.002, GPU-5597e55d-d2a4-aa89-e17f-8c674ae364a0, NVIDIA L40, 0 %, 0 MiB, 37.99 W
2026/10/04 21:44:57.006, GPU-5597e55d-d2a4-aa89-e17f-8c674ae364a0, NVIDIA L40, 0 %, 0 MiB, 38.01 W
2026/10/04 21:44:58.011, GPU-5597e55d-d2a4-aa89-e17f-8c674ae364a0, NVIDIA L40, 0 %, 476 MiB, 64.04 W
2026/10/04 21:44:59.014, GPU-5597e55d-d2a4-aa89-e17f-8c674ae364a0, NVIDIA L40, 0 %, 1340 MiB, 85.75 W
2026/10/04 21:45:00.018, GPU-5597e55d-d2a4-aa89-e17f-8c674ae364a0, NVIDIA L40, 94 %, 1628 MiB, 113.76 W
2026/10/04 21:45:01.022, GPU-5597e55d-d2a4-aa89-e17f-8c674ae364a0, NVIDIA L40, 96 %, 1628 MiB, 120.39 W
2026/10/04 21:45:02.026, GPU-5597e55d-d2a4-aa89-e17f-8c674ae364a0, NVIDIA L40, 97 %, 1628 MiB, 120.56 W
2026/10/04 21:45:03.030, GPU-5597e55d-d2a4-aa89-e17f-8c674ae364a0, NVIDIA L40, 96 %, 1628 MiB, 120.93 W
2026/10/04 21:45:04.034, GPU-5597e55d-d2a4-aa89-e17f-8c674ae364a0, NVIDIA L40, 91 %, 1628 MiB, 119.24 W
2026/10/04 21:45:05.038, GPU-5597e55d-d2a4-aa89-e17f-8c674ae364a0, NVIDIA L40, 96 %, 1628 MiB, 121.32 W
2026/10/04 21:45:06.042, GPU-5597e55d-d2a4-aa89-e17f-8c674ae364a0, NVIDIA L40, 96 %, 1628 MiB, 121.41 W
2026/10/04 21:45:07.045, GPU-5597e55d-d2a4-aa89-e17f-8c674ae364a0, NVIDIA L40, 96 %, 1628 MiB, 121.31 W
2026/10/04 21:45:08.049, GPU-5597e55d-d2a4-aa89-e17f-8c674ae364a0, NVIDIA L40, 96 %, 1628 MiB, 121.49 W
2026/10/04 21:45:09.052, GPU-5597e55d-d2a4-aa89-e17f-8c674ae364a0, NVIDIA L40, 96 %, 1628 MiB, 122.32 W
2026/10/04 21:45:10.056, GPU-5597e55d-d2a4-aa89-e17f-8c674ae364a0, NVIDIA L40, 96 %, 1628 MiB, 122.31 W
2026/10/04 21:45:11.060, GPU-5597e55d-d2a4-aa89-e17f-8c674ae364a0, NVIDIA L40, 97 %, 1628 MiB, 121.91 W
2026/10/04 21:45:12.064, GPU-5597e55d-d2a4-aa89-e17f-8c674ae364a0, NVIDIA L40, 90 %, 1628 MiB, 120.05 W
2026/10/04 21:45:13.068, GPU-5597e55d-d2a4-aa89-e17f-8c674ae364a0, NVIDIA L40, 96 %, 1628 MiB, 122.41 W
2026/10/04 21:45:14.072, GPU-5597e55d-d2a4-aa89-e17f-8c674ae364a0, NVIDIA L40, 96 %, 1628 MiB, 121.97 W
2026/10/04 21:45:15.076, GPU-5597e55d-d2a4-aa89-e17f-8c674ae364a0, NVIDIA L40, 96 %, 1628 MiB, 122.66 W
2026/10/04 21:45:16.082, GPU-5597e55d-d2a4-aa89-e17f-8c674ae364a0, NVIDIA L40, 96 %, 1628 MiB, 123.65 W
2026/10/04 21:45:17.086, GPU-5597e55d-d2a4-aa89-e17f-8c674ae364a0, NVIDIA L40, 96 %, 1628 MiB, 122.84 W
2026/10/04 21:45:18.090, GPU-5597e55d-d2a4-aa89-e17f-8c674ae364a0, NVIDIA L40, 96 %, 1628 MiB, 122.55 W
2026/10/04 21:45:19.093, GPU-5597e55d-d2a4-aa89-e17f-8c674ae364a0, NVIDIA L40, 96 %, 1628 MiB, 121.77 W
2026/10/04 21:45:20.097, GPU-5597e55d-d2a4-aa89-e17f-8c674ae364a0, NVIDIA L40, 96 %, 1628 MiB, 123.00 W
2026/10/04 21:45:21.101, GPU-5597e55d-d2a4-aa89-e17f-8c674ae364a0, NVIDIA L40, 97 %, 1628 MiB, 122.58 W
2026/10/04 21:45:22.104, GPU-5597e55d-d2a4-aa89-e17f-8c674ae364a0, NVIDIA L40, 96 %, 1628 MiB, 122.90 W
2026/10/04 21:45:23.108, GPU-5597e55d-d2a4-aa89-e17f-8c674ae364a0, NVIDIA L40, 96 %, 1628 MiB, 123.14 W
2026/10/04 21:45:24.112, GPU-5597e55d-d2a4-aa89-e17f-8c674ae364a0, NVIDIA L40, 96 %, 1628 MiB, 122.69 W
2026/10/04 21:45:25.116, GPU-5597e55d-d2a4-aa89-e17f-8c674ae364a0, NVIDIA L40, 96 %, 1628 MiB, 123.35 W
2026/10/04 21:45:26.120, GPU-5597e55d-d2a4-aa89-e17f-8c674ae364a0, NVIDIA L40, 96 %, 1628 MiB, 122.74 W
2026/10/04 21:45:27.124, GPU-5597e55d-d2a4-aa89-e17f-8c674ae364a0, NVIDIA L40, 96 %, 1628 MiB, 122.86 W
2026/10/04 21:45:28.128, GPU-5597e55d-d2a4-aa89-e17f-8c674ae364a0, NVIDIA L40, 96 %, 1628 MiB, 123.16 W
2026/10/04 21:45:29.132, GPU-5597e55d-d2a4-aa89-e17f-8c674ae364a0, NVIDIA L40, 96 %, 1628 MiB, 124.05 W
2026/10/04 21:45:30.136, GPU-5597e55d-d2a4-aa89-e17f-8c674ae364a0, NVIDIA L40, 96 %, 1628 MiB, 122.59 W
2026/10/04 21:45:31.140, GPU-5597e55d-d2a4-aa89-e17f-8c674ae364a0, NVIDIA L40, 97 %, 1628 MiB, 122.86 W
2026/10/04 21:45:32.143, GPU-5597e55d-d2a4-aa89-e17f-8c674ae364a0, NVIDIA L40, 96 %, 1628 MiB, 122.98 W
2026/10/04 21:45:33.147, GPU-5597e55d-d2a4-aa89-e17f-8c674ae364a0, NVIDIA L40, 96 %, 1628 MiB, 122.66 W
2026/10/04 21:45:34.151, GPU-5597e55d-d2a4-aa89-e17f-8c674ae364a0, NVIDIA L40, 97 %, 1628 MiB, 122.62 W
2026/10/04 21:45:35.154, GPU-5597e55d-d2a4-aa89-e17f-8c674ae364a0, NVIDIA L40, 96 %, 1628 MiB, 123.29 W
2026/10/04 21:45:36.158, GPU-5597e55d-d2a4-aa89-e17f-8c674ae364a0, NVIDIA L40, 96 %, 1628 MiB, 124.07 W
2026/10/04 21:45:37.162, GPU-5597e55d-d2a4-aa89-e17f-8c674ae364a0, NVIDIA L40, 96 %, 1628 MiB, 123.47 W
2026/10/04 21:45:38.166, GPU-5597e55d-d2a4-aa89-e17f-8c674ae364a0, NVIDIA L40, 96 %, 1628 MiB, 123.98 W
2026/10/04 21:45:39.170, GPU-5597e55d-d2a4-aa89-e17f-8c674ae364a0, NVIDIA L40, 96 %, 1628 MiB, 123.91 W
2026/10/04 21:45:40.174, GPU-5597e55d-d2a4-aa89-e17f-8c674ae364a0, NVIDIA L40, 90 %, 1628 MiB, 124.15 W
2026/10/04 21:45:41.178, GPU-5597e55d-d2a4-aa89-e17f-8c674ae364a0, NVIDIA L40, 96 %, 1628 MiB, 123.85 W
2026/10/04 21:45:42.182, GPU-5597e55d-d2a4-aa89-e17f-8c674ae364a0, NVIDIA L40, 96 %, 1628 MiB, 123.35 W
2026/10/04 21:45:43.185, GPU-5597e55d-d2a4-aa89-e17f-8c674ae364a0, NVIDIA L40, 96 %, 1628 MiB, 124.64 W
2026/10/04 21:45:44.189, GPU-5597e55d-d2a4-aa89-e17f-8c674ae364a0, NVIDIA L40, 96 %, 1628 MiB, 123.60 W
2026/10/04 21:45:45.193, GPU-5597e55d-d2a4-aa89-e17f-8c674ae364a0, NVIDIA L40, 96 %, 1628 MiB, 123.76 W
2026/10/04 21:45:46.196, GPU-5597e55d-d2a4-aa89-e17f-8c674ae364a0, NVIDIA L40, 96 %, 1628 MiB, 123.65 W
2026/10/04 21:45:47.200, GPU-5597e55d-d2a4-aa89-e17f-8c674ae364a0, NVIDIA L40, 90 %, 1628 MiB, 124.00 W
2026/10/04 21:45:48.204, GPU-5597e55d-d2a4-aa89-e17f-8c674ae364a0, NVIDIA L40, 96 %, 1628 MiB, 124.10 W
2026/10/04 21:45:49.208, GPU-5597e55d-d2a4-aa89-e17f-8c674ae364a0, NVIDIA L40, 97 %, 1628 MiB, 124.75 W
2026/10/04 21:45:50.212, GPU-5597e55d-d2a4-aa89-e17f-8c674ae364a0, NVIDIA L40, 96 %, 1628 MiB, 124.60 W
2026/10/04 21:45:51.215, GPU-5597e55d-d2a4-aa89-e17f-8c674ae364a0, NVIDIA L40, 96 %, 1628 MiB, 123.85 W
2026/10/04 21:45:52.219, GPU-5597e55d-d2a4-aa89-e17f-8c674ae364a0, NVIDIA L40, 96 %, 1628 MiB, 124.55 W
2026/10/04 21:45:53.222, GPU-5597e55d-d2a4-aa89-e17f-8c674ae364a0, NVIDIA L40, 96 %, 1628 MiB, 123.97 W
2026/10/04 21:45:54.226, GPU-5597e55d-d2a4-aa89-e17f-8c674ae364a0, NVIDIA L40, 96 %, 1628 MiB, 122.94 W
2026/10/04 21:45:55.231, GPU-5597e55d-d2a4-aa89-e17f-8c674ae364a0, NVIDIA L40, 96 %, 1628 MiB, 123.38 W
2026/10/04 21:45:56.234, GPU-5597e55d-d2a4-aa89-e17f-8c674ae364a0, NVIDIA L40, 96 %, 1628 MiB, 124.85 W
2026/10/04 21:45:57.238, GPU-5597e55d-d2a4-aa89-e17f-8c674ae364a0, NVIDIA L40, 96 %, 1628 MiB, 125.26 W
2026/10/04 21:45:58.241, GPU-5597e55d-d2a4-aa89-e17f-8c674ae364a0, NVIDIA L40, 96 %, 1628 MiB, 124.67 W
2026/10/04 21:45:59.245, GPU-5597e55d-d2a4-aa89-e17f-8c674ae364a0, NVIDIA L40, 96 %, 1628 MiB, 125.24 W
2026/10/04 21:46:00.249, GPU-5597e55d-d2a4-aa89-e17f-8c674ae364a0, NVIDIA L40, 96 %, 1628 MiB, 124.65 W
2026/10/04 21:46:01.252, GPU-5597e55d-d2a4-aa89-e17f-8c674ae364a0, NVIDIA L40, 96 %, 1628 MiB, 124.41 W
2026/10/04 21:46:02.256, GPU-5597e55d-d2a4-aa89-e17f-8c674ae364a0, NVIDIA L40, 96 %, 1628 MiB, 123.17 W
2026/10/04 21:46:03.259, GPU-5597e55d-d2a4-aa89-e17f-8c674ae364a0, NVIDIA L40, 96 %, 1628 MiB, 125.01 W
2026/10/04 21:46:04.267, GPU-5597e55d-d2a4-aa89-e17f-8c674ae364a0, NVIDIA L40, 96 %, 1628 MiB, 125.31 W
2026/10/04 21:46:05.271, GPU-5597e55d-d2a4-aa89-e17f-8c674ae364a0, NVIDIA L40, 96 %, 1628 MiB, 125.74 W
2026/10/04 21:46:06.274, GPU-5597e55d-d2a4-aa89-e17f-8c674ae364a0, NVIDIA L40, 97 %, 1628 MiB, 124.66 W
2026/10/04 21:46:07.278, GPU-5597e55d-d2a4-aa89-e17f-8c674ae364a0, NVIDIA L40, 96 %, 1628 MiB, 125.08 W
2026/10/04 21:46:08.282, GPU-5597e55d-d2a4-aa89-e17f-8c674ae364a0, NVIDIA L40, 97 %, 1628 MiB, 125.23 W
2026/10/04 21:46:09.286, GPU-5597e55d-d2a4-aa89-e17f-8c674ae364a0, NVIDIA L40, 96 %, 1628 MiB, 124.10 W
2026/10/04 21:46:10.289, GPU-5597e55d-d2a4-aa89-e17f-8c674ae364a0, NVIDIA L40, 96 %, 1628 MiB, 125.35 W
2026/10/04 21:46:11.293, GPU-5597e55d-d2a4-aa89-e17f-8c674ae364a0, NVIDIA L40, 96 %, 1628 MiB, 124.40 W
2026/10/04 21:46:12.296, GPU-5597e55d-d2a4-aa89-e17f-8c674ae364a0, NVIDIA L40, 96 %, 1628 MiB, 125.62 W
2026/10/04 21:46:13.300, GPU-5597e55d-d2a4-aa89-e17f-8c674ae364a0, NVIDIA L40, 96 %, 1628 MiB, 124.81 W
2026/10/04 21:46:14.304, GPU-5597e55d-d2a4-aa89-e17f-8c674ae364a0, NVIDIA L40, 96 %, 1628 MiB, 124.67 W
2026/10/04 21:46:15.308, GPU-5597e55d-d2a4-aa89-e17f-8c674ae364a0, NVIDIA L40, 96 %, 1628 MiB, 124.04 W
2026/10/04 21:46:16.311, GPU-5597e55d-d2a4-aa89-e17f-8c674ae364a0, NVIDIA L40, 96 %, 1628 MiB, 124.81 W
2026/10/04 21:46:17.315, GPU-5597e55d-d2a4-aa89-e17f-8c674ae364a0, NVIDIA L40, 96 %, 1628 MiB, 124.88 W
2026/10/04 21:46:18.319, GPU-5597e55d-d2a4-aa89-e17f-8c674ae364a0, NVIDIA L40, 96 %, 1628 MiB, 125.64 W
2026/10/04 21:46:19.322, GPU-5597e55d-d2a4-aa89-e17f-8c674ae364a0, NVIDIA L40, 96 %, 1628 MiB, 124.96 W
2026/10/04 21:46:20.326, GPU-5597e55d-d2a4-aa89-e17f-8c674ae364a0, NVIDIA L40, 96 %, 1628 MiB, 124.55 W
2026/10/04 21:46:21.329, GPU-5597e55d-d2a4-aa89-e17f-8c674ae364a0, NVIDIA L40, 96 %, 1628 MiB, 124.60 W
2026/10/04 21:46:22.333, GPU-5597e55d-d2a4-aa89-e17f-8c674ae364a0, NVIDIA L40, 97 %, 1628 MiB, 125.11 W
2026/10/04 21:46:23.338, GPU-5597e55d-d2a4-aa89-e17f-8c674ae364a0, NVIDIA L40, 97 %, 1628 MiB, 125.04 W
2026/10/04 21:46:24.342, GPU-5597e55d-d2a4-aa89-e17f-8c674ae364a0, NVIDIA L40, 97 %, 1628 MiB, 125.39 W
2026/10/04 21:46:25.345, GPU-5597e55d-d2a4-aa89-e17f-8c674ae364a0, NVIDIA L40, 97 %, 1628 MiB, 125.59 W
2026/10/04 21:46:26.349, GPU-5597e55d-d2a4-aa89-e17f-8c674ae364a0, NVIDIA L40, 97 %, 1628 MiB, 125.18 W
2026/10/04 21:46:27.353, GPU-5597e55d-d2a4-aa89-e17f-8c674ae364a0, NVIDIA L40, 97 %, 1628 MiB, 125.35 W
2026/10/04 21:46:28.357, GPU-5597e55d-d2a4-aa89-e17f-8c674ae364a0, NVIDIA L40, 97 %, 1628 MiB, 126.69 W
2026/10/04 21:46:29.361, GPU-5597e55d-d2a4-aa89-e17f-8c674ae364a0, NVIDIA L40, 96 %, 1628 MiB, 124.82 W
2026/10/04 21:46:30.364, GPU-5597e55d-d2a4-aa89-e17f-8c674ae364a0, NVIDIA L40, 97 %, 1628 MiB, 125.19 W
2026/10/04 21:46:31.368, GPU-5597e55d-d2a4-aa89-e17f-8c674ae364a0, NVIDIA L40, 97 %, 1628 MiB, 126.26 W
2026/10/04 21:46:32.371, GPU-5597e55d-d2a4-aa89-e17f-8c674ae364a0, NVIDIA L40, 96 %, 1628 MiB, 126.57 W
2026/10/04 21:46:33.375, GPU-5597e55d-d2a4-aa89-e17f-8c674ae364a0, NVIDIA L40, 96 %, 1628 MiB, 125.14 W
2026/10/04 21:46:34.379, GPU-5597e55d-d2a4-aa89-e17f-8c674ae364a0, NVIDIA L40, 97 %, 1628 MiB, 124.28 W
2026/10/04 21:46:35.382, GPU-5597e55d-d2a4-aa89-e17f-8c674ae364a0, NVIDIA L40, 96 %, 1628 MiB, 125.32 W
2026/10/04 21:46:36.386, GPU-5597e55d-d2a4-aa89-e17f-8c674ae364a0, NVIDIA L40, 97 %, 1628 MiB, 126.21 W
2026/10/04 21:46:37.390, GPU-5597e55d-d2a4-aa89-e17f-8c674ae364a0, NVIDIA L40, 97 %, 1628 MiB, 126.72 W
2026/10/04 21:46:38.394, GPU-5597e55d-d2a4-aa89-e17f-8c674ae364a0, NVIDIA L40, 97 %, 1628 MiB, 125.69 W
2026/10/04 21:46:39.398, GPU-5597e55d-d2a4-aa89-e17f-8c674ae364a0, NVIDIA L40, 97 %, 1628 MiB, 125.60 W
2026/10/04 21:46:40.401, GPU-5597e55d-d2a4-aa89-e17f-8c674ae364a0, NVIDIA L40, 96 %, 1628 MiB, 125.31 W
2026/10/04 21:46:41.405, GPU-5597e55d-d2a4-aa89-e17f-8c674ae364a0, NVIDIA L40, 97 %, 1628 MiB, 124.95 W
2026/10/04 21:46:42.408, GPU-5597e55d-d2a4-aa89-e17f-8c674ae364a0, NVIDIA L40, 97 %, 1628 MiB, 126.23 W
2026/10/04 21:46:43.412, GPU-5597e55d-d2a4-aa89-e17f-8c674ae364a0, NVIDIA L40, 97 %, 1628 MiB, 125.63 W
2026/10/04 21:46:44.416, GPU-5597e55d-d2a4-aa89-e17f-8c674ae364a0, NVIDIA L40, 97 %, 1628 MiB, 124.97 W
2026/10/04 21:46:45.419, GPU-5597e55d-d2a4-aa89-e17f-8c674ae364a0, NVIDIA L40, 97 %, 1628 MiB, 125.48 W
2026/10/04 21:46:46.423, GPU-5597e55d-d2a4-aa89-e17f-8c674ae364a0, NVIDIA L40, 96 %, 1628 MiB, 126.05 W
2026/10/04 21:46:47.426, GPU-5597e55d-d2a4-aa89-e17f-8c674ae364a0, NVIDIA L40, 96 %, 1628 MiB, 125.34 W
2026/10/04 21:46:48.430, GPU-5597e55d-d2a4-aa89-e17f-8c674ae364a0, NVIDIA L40, 97 %, 1628 MiB, 126.14 W
2026/10/04 21:46:49.434, GPU-5597e55d-d2a4-aa89-e17f-8c674ae364a0, NVIDIA L40, 97 %, 1628 MiB, 126.46 W
2026/10/04 21:46:50.438, GPU-5597e55d-d2a4-aa89-e17f-8c674ae364a0, NVIDIA L40, 97 %, 1628 MiB, 125.50 W
2026/10/04 21:46:51.441, GPU-5597e55d-d2a4-aa89-e17f-8c674ae364a0, NVIDIA L40, 97 %, 1628 MiB, 125.20 W
2026/10/04 21:46:52.445, GPU-5597e55d-d2a4-aa89-e17f-8c674ae364a0, NVIDIA L40, 97 %, 1628 MiB, 125.02 W
2026/10/04 21:46:53.452, GPU-5597e55d-d2a4-aa89-e17f-8c674ae364a0, NVIDIA L40, 97 %, 1628 MiB, 125.15 W
2026/10/04 21:46:54.456, GPU-5597e55d-d2a4-aa89-e17f-8c674ae364a0, NVIDIA L40, 97 %, 1628 MiB, 125.47 W
2026/10/04 21:46:55.459, GPU-5597e55d-d2a4-aa89-e17f-8c674ae364a0, NVIDIA L40, 97 %, 1628 MiB, 125.80 W
2026/10/04 21:46:56.463, GPU-5597e55d-d2a4-aa89-e17f-8c674ae364a0, NVIDIA L40, 97 %, 1628 MiB, 126.36 W
2026/10/04 21:46:57.467, GPU-5597e55d-d2a4-aa89-e17f-8c674ae364a0, NVIDIA L40, 97 %, 1628 MiB, 126.30 W
2026/10/04 21:46:58.470, GPU-5597e55d-d2a4-aa89-e17f-8c674ae364a0, NVIDIA L40, 97 %, 1628 MiB, 125.23 W
2026/10/04 21:46:59.474, GPU-5597e55d-d2a4-aa89-e17f-8c674ae364a0, NVIDIA L40, 97 %, 1628 MiB, 125.83 W
2026/10/04 21:47:00.477, GPU-5597e55d-d2a4-aa89-e17f-8c674ae364a0, NVIDIA L40, 97 %, 1628 MiB, 126.33 W
2026/10/04 21:47:01.481, GPU-5597e55d-d2a4-aa89-e17f-8c674ae364a0, NVIDIA L40, 96 %, 1628 MiB, 126.60 W
2026/10/04 21:47:02.484, GPU-5597e55d-d2a4-aa89-e17f-8c674ae364a0, NVIDIA L40, 97 %, 1628 MiB, 126.21 W
2026/10/04 21:47:03.488, GPU-5597e55d-d2a4-aa89-e17f-8c674ae364a0, NVIDIA L40, 96 %, 1628 MiB, 124.65 W
2026/10/04 21:47:04.492, GPU-5597e55d-d2a4-aa89-e17f-8c674ae364a0, NVIDIA L40, 97 %, 1628 MiB, 125.58 W
2026/10/04 21:47:05.495, GPU-5597e55d-d2a4-aa89-e17f-8c674ae364a0, NVIDIA L40, 97 %, 1628 MiB, 125.58 W
2026/10/04 21:47:06.499, GPU-5597e55d-d2a4-aa89-e17f-8c674ae364a0, NVIDIA L40, 97 %, 1628 MiB, 126.68 W
2026/10/04 21:47:07.502, GPU-5597e55d-d2a4-aa89-e17f-8c674ae364a0, NVIDIA L40, 97 %, 1628 MiB, 126.24 W
2026/10/04 21:47:08.506, GPU-5597e55d-d2a4-aa89-e17f-8c674ae364a0, NVIDIA L40, 97 %, 1628 MiB, 125.89 W
2026/10/04 21:47:09.510, GPU-5597e55d-d2a4-aa89-e17f-8c674ae364a0, NVIDIA L40, 97 %, 1628 MiB, 125.75 W
2026/10/04 21:47:10.513, GPU-5597e55d-d2a4-aa89-e17f-8c674ae364a0, NVIDIA L40, 96 %, 1628 MiB, 126.12 W
2026/10/04 21:47:11.517, GPU-5597e55d-d2a4-aa89-e17f-8c674ae364a0, NVIDIA L40, 97 %, 1628 MiB, 126.64 W
2026/10/04 21:47:12.521, GPU-5597e55d-d2a4-aa89-e17f-8c674ae364a0, NVIDIA L40, 96 %, 1628 MiB, 125.61 W
2026/10/04 21:47:13.525, GPU-5597e55d-d2a4-aa89-e17f-8c674ae364a0, NVIDIA L40, 96 %, 1628 MiB, 125.45 W
2026/10/04 21:47:14.528, GPU-5597e55d-d2a4-aa89-e17f-8c674ae364a0, NVIDIA L40, 96 %, 1628 MiB, 125.20 W
2026/10/04 21:47:15.532, GPU-5597e55d-d2a4-aa89-e17f-8c674ae364a0, NVIDIA L40, 97 %, 1628 MiB, 126.49 W
2026/10/04 21:47:16.535, GPU-5597e55d-d2a4-aa89-e17f-8c674ae364a0, NVIDIA L40, 97 %, 1628 MiB, 127.12 W
2026/10/04 21:47:17.541, GPU-5597e55d-d2a4-aa89-e17f-8c674ae364a0, NVIDIA L40, 97 %, 1628 MiB, 125.57 W
2026/10/04 21:47:18.544, GPU-5597e55d-d2a4-aa89-e17f-8c674ae364a0, NVIDIA L40, 96 %, 1628 MiB, 125.48 W
2026/10/04 21:47:19.548, GPU-5597e55d-d2a4-aa89-e17f-8c674ae364a0, NVIDIA L40, 97 %, 1628 MiB, 126.29 W
2026/10/04 21:47:20.552, GPU-5597e55d-d2a4-aa89-e17f-8c674ae364a0, NVIDIA L40, 97 %, 1628 MiB, 125.81 W
2026/10/04 21:47:21.555, GPU-5597e55d-d2a4-aa89-e17f-8c674ae364a0, NVIDIA L40, 97 %, 1628 MiB, 126.41 W
2026/10/04 21:47:22.559, GPU-5597e55d-d2a4-aa89-e17f-8c674ae364a0, NVIDIA L40, 96 %, 1628 MiB, 125.64 W
2026/10/04 21:47:23.563, GPU-5597e55d-d2a4-aa89-e17f-8c674ae364a0, NVIDIA L40, 97 %, 1628 MiB, 126.14 W
2026/10/04 21:47:24.567, GPU-5597e55d-d2a4-aa89-e17f-8c674ae364a0, NVIDIA L40, 96 %, 1628 MiB, 126.49 W
2026/10/04 21:47:25.571, GPU-5597e55d-d2a4-aa89-e17f-8c674ae364a0, NVIDIA L40, 97 %, 1628 MiB, 126.67 W
2026/10/04 21:47:26.575, GPU-5597e55d-d2a4-aa89-e17f-8c674ae364a0, NVIDIA L40, 96 %, 1628 MiB, 125.73 W
2026/10/04 21:47:27.579, GPU-5597e55d-d2a4-aa89-e17f-8c674ae364a0, NVIDIA L40, 96 %, 1628 MiB, 125.65 W
2026/10/04 21:47:28.582, GPU-5597e55d-d2a4-aa89-e17f-8c674ae364a0, NVIDIA L40, 97 %, 1628 MiB, 126.22 W
2026/10/04 21:47:29.586, GPU-5597e55d-d2a4-aa89-e17f-8c674ae364a0, NVIDIA L40, 97 %, 1628 MiB, 126.28 W
2026/10/04 21:47:30.590, GPU-5597e55d-d2a4-aa89-e17f-8c674ae364a0, NVIDIA L40, 97 %, 1628 MiB, 126.04 W
2026/10/04 21:47:31.594, GPU-5597e55d-d2a4-aa89-e17f-8c674ae364a0, NVIDIA L40, 96 %, 1628 MiB, 126.06 W
2026/10/04 21:47:32.598, GPU-5597e55d-d2a4-aa89-e17f-8c674ae364a0, NVIDIA L40, 96 %, 1628 MiB, 126.29 W
2026/10/04 21:47:33.602, GPU-5597e55d-d2a4-aa89-e17f-8c674ae364a0, NVIDIA L40, 97 %, 1628 MiB, 125.56 W
2026/10/04 21:47:34.606, GPU-5597e55d-d2a4-aa89-e17f-8c674ae364a0, NVIDIA L40, 97 %, 1628 MiB, 125.96 W
2026/10/04 21:47:35.609, GPU-5597e55d-d2a4-aa89-e17f-8c674ae364a0, NVIDIA L40, 96 %, 1628 MiB, 125.23 W
2026/10/04 21:47:36.613, GPU-5597e55d-d2a4-aa89-e17f-8c674ae364a0, NVIDIA L40, 97 %, 1628 MiB, 126.37 W
2026/10/04 21:47:37.617, GPU-5597e55d-d2a4-aa89-e17f-8c674ae364a0, NVIDIA L40, 96 %, 1628 MiB, 126.60 W
2026/10/04 21:47:38.621, GPU-5597e55d-d2a4-aa89-e17f-8c674ae364a0, NVIDIA L40, 97 %, 1628 MiB, 126.00 W
2026/10/04 21:47:39.624, GPU-5597e55d-d2a4-aa89-e17f-8c674ae364a0, NVIDIA L40, 96 %, 1628 MiB, 126.93 W
2026/10/04 21:47:40.628, GPU-5597e55d-d2a4-aa89-e17f-8c674ae364a0, NVIDIA L40, 97 %, 1628 MiB, 125.98 W
2026/10/04 21:47:41.638, GPU-5597e55d-d2a4-aa89-e17f-8c674ae364a0, NVIDIA L40, 96 %, 1628 MiB, 126.05 W
2026/10/04 21:47:42.641, GPU-5597e55d-d2a4-aa89-e17f-8c674ae364a0, NVIDIA L40, 97 %, 1628 MiB, 126.08 W
2026/10/04 21:47:43.644, GPU-5597e55d-d2a4-aa89-e17f-8c674ae364a0, NVIDIA L40, 97 %, 1628 MiB, 127.12 W
2026/10/04 21:47:44.648, GPU-5597e55d-d2a4-aa89-e17f-8c674ae364a0, NVIDIA L40, 97 %, 1628 MiB, 126.05 W
2026/10/04 21:47:45.652, GPU-5597e55d-d2a4-aa89-e17f-8c674ae364a0, NVIDIA L40, 96 %, 1628 MiB, 125.75 W
2026/10/04 21:47:46.655, GPU-5597e55d-d2a4-aa89-e17f-8c674ae364a0, NVIDIA L40, 97 %, 1628 MiB, 126.29 W
2026/10/04 21:47:47.659, GPU-5597e55d-d2a4-aa89-e17f-8c674ae364a0, NVIDIA L40, 97 %, 1628 MiB, 127.06 W
2026/10/04 21:47:48.662, GPU-5597e55d-d2a4-aa89-e17f-8c674ae364a0, NVIDIA L40, 97 %, 1628 MiB, 126.57 W
2026/10/04 21:47:49.666, GPU-5597e55d-d2a4-aa89-e17f-8c674ae364a0, NVIDIA L40, 97 %, 1628 MiB, 126.70 W
2026/10/04 21:47:50.670, GPU-5597e55d-d2a4-aa89-e17f-8c674ae364a0, NVIDIA L40, 97 %, 1628 MiB, 125.98 W
2026/10/04 21:47:51.673, GPU-5597e55d-d2a4-aa89-e17f-8c674ae364a0, NVIDIA L40, 97 %, 1628 MiB, 126.10 W
2026/10/04 21:47:52.677, GPU-5597e55d-d2a4-aa89-e17f-8c674ae364a0, NVIDIA L40, 97 %, 1628 MiB, 126.67 W
2026/10/04 21:47:53.680, GPU-5597e55d-d2a4-aa89-e17f-8c674ae364a0, NVIDIA L40, 97 %, 1628 MiB, 126.25 W
2026/10/04 21:47:54.684, GPU-5597e55d-d2a4-aa89-e17f-8c674ae364a0, NVIDIA L40, 96 %, 1628 MiB, 125.99 W
2026/10/04 21:47:55.688, GPU-5597e55d-d2a4-aa89-e17f-8c674ae364a0, NVIDIA L40, 96 %, 1628 MiB, 125.99 W
2026/10/04 21:47:56.692, GPU-5597e55d-d2a4-aa89-e17f-8c674ae364a0, NVIDIA L40, 97 %, 1628 MiB, 126.14 W
2026/10/04 21:47:57.695, GPU-5597e55d-d2a4-aa89-e17f-8c674ae364a0, NVIDIA L40, 97 %, 1628 MiB, 126.59 W
2026/10/04 21:47:58.699, GPU-5597e55d-d2a4-aa89-e17f-8c674ae364a0, NVIDIA L40, 96 %, 1628 MiB, 126.28 W
2026/10/04 21:47:59.702, GPU-5597e55d-d2a4-aa89-e17f-8c674ae364a0, NVIDIA L40, 97 %, 1628 MiB, 127.14 W
2026/10/04 21:48:00.706, GPU-5597e55d-d2a4-aa89-e17f-8c674ae364a0, NVIDIA L40, 97 %, 1628 MiB, 126.45 W
2026/10/04 21:48:01.710, GPU-5597e55d-d2a4-aa89-e17f-8c674ae364a0, NVIDIA L40, 97 %, 1628 MiB, 126.66 W
2026/10/04 21:48:02.713, GPU-5597e55d-d2a4-aa89-e17f-8c674ae364a0, NVIDIA L40, 97 %, 1628 MiB, 127.36 W
2026/10/04 21:48:03.716, GPU-5597e55d-d2a4-aa89-e17f-8c674ae364a0, NVIDIA L40, 0 %, 1628 MiB, 106.89 W
2026/10/04 21:48:04.720, GPU-5597e55d-d2a4-aa89-e17f-8c674ae364a0, NVIDIA L40, 0 %, 1628 MiB, 90.62 W
2026/10/04 21:48:05.724, GPU-5597e55d-d2a4-aa89-e17f-8c674ae364a0, NVIDIA L40, 0 %, 1628 MiB, 89.77 W
2026/10/04 21:48:06.728, GPU-5597e55d-d2a4-aa89-e17f-8c674ae364a0, NVIDIA L40, 2 %, 1628 MiB, 90.61 W
2026/10/04 21:48:07.731, GPU-5597e55d-d2a4-aa89-e17f-8c674ae364a0, NVIDIA L40, 99 %, 1628 MiB, 129.19 W
2026/10/04 21:48:08.735, GPU-5597e55d-d2a4-aa89-e17f-8c674ae364a0, NVIDIA L40, 0 %, 1628 MiB, 110.68 W
2026/10/04 21:48:09.738, GPU-5597e55d-d2a4-aa89-e17f-8c674ae364a0, NVIDIA L40, 0 %, 1628 MiB, 92.71 W
2026/10/04 21:48:10.741, GPU-5597e55d-d2a4-aa89-e17f-8c674ae364a0, NVIDIA L40, 0 %, 1628 MiB, 89.72 W
2026/10/04 21:48:11.744, GPU-5597e55d-d2a4-aa89-e17f-8c674ae364a0, NVIDIA L40, 0 %, 1628 MiB, 89.24 W
