pc1,pc2,pc3,pc4,pc5,pc6,pc7,pc8,pc9,pc10,pc11,pc12,pc13,pc14,pc15,pc16,y
-0.11440166991785139,-0.07610002549284184,-0.005837560071540938,-0.1153786904003479,0.09779664651133523,-0.07902211425643253,-0.1732381851928538,0.4600146917174558,-0.19273792195678374,0.4213912875975284,0.21836125994099043,-0.46693046186991666,0.17253110138377398,0.8028817162230806,-0.0007268721071443801,0.43968773155111585,0.0
0.9822734515985639,1.0873539787418807,1.0420387207469126,0.7946808428557224,1.636269972146033,0.6186681880466289,1.000578686203573,0.6290748688006981,0.9045698577102844,0.6569507262383896,0.8746201156267185,1.082612267941558,0.816961392254443,0.863439350484787,0.6795501139464679,0.7472814775608431,0.0
0.37077043709817836,0.6040976003848311,0.6872725719794041,0.4632081355665941,0.2496949625706567,0.36786334949947974,0.10199530973681636,0.7932887639477558,0.5289580663225406,0.26532707563559377,0.5402341991443765,-0.08954002458976967,0.8951650027663227,0.2474683942462626,0.45406476891985414,0.04560308652999931,0.0
-0.28751004454505713,-0.22034657223494258,-0.051337704736061696,-0.37454208325300964,-0.3642886320524928,0.39199212883108203,-0.1570378122639275,-0.14153107493253758,-0.7911540231890858,0.04249393320227596,-0.583298614386634,-0.452935274655297,-0.2343341898358203,0.111029520584048,-0.18137616027609438,-0.4286365422079933,0.0
0.2544861604212956,0.18486943562792638,0.12845880740504875,0.20524434083463095,0.45138564671779746,0.3274911112475401,0.15888550376787952,0.4192507583780166,0.17448226653533824,0.1601586290284945,0.6860513672120128,0.30871346706108327,0.6548566685908903,0.2581334176404115,1.0158400405335724,-0.07440966412128941,0.0
0.7929779209874471,0.6373038796722915,0.3370794886879038,0.7696003230132288,0.3559826897214204,0.8936339247833868,0.5003490597623164,0.7197450163186728,1.2660279684224718,0.5372817094356707,0.3928225413864805,0.5384936438601405,0.8185102299891274,0.19775043031453843,0.7141090155298917,0.5426207587842244,0.0
-0.7440844864044125,-0.49662053201476397,-0.5875354320125177,-0.2256254233267204,-0.9912019097023699,-0.24398781068084568,-0.4989026251346053,0.12301284584634903,-0.08952280045590555,-0.39069465506747303,-0.22052151285787075,-0.28055210360401894,0.12352077424668967,-0.28577145855029396,-0.3569145097593985,-0.37166137660438825,0.0
0.35340605597478536,-0.1072742408094279,-0.004154735653262603,0.32231732501007504,0.28403658200312465,0.002923634876035114,-0.5065191697609397,0.4113255413767996,0.7259572079017947,0.3040895027183527,0.17871002501164074,0.12383334073654512,-0.0852933558028453,0.5217649974265276,0.18815039976848152,0.58443503081902,0.0
-0.1117563596633124,-0.017991500680711724,0.20049433646100306,0.03723774676504532,0.19201285857747258,-0.022174137389699422,-0.07109560197257903,0.3391507194442254,0.04270976961493825,0.7621413512512787,0.3925542780415032,0.29285371564436335,-0.12293441064713001,0.14838999605064174,0.569287854593377,1.8243318453955568,0.0
