season,hour,log_count,n_obs
2.500000,0,2.703773,11
2.500000,1,2.288774,11
2.500000,2,1.948167,10
2.500000,3,1.937985,7
2.500000,4,1.349536,11
2.500000,5,1.968426,10
2.500000,6,3.068725,11
2.500000,7,3.734932,11
2.500000,8,4.572928,11
2.500000,9,4.428303,11
2.500000,10,4.154974,11
2.500000,11,4.348230,11
2.500000,12,4.663587,11
2.500000,13,4.671742,11
2.500000,14,4.610145,11
2.500000,15,4.675081,11
2.500000,16,4.850751,11
2.500000,17,5.198089,11
2.500000,18,5.052207,11
2.500000,19,4.734104,11
2.500000,20,4.370976,11
2.500000,21,4.138373,11
2.500000,22,3.694424,11
2.500000,23,3.278639,11
7.500000,0,3.143498,10
7.500000,1,2.387674,10
7.500000,2,2.157220,10
7.500000,3,1.988398,7
7.500000,4,1.282018,10
7.500000,5,2.007819,10
7.500000,6,2.878997,10
7.500000,7,4.031665,10
7.500000,8,4.780677,10
7.500000,9,4.600999,10
7.500000,10,4.386000,10
7.500000,11,4.485468,10
7.500000,12,4.694760,10
7.500000,13,4.720882,10
7.500000,14,4.586557,10
7.500000,15,4.646043,10
7.500000,16,4.806211,10
7.500000,17,5.120914,10
7.500000,18,4.944518,10
7.500000,19,4.656788,10
7.500000,20,4.378803,10
7.500000,21,3.994232,10
7.500000,22,3.870613,10
7.500000,23,3.220851,10
12.500000,0,2.910578,10
12.500000,1,2.395589,10
12.500000,2,2.058094,10
12.500000,3,1.928914,8
12.500000,4,1.630790,7
12.500000,5,1.928570,10
12.500000,6,2.924130,10
12.500000,7,3.977909,10
12.500000,8,4.859014,10
12.500000,9,4.682595,10
12.500000,10,4.311504,10
12.500000,11,4.410882,10
12.500000,12,4.678215,10
12.500000,13,4.780116,10
12.500000,14,4.649653,10
12.500000,15,4.719232,10
12.500000,16,4.927435,10
12.500000,17,5.171111,10
12.500000,18,5.057767,10
12.500000,19,4.729315,10
12.500000,20,4.381010,10
12.500000,21,4.109977,10
12.500000,22,3.845555,10
12.500000,23,3.547317,10
17.500000,0,2.827135,9
17.500000,1,2.346820,9
17.500000,2,2.038438,9
17.500000,3,1.718817,7
17.500000,4,0.937283,9
17.500000,5,2.105271,9
17.500000,6,3.056353,9
17.500000,7,4.086538,9
17.500000,8,4.820055,9
17.500000,9,4.586036,9
17.500000,10,4.240611,9
17.500000,11,4.398009,9
17.500000,12,4.245986,10
17.500000,13,4.517043,10
17.500000,14,4.475166,10
17.500000,15,4.598303,10
17.500000,16,4.810844,10
17.500000,17,5.291358,10
17.500000,18,5.228971,10
17.500000,19,4.906004,10
17.500000,20,4.595595,10
17.500000,21,4.232524,10
17.500000,22,3.916983,10
17.500000,23,3.389903,10
22.500000,0,3.019557,10
22.500000,1,2.320877,10
22.500000,2,2.090996,9
22.500000,3,1.451893,9
22.500000,4,1.039093,9
22.500000,5,2.427102,9
22.500000,6,3.035519,10
22.500000,7,4.059982,10
22.500000,8,5.019009,10
22.500000,9,4.795580,10
22.500000,10,4.425185,10
22.500000,11,4.469470,10
22.500000,12,4.714522,10
22.500000,13,4.665259,10
22.500000,14,4.568304,10
22.500000,15,4.668562,10
22.500000,16,4.864903,10
22.500000,17,5.270218,10
22.500000,18,5.176742,10
22.500000,19,4.947554,10
22.500000,20,4.636665,10
22.500000,21,4.285181,10
22.500000,22,4.077610,10
22.500000,23,3.748888,10
27.500000,0,3.304874,9
27.500000,1,2.878487,9
27.500000,2,2.473336,9
27.500000,3,1.996786,8
27.500000,4,1.451824,7
27.500000,5,2.227053,8
27.500000,6,3.004033,8
27.500000,7,3.634911,9
27.500000,8,4.677644,9
27.500000,9,4.583623,9
27.500000,10,4.474369,9
27.500000,11,4.543283,9
27.500000,12,4.782578,9
27.500000,13,4.793814,9
27.500000,14,4.803971,9
27.500000,15,4.909005,9
27.500000,16,4.923934,10
27.500000,17,5.122034,10
27.500000,18,5.176318,9
27.500000,19,4.938328,9
27.500000,20,4.535329,9
27.500000,21,4.326470,9
27.500000,22,4.027030,9
27.500000,23,3.659577,9
32.500000,0,2.976736,10
32.500000,1,2.409397,10
32.500000,2,1.948644,10
32.500000,3,1.420582,10
32.500000,4,1.217880,7
32.500000,5,2.019729,10
32.500000,6,3.320052,10
32.500000,7,4.342312,10
32.500000,8,5.292954,10
32.500000,9,5.031477,10
32.500000,10,4.472324,10
32.500000,11,4.571293,10
32.500000,12,4.794961,10
32.500000,13,4.746061,10
32.500000,14,4.750648,10
32.500000,15,4.789323,10
32.500000,16,4.975291,10
32.500000,17,5.455613,10
32.500000,18,5.306272,10
32.500000,19,4.899479,10
32.500000,20,4.632892,10
32.500000,21,4.410653,10
32.500000,22,4.272623,10
32.500000,23,3.744208,10
37.500000,0,3.196579,10
37.500000,1,2.448760,10
37.500000,2,1.742680,10
37.500000,3,1.422425,9
37.500000,4,1.194506,9
37.500000,5,2.311398,10
37.500000,6,3.522853,10
37.500000,7,4.542998,10
37.500000,8,5.270842,10
37.500000,9,4.931692,10
37.500000,10,4.369565,10
37.500000,11,4.408914,10
37.500000,12,4.700666,10
37.500000,13,4.718114,10
37.500000,14,4.601749,10
37.500000,15,4.568585,10
37.500000,16,4.935668,10
37.500000,17,5.417329,10
37.500000,18,5.352252,10
37.500000,19,4.935998,10
37.500000,20,4.634671,10
37.500000,21,4.534005,10
37.500000,22,4.213062,10
37.500000,23,3.753354,10
42.500000,0,3.037519,10
42.500000,1,2.540717,10
42.500000,2,2.092152,10
42.500000,3,1.817229,8
42.500000,4,1.076974,9
42.500000,5,1.933740,9
42.500000,6,2.946779,10
42.500000,7,4.002017,10
42.500000,8,4.830439,10
42.500000,9,4.730804,10
42.500000,10,4.382898,10
42.500000,11,4.568030,10
42.500000,12,4.857930,10
42.500000,13,4.925232,10
42.500000,14,4.759063,10
42.500000,15,4.807784,10
42.500000,16,5.038569,10
42.500000,17,5.364642,10
42.500000,18,5.174463,10
42.500000,19,4.764493,10
42.500000,20,4.475821,10
42.500000,21,4.223615,10
42.500000,22,3.989465,10
42.500000,23,3.549082,10
47.500000,0,3.481087,10
47.500000,1,2.733110,10
47.500000,2,2.634599,9
47.500000,3,1.764422,9
47.500000,4,1.180039,9
47.500000,5,1.904729,10
47.500000,6,3.195553,10
47.500000,7,4.344040,10
47.500000,8,5.189010,10
47.500000,9,4.904143,10
47.500000,10,4.606862,10
47.500000,11,4.799875,10
47.500000,12,4.960332,10
47.500000,13,5.077848,10
47.500000,14,4.946303,10
47.500000,15,5.101213,10
47.500000,16,5.215732,10
47.500000,17,5.545360,10
47.500000,18,5.401098,10
47.500000,19,5.081459,10
47.500000,20,4.806517,10
47.500000,21,4.418454,10
47.500000,22,4.322257,10
47.500000,23,3.805520,10
52.500000,0,3.164565,9
52.500000,1,2.543023,9
52.500000,2,1.988056,9
52.500000,3,1.794997,8
52.500000,4,0.924842,7
52.500000,5,2.447271,8
52.500000,6,3.362019,10
52.500000,7,4.296260,10
52.500000,8,5.264554,10
52.500000,9,4.935191,10
52.500000,10,4.544973,10
52.500000,11,4.743542,10
52.500000,12,4.940604,10
52.500000,13,4.909305,10
52.500000,14,4.693737,10
52.500000,15,4.805400,10
52.500000,16,4.988456,10
52.500000,17,5.464000,10
52.500000,18,5.341226,10
52.500000,19,5.005455,10
52.500000,20,4.745807,10
52.500000,21,4.638587,10
52.500000,22,4.249656,10
52.500000,23,3.727407,10
57.500000,0,3.078184,10
57.500000,1,2.537924,10
57.500000,2,2.112051,9
57.500000,3,1.619297,10
57.500000,4,1.202829,7
57.500000,5,2.366203,9
57.500000,6,3.275697,10
57.500000,7,4.446019,10
57.500000,8,5.070785,10
57.500000,9,4.764176,10
57.500000,10,4.385926,10
57.500000,11,4.499660,10
57.500000,12,4.896083,10
57.500000,13,4.897129,10
57.500000,14,4.827546,10
57.500000,15,4.853817,10
57.500000,16,5.193986,10
57.500000,17,5.572002,10
57.500000,18,5.442701,10
57.500000,19,4.982298,10
57.500000,20,4.643274,10
57.500000,21,4.512264,10
57.500000,22,4.254925,10
57.500000,23,3.881311,10
62.500000,0,3.073095,10
62.500000,1,2.594581,10
62.500000,2,2.334735,10
62.500000,3,1.573872,10
62.500000,4,1.114360,10
62.500000,5,2.196278,9
62.500000,6,3.096666,10
62.500000,7,4.119154,10
62.500000,8,4.919868,10
62.500000,9,4.812837,10
62.500000,10,4.531806,10
62.500000,11,4.766631,10
62.500000,12,4.961837,10
62.500000,13,5.066153,10
62.500000,14,4.947261,10
62.500000,15,4.719202,10
62.500000,16,4.846674,10
62.500000,17,5.316084,10
62.500000,18,5.195241,10
62.500000,19,4.792054,10
62.500000,20,4.459574,10
62.500000,21,4.271065,10
62.500000,22,4.066566,10
62.500000,23,3.489273,10
67.500000,0,2.887740,10
67.500000,1,2.387034,10
67.500000,2,1.827140,8
67.500000,3,1.905270,9
67.500000,4,1.351670,8
67.500000,5,2.297817,10
67.500000,6,3.616649,10
67.500000,7,4.657628,10
67.500000,8,5.373959,10
67.500000,9,4.961756,10
67.500000,10,4.548204,10
67.500000,11,4.643389,10
67.500000,12,5.007951,10
67.500000,13,4.893192,10
67.500000,14,4.782335,10
67.500000,15,4.909497,10
67.500000,16,5.160608,10
67.500000,17,5.761296,10
67.500000,18,5.611739,10
67.500000,19,5.193151,10
67.500000,20,4.771050,10
67.500000,21,4.519712,10
67.500000,22,4.239290,10
67.500000,23,3.835142,10
72.500000,0,3.298400,10
72.500000,1,2.598534,10
72.500000,2,1.685876,8
72.500000,3,1.700276,9
72.500000,4,1.454390,9
72.500000,5,2.472997,10
72.500000,6,3.652931,10
72.500000,7,4.838606,10
72.500000,8,5.620596,10
72.500000,9,5.233163,10
72.500000,10,4.790682,10
72.500000,11,4.947154,10
72.500000,12,5.178454,10
72.500000,13,5.168583,10
72.500000,14,5.117933,10
72.500000,15,5.171972,10
72.500000,16,5.401411,10
72.500000,17,5.916031,10
72.500000,18,5.875666,10
72.500000,19,5.471359,10
72.500000,20,5.157399,10
72.500000,21,4.807323,10
72.500000,22,4.434551,10
72.500000,23,3.913886,10
77.500000,0,3.667855,10
77.500000,1,3.247343,10
77.500000,2,2.834054,10
77.500000,3,1.926810,10
77.500000,4,1.613398,8
77.500000,5,2.387903,10
77.500000,6,3.540644,10
77.500000,7,4.322306,10
77.500000,8,5.232565,10
77.500000,9,5.238044,10
77.500000,10,5.047511,10
77.500000,11,5.282192,10
77.500000,12,5.472747,10
77.500000,13,5.542350,10
77.500000,14,5.525656,10
77.500000,15,5.565917,10
77.500000,16,5.716604,10
77.500000,17,6.079034,10
77.500000,18,6.010414,10
77.500000,19,5.631876,10
77.500000,20,5.222397,10
77.500000,21,4.978718,10
77.500000,22,4.708560,10
77.500000,23,4.141279,10
82.500000,0,3.504553,10
82.500000,1,3.167816,10
82.500000,2,2.510648,10
82.500000,3,1.888383,10
82.500000,4,1.593586,9
82.500000,5,2.604220,10
82.500000,6,3.831418,10
82.500000,7,4.839081,10
82.500000,8,5.489989,10
82.500000,9,5.236898,10
82.500000,10,4.941118,10
82.500000,11,5.021995,10
82.500000,12,5.275324,10
82.500000,13,5.306788,10
82.500000,14,5.222429,10
82.500000,15,5.308568,10
82.500000,16,5.454979,10
82.500000,17,5.839395,10
82.500000,18,5.798845,10
82.500000,19,5.482656,10
82.500000,20,5.071784,10
82.500000,21,4.673938,10
82.500000,22,4.485213,10
82.500000,23,4.069020,10
87.500000,0,3.108575,10
87.500000,1,2.605591,10
87.500000,2,2.140988,10
87.500000,3,1.823368,10
87.500000,4,1.390461,9
87.500000,5,2.651018,9
87.500000,6,3.803996,10
87.500000,7,4.806682,10
87.500000,8,5.546323,10
87.500000,9,5.220273,10
87.500000,10,4.742899,10
87.500000,11,4.917088,10
87.500000,12,5.176814,10
87.500000,13,5.144702,10
87.500000,14,5.055568,10
87.500000,15,5.075038,10
87.500000,16,5.212747,10
87.500000,17,5.829553,10
87.500000,18,5.736270,10
87.500000,19,5.416605,10
87.500000,20,5.002712,10
87.500000,21,4.636705,10
87.500000,22,4.352523,10
87.500000,23,3.829137,10
92.500000,0,3.241525,10
92.500000,1,2.746255,10
92.500000,2,2.400617,10
92.500000,3,1.835773,9
92.500000,4,1.301540,10
92.500000,5,2.624859,10
92.500000,6,4.057031,10
92.500000,7,4.878481,10
92.500000,8,5.500370,10
92.500000,9,5.267524,10
92.500000,10,4.986646,10
92.500000,11,5.109263,10
92.500000,12,5.308061,10
92.500000,13,5.336613,10
92.500000,14,5.364064,10
92.500000,15,5.361106,10
92.500000,16,5.662001,10
92.500000,17,6.086836,10
92.500000,18,5.975227,10
92.500000,19,5.638818,10
92.500000,20,5.173201,10
92.500000,21,4.883174,10
92.500000,22,4.447257,10
92.500000,23,4.117975,10
97.500000,0,3.659871,10
97.500000,1,2.994461,10
97.500000,2,2.564840,10
97.500000,3,2.057541,10
97.500000,4,1.409851,10
97.500000,5,2.384575,10
97.500000,6,3.616982,10
97.500000,7,4.511707,10
97.500000,8,5.343773,10
97.500000,9,5.265826,10
97.500000,10,5.050082,10
97.500000,11,5.300615,10
97.500000,12,5.462307,10
97.500000,13,5.434605,10
97.500000,14,5.317747,10
97.500000,15,5.389591,10
97.500000,16,5.627900,10
97.500000,17,5.965650,10
97.500000,18,5.761221,10
97.500000,19,5.451509,10
97.500000,20,5.101050,10
97.500000,21,4.826025,10
97.500000,22,4.593929,10
97.500000,23,4.069058,10
102.500000,0,3.563318,10
102.500000,1,2.734916,10
102.500000,2,2.399348,10
102.500000,3,1.886344,9
102.500000,4,1.719126,9
102.500000,5,2.660276,10
102.500000,6,3.950835,10
102.500000,7,5.018401,10
102.500000,8,5.664304,10
102.500000,9,5.192976,10
102.500000,10,4.875971,10
102.500000,11,5.104442,10
102.500000,12,5.381277,10
102.500000,13,5.336224,10
102.500000,14,5.261193,10
102.500000,15,5.324206,10
102.500000,16,5.637456,10
102.500000,17,6.151981,10
102.500000,18,6.019069,10
102.500000,19,5.676277,10
102.500000,20,5.273447,10
102.500000,21,5.033227,10
102.500000,22,4.779873,10
102.500000,23,4.365331,10
107.500000,0,3.640179,10
107.500000,1,2.860412,10
107.500000,2,2.484798,10
107.500000,3,2.062687,10
107.500000,4,1.923512,10
107.500000,5,2.889095,10
107.500000,6,4.127833,10
107.500000,7,5.179753,10
107.500000,8,5.749381,10
107.500000,9,5.242482,10
107.500000,10,4.892320,10
107.500000,11,4.985281,10
107.500000,12,5.150770,10
107.500000,13,5.175615,10
107.500000,14,5.133513,10
107.500000,15,5.287710,10
107.500000,16,5.509186,10
107.500000,17,5.940440,10
107.500000,18,5.988149,10
107.500000,19,5.789644,10
107.500000,20,5.393898,10
107.500000,21,4.993209,10
107.500000,22,4.787928,10
107.500000,23,4.368902,10
112.500000,0,3.534654,10
112.500000,1,3.098201,10
112.500000,2,2.804531,10
112.500000,3,2.069709,10
112.500000,4,1.780801,10
112.500000,5,2.477750,10
112.500000,6,3.689936,10
112.500000,7,4.693802,10
112.500000,8,5.422780,10
112.500000,9,5.244652,10
112.500000,10,5.022128,10
112.500000,11,5.178845,10
112.500000,12,5.304707,10
112.500000,13,5.203021,10
112.500000,14,5.198789,10
112.500000,15,5.260622,10
112.500000,16,5.379706,10
112.500000,17,5.670374,10
112.500000,18,5.649398,10
112.500000,19,5.244945,10
112.500000,20,4.873417,10
112.500000,21,4.593538,10
112.500000,22,4.395708,10
112.500000,23,4.063509,10
117.500000,0,3.947178,10
117.500000,1,3.477032,10
117.500000,2,3.051198,10
117.500000,3,2.230960,10
117.500000,4,1.735862,10
117.500000,5,2.636848,10
117.500000,6,4.058556,10
117.500000,7,5.025517,10
117.500000,8,5.718563,10
117.500000,9,5.352942,10
117.500000,10,5.111861,10
117.500000,11,5.297275,10
117.500000,12,5.530770,10
117.500000,13,5.573822,10
117.500000,14,5.545412,10
117.500000,15,5.579015,10
117.500000,16,5.852917,10
117.500000,17,6.242371,10
117.500000,18,6.076025,10
117.500000,19,5.818915,10
117.500000,20,5.449758,10
117.500000,21,5.203074,10
117.500000,22,4.917996,10
117.500000,23,4.480138,10
122.500000,0,4.075646,10
122.500000,1,3.368112,10
122.500000,2,2.744475,10
122.500000,3,2.089514,10
122.500000,4,1.967322,10
122.500000,5,2.974918,10
122.500000,6,4.075899,10
122.500000,7,5.136050,10
122.500000,8,5.760160,10
122.500000,9,5.294761,10
122.500000,10,5.028288,10
122.500000,11,5.252345,10
122.500000,12,5.464777,10
122.500000,13,5.488860,10
122.500000,14,5.316027,10
122.500000,15,5.433882,10
122.500000,16,5.753027,10
122.500000,17,6.248459,10
122.500000,18,6.228252,10
122.500000,19,5.922467,10
122.500000,20,5.585245,10
122.500000,21,5.364291,10
122.500000,22,5.065996,10
122.500000,23,4.664519,10
127.500000,0,3.929157,10
127.500000,1,3.264953,10
127.500000,2,2.628869,10
127.500000,3,2.199151,10
127.500000,4,1.620481,10
127.500000,5,2.857732,10
127.500000,6,4.098204,10
127.500000,7,5.126460,10
127.500000,8,5.786517,10
127.500000,9,5.471467,10
127.500000,10,5.189964,10
127.500000,11,5.410473,10
127.500000,12,5.677016,10
127.500000,13,5.675810,10
127.500000,14,5.449858,10
127.500000,15,5.587524,10
127.500000,16,5.930649,10
127.500000,17,6.348285,10
127.500000,18,6.179397,10
127.500000,19,5.807681,10
127.500000,20,5.396474,10
127.500000,21,5.070728,10
127.500000,22,4.924212,10
127.500000,23,4.451678,10
132.500000,0,4.053364,10
132.500000,1,3.569742,10
132.500000,2,3.019319,10
132.500000,3,2.447374,10
132.500000,4,1.991252,10
132.500000,5,2.911282,10
132.500000,6,3.806527,10
132.500000,7,4.683993,10
132.500000,8,5.459826,10
132.500000,9,5.324152,10
132.500000,10,5.194026,10
132.500000,11,5.434758,10
132.500000,12,5.698214,10
132.500000,13,5.717212,10
132.500000,14,5.607425,10
132.500000,15,5.720444,10
132.500000,16,5.845388,10
132.500000,17,6.087854,10
132.500000,18,6.003554,10
132.500000,19,5.856154,10
132.500000,20,5.435084,10
132.500000,21,5.094414,10
132.500000,22,4.835810,10
132.500000,23,4.519329,10
137.500000,0,4.007956,10
137.500000,1,3.301558,10
137.500000,2,2.951561,10
137.500000,3,2.269397,10
137.500000,4,2.099398,10
137.500000,5,3.075686,10
137.500000,6,4.514952,10
137.500000,7,5.514508,10
137.500000,8,6.036195,10
137.500000,9,5.578596,10
137.500000,10,5.225569,10
137.500000,11,5.344955,10
137.500000,12,5.553702,10
137.500000,13,5.660567,10
137.500000,14,5.584167,10
137.500000,15,5.640189,10
137.500000,16,5.963937,10
137.500000,17,6.395927,10
137.500000,18,6.354224,10
137.500000,19,6.005017,10
137.500000,20,5.678121,10
137.500000,21,5.367910,10
137.500000,22,5.115825,10
137.500000,23,4.636906,10
142.500000,0,3.992544,10
142.500000,1,3.295447,10
142.500000,2,2.788059,10
142.500000,3,2.053235,10
142.500000,4,1.888908,10
142.500000,5,2.881400,10
142.500000,6,4.456765,10
142.500000,7,5.335596,10
142.500000,8,5.924033,10
142.500000,9,5.446724,10
142.500000,10,5.175511,10
142.500000,11,5.353964,10
142.500000,12,5.566033,10
142.500000,13,5.599323,10
142.500000,14,5.485147,10
142.500000,15,5.596294,10
142.500000,16,5.842200,10
142.500000,17,6.231893,10
142.500000,18,6.230467,10
142.500000,19,5.932571,10
142.500000,20,5.745867,10
142.500000,21,5.406994,10
142.500000,22,5.119171,10
142.500000,23,4.629751,10
147.500000,0,4.302486,10
147.500000,1,3.657723,10
147.500000,2,3.368241,10
147.500000,3,2.638640,10
147.500000,4,1.917855,10
147.500000,5,2.694669,10
147.500000,6,3.726928,10
147.500000,7,4.650318,10
147.500000,8,5.398904,10
147.500000,9,5.400577,10
147.500000,10,5.518956,10
147.500000,11,5.690790,10
147.500000,12,5.845296,10
147.500000,13,5.846713,10
147.500000,14,5.812948,10
147.500000,15,5.826497,10
147.500000,16,5.997123,10
147.500000,17,6.170772,10
147.500000,18,6.091728,10
147.500000,19,5.877822,10
147.500000,20,5.557596,10
147.500000,21,5.220216,10
147.500000,22,4.895204,10
147.500000,23,4.602771,10
152.500000,0,4.160192,10
152.500000,1,3.494976,10
152.500000,2,2.882010,10
152.500000,3,2.272707,10
152.500000,4,2.071900,10
152.500000,5,3.148556,10
152.500000,6,4.416788,10
152.500000,7,5.347041,10
152.500000,8,5.922274,10
152.500000,9,5.539122,10
152.500000,10,5.340940,10
152.500000,11,5.454626,10
152.500000,12,5.738452,10
152.500000,13,5.711457,10
152.500000,14,5.643575,10
152.500000,15,5.674278,10
152.500000,16,5.949141,10
152.500000,17,6.252754,10
152.500000,18,6.074730,10
152.500000,19,5.792316,10
152.500000,20,5.580804,10
152.500000,21,5.405300,10
152.500000,22,5.013869,10
152.500000,23,4.715434,10
157.500000,0,4.004193,10
157.500000,1,3.263717,10
157.500000,2,2.693135,10
157.500000,3,2.093802,10
157.500000,4,2.117644,10
157.500000,5,3.227048,10
157.500000,6,4.705532,10
157.500000,7,5.592989,10
157.500000,8,6.074916,10
157.500000,9,5.531239,10
157.500000,10,5.149271,10
157.500000,11,5.349582,10
157.500000,12,5.530780,10
157.500000,13,5.569991,10
157.500000,14,5.499124,10
157.500000,15,5.531112,10
157.500000,16,5.903910,10
157.500000,17,6.385271,10
157.500000,18,6.354769,10
157.500000,19,6.083060,10
157.500000,20,5.861079,10
157.500000,21,5.489544,10
157.500000,22,5.255073,10
157.500000,23,4.799074,10
162.500000,0,4.026074,10
162.500000,1,3.482293,10
162.500000,2,2.880278,10
162.500000,3,2.375960,10
162.500000,4,2.038286,10
162.500000,5,3.240042,10
162.500000,6,4.428293,10
162.500000,7,5.361692,10
162.500000,8,5.922827,10
162.500000,9,5.545098,10
162.500000,10,5.204117,10
162.500000,11,5.343750,10
162.500000,12,5.540229,10
162.500000,13,5.491871,10
162.500000,14,5.454905,10
162.500000,15,5.550423,10
162.500000,16,5.891826,10
162.500000,17,6.334166,10
162.500000,18,6.274412,10
162.500000,19,6.011965,10
162.500000,20,5.799993,10
162.500000,21,5.510877,10
162.500000,22,5.197304,10
162.500000,23,4.755874,10
167.500000,0,4.199631,10
167.500000,1,3.610496,10
167.500000,2,3.139760,10
167.500000,3,2.302493,10
167.500000,4,2.273358,10
167.500000,5,3.047380,10
167.500000,6,4.177326,10
167.500000,7,5.050736,10
167.500000,8,5.689209,10
167.500000,9,5.559858,10
167.500000,10,5.311861,10
167.500000,11,5.581674,10
167.500000,12,5.785135,10
167.500000,13,5.713855,10
167.500000,14,5.665183,10
167.500000,15,5.695841,10
167.500000,16,6.000653,10
167.500000,17,6.325265,10
167.500000,18,6.222727,10
167.500000,19,5.979191,10
167.500000,20,5.681370,10
167.500000,21,5.470694,10
167.500000,22,5.271544,10
167.500000,23,4.671984,10
172.500000,0,4.106228,10
172.500000,1,3.461176,10
172.500000,2,2.618498,10
172.500000,3,2.208837,10
172.500000,4,2.323289,10
172.500000,5,2.991403,10
172.500000,6,4.406927,10
172.500000,7,5.353159,10
172.500000,8,5.901523,10
172.500000,9,5.566204,10
172.500000,10,5.204512,10
172.500000,11,5.319704,10
172.500000,12,5.481171,10
172.500000,13,5.508863,10
172.500000,14,5.436462,10
172.500000,15,5.457774,10
172.500000,16,5.840028,10
172.500000,17,6.362081,10
172.500000,18,6.288877,10
172.500000,19,6.041515,10
172.500000,20,5.789818,10
172.500000,21,5.548516,10
172.500000,22,5.195791,10
172.500000,23,4.763880,10
177.500000,0,4.068847,10
177.500000,1,3.495122,10
177.500000,2,2.913789,10
177.500000,3,2.180145,10
177.500000,4,2.263642,10
177.500000,5,3.341886,10
177.500000,6,4.657177,10
177.500000,7,5.589898,10
177.500000,8,6.022995,10
177.500000,9,5.531929,10
177.500000,10,5.243971,10
177.500000,11,5.355065,10
177.500000,12,5.618375,10
177.500000,13,5.582679,10
177.500000,14,5.515764,10
177.500000,15,5.522833,10
177.500000,16,5.898570,10
177.500000,17,6.427119,10
177.500000,18,6.343567,10
177.500000,19,6.087636,10
177.500000,20,5.857333,10
177.500000,21,5.566829,10
177.500000,22,5.224070,10
177.500000,23,4.688506,10
182.500000,0,4.502800,10
182.500000,1,3.952817,10
182.500000,2,3.556572,10
182.500000,3,2.799682,10
182.500000,4,2.263139,10
182.500000,5,2.679133,10
182.500000,6,3.778096,10
182.500000,7,4.689220,10
182.500000,8,5.449916,10
182.500000,9,5.499991,10
182.500000,10,5.538183,10
182.500000,11,5.714337,10
182.500000,12,5.866389,10
182.500000,13,5.866557,10
182.500000,14,5.833673,10
182.500000,15,5.860797,10
182.500000,16,5.978452,10
182.500000,17,6.149467,10
182.500000,18,6.046313,10
182.500000,19,5.927856,10
182.500000,20,5.793289,10
182.500000,21,5.600613,10
182.500000,22,5.375798,10
182.500000,23,4.950519,10
187.500000,0,4.274842,10
187.500000,1,3.572362,10
187.500000,2,2.975567,10
187.500000,3,2.413237,10
187.500000,4,2.037416,10
187.500000,5,3.123531,10
187.500000,6,4.330533,10
187.500000,7,5.251262,10
187.500000,8,5.827756,10
187.500000,9,5.521488,10
187.500000,10,5.117368,10
187.500000,11,5.396418,10
187.500000,12,5.554391,10
187.500000,13,5.546838,10
187.500000,14,5.475475,10
187.500000,15,5.465516,10
187.500000,16,5.714538,10
187.500000,17,6.103727,10
187.500000,18,6.125015,10
187.500000,19,5.901903,10
187.500000,20,5.731215,10
187.500000,21,5.507964,10
187.500000,22,5.271030,10
187.500000,23,4.843514,10
192.500000,0,4.138279,10
192.500000,1,3.311034,10
192.500000,2,2.807480,10
192.500000,3,2.300067,10
192.500000,4,1.935291,10
192.500000,5,3.276008,10
192.500000,6,4.658005,10
192.500000,7,5.585859,10
192.500000,8,6.005003,10
192.500000,9,5.536942,10
192.500000,10,5.226610,10
192.500000,11,5.356301,10
192.500000,12,5.573974,10
192.500000,13,5.522412,10
192.500000,14,5.423416,10
192.500000,15,5.394700,10
192.500000,16,5.801433,10
192.500000,17,6.381722,10
192.500000,18,6.323737,10
192.500000,19,6.068538,10
192.500000,20,5.720170,10
192.500000,21,5.466375,10
192.500000,22,5.235475,10
192.500000,23,4.803762,10
197.500000,0,4.304604,10
197.500000,1,3.487135,10
197.500000,2,3.121422,10
197.500000,3,2.350606,10
197.500000,4,2.281346,10
197.500000,5,3.148869,10
197.500000,6,4.430465,10
197.500000,7,5.359052,10
197.500000,8,5.875232,10
197.500000,9,5.507298,10
197.500000,10,5.292908,10
197.500000,11,5.436563,10
197.500000,12,5.594584,10
197.500000,13,5.598542,10
197.500000,14,5.501694,10
197.500000,15,5.561351,10
197.500000,16,5.832910,10
197.500000,17,6.292134,10
197.500000,18,6.303892,10
197.500000,19,6.085157,10
197.500000,20,5.851319,10
197.500000,21,5.583672,10
197.500000,22,5.185840,10
197.500000,23,4.765138,10
202.500000,0,4.197964,10
202.500000,1,3.550536,10
202.500000,2,3.283693,10
202.500000,3,2.644207,10
202.500000,4,2.221857,10
202.500000,5,2.987544,10
202.500000,6,4.142854,10
202.500000,7,4.976242,10
202.500000,8,5.668328,10
202.500000,9,5.442053,10
202.500000,10,5.223340,10
202.500000,11,5.312621,10
202.500000,12,5.480895,10
202.500000,13,5.375676,10
202.500000,14,5.440190,10
202.500000,15,5.464024,10
202.500000,16,5.750845,10
202.500000,17,6.058390,10
202.500000,18,5.984093,10
202.500000,19,5.854891,10
202.500000,20,5.593237,10
202.500000,21,5.363601,10
202.500000,22,5.090265,10
202.500000,23,4.752808,10
207.500000,0,4.246187,10
207.500000,1,3.472352,10
207.500000,2,2.887984,10
207.500000,3,2.424164,10
207.500000,4,1.993314,10
207.500000,5,3.325148,10
207.500000,6,4.575916,10
207.500000,7,5.502289,10
207.500000,8,5.989744,10
207.500000,9,5.490023,10
207.500000,10,5.178454,10
207.500000,11,5.365092,10
207.500000,12,5.400329,10
207.500000,13,5.425064,10
207.500000,14,5.343203,10
207.500000,15,5.435070,10
207.500000,16,5.820734,10
207.500000,17,6.344520,10
207.500000,18,6.293805,10
207.500000,19,6.028471,10
207.500000,20,5.749802,10
207.500000,21,5.522208,10
207.500000,22,5.245033,10
207.500000,23,4.892881,10
212.500000,0,4.026847,10
212.500000,1,3.433995,10
212.500000,2,2.737421,10
212.500000,3,2.203012,10
212.500000,4,2.133837,10
212.500000,5,3.342916,10
212.500000,6,4.585441,10
212.500000,7,5.544969,10
212.500000,8,6.071051,10
212.500000,9,5.532189,10
212.500000,10,5.174734,10
212.500000,11,5.309380,10
212.500000,12,5.522754,10
212.500000,13,5.504841,10
212.500000,14,5.431362,10
212.500000,15,5.385394,10
212.500000,16,5.795785,10
212.500000,17,6.364013,10
212.500000,18,6.364897,10
212.500000,19,6.105396,10
212.500000,20,5.734158,10
212.500000,21,5.474639,10
212.500000,22,5.201044,10
212.500000,23,4.846249,10
217.500000,0,4.122363,10
217.500000,1,3.487155,10
217.500000,2,3.047174,10
217.500000,3,2.427183,10
217.500000,4,2.311462,10
217.500000,5,2.892730,10
217.500000,6,4.196114,10
217.500000,7,5.155180,10
217.500000,8,5.673682,10
217.500000,9,5.479309,10
217.500000,10,5.407085,10
217.500000,11,5.531003,10
217.500000,12,5.722957,10
217.500000,13,5.703710,10
217.500000,14,5.649269,10
217.500000,15,5.627310,10
217.500000,16,5.869117,10
217.500000,17,6.161266,10
217.500000,18,6.131164,10
217.500000,19,5.906390,10
217.500000,20,5.660247,10
217.500000,21,5.389340,10
217.500000,22,5.171390,10
217.500000,23,4.731431,10
222.500000,0,4.224290,10
222.500000,1,3.574041,10
222.500000,2,3.160025,10
222.500000,3,2.411038,10
222.500000,4,2.161065,10
222.500000,5,3.218662,10
222.500000,6,4.158166,10
222.500000,7,5.165592,10
222.500000,8,5.650150,10
222.500000,9,5.430880,10
222.500000,10,5.274438,10
222.500000,11,5.498967,10
222.500000,12,5.707173,10
222.500000,13,5.588784,10
222.500000,14,5.535969,10
222.500000,15,5.665555,10
222.500000,16,5.930277,10
222.500000,17,6.333236,10
222.500000,18,6.264360,10
222.500000,19,6.001378,10
222.500000,20,5.691785,10
222.500000,21,5.408202,10
222.500000,22,5.209060,10
222.500000,23,4.868193,10
227.500000,0,4.021425,10
227.500000,1,3.406287,10
227.500000,2,2.526533,10
227.500000,3,2.195576,10
227.500000,4,1.919876,10
227.500000,5,3.227264,10
227.500000,6,4.338656,10
227.500000,7,5.374177,10
227.500000,8,5.917076,10
227.500000,9,5.547347,10
227.500000,10,5.225450,10
227.500000,11,5.353001,10
227.500000,12,5.599424,10
227.500000,13,5.628139,10
227.500000,14,5.542087,10
227.500000,15,5.547306,10
227.500000,16,5.915330,10
227.500000,17,6.418221,10
227.500000,18,6.336745,10
227.500000,19,6.011691,10
227.500000,20,5.741669,10
227.500000,21,5.483654,10
227.500000,22,5.052214,10
227.500000,23,4.733716,10
232.500000,0,4.138038,10
232.500000,1,3.462460,10
232.500000,2,2.947461,10
232.500000,3,2.420642,10
232.500000,4,2.170714,10
232.500000,5,3.114361,10
232.500000,6,4.370959,10
232.500000,7,5.291398,10
232.500000,8,5.857730,10
232.500000,9,5.597946,10
232.500000,10,5.364911,10
232.500000,11,5.467098,10
232.500000,12,5.678388,10
232.500000,13,5.609969,10
232.500000,14,5.634777,10
232.500000,15,5.586537,10
232.500000,16,5.958080,10
232.500000,17,6.315452,10
232.500000,18,6.289824,10
232.500000,19,5.889827,10
232.500000,20,5.516124,10
232.500000,21,5.379474,10
232.500000,22,5.094045,10
232.500000,23,4.595458,10
237.500000,0,4.251689,9
237.500000,1,3.548273,9
237.500000,2,3.120681,9
237.500000,3,2.365569,9
237.500000,4,2.258123,9
237.500000,5,3.229530,9
237.500000,6,4.273743,9
237.500000,7,4.704641,10
237.500000,8,5.457820,10
237.500000,9,5.397504,10
237.500000,10,5.334157,10
237.500000,11,5.435712,10
237.500000,12,5.484684,10
237.500000,13,5.417226,10
237.500000,14,5.371541,10
237.500000,15,5.401641,10
237.500000,16,5.542227,10
237.500000,17,5.876562,10
237.500000,18,6.225851,9
237.500000,19,5.990817,9
237.500000,20,5.651765,9
237.500000,21,5.417649,9
237.500000,22,5.086458,9
237.500000,23,4.655095,9
242.500000,0,4.072446,10
242.500000,1,3.311242,10
242.500000,2,2.985743,10
242.500000,3,2.363736,10
242.500000,4,2.118785,10
242.500000,5,3.221118,10
242.500000,6,4.452669,10
242.500000,7,5.533588,10
242.500000,8,6.051412,10
242.500000,9,5.561906,10
242.500000,10,5.269366,10
242.500000,11,5.507067,10
242.500000,12,5.743097,10
242.500000,13,5.697657,10
242.500000,14,5.655660,10
242.500000,15,5.697795,10
242.500000,16,5.983841,10
242.500000,17,6.407661,10
242.500000,18,6.321957,10
242.500000,19,6.056628,10
242.500000,20,5.600484,10
242.500000,21,5.322351,10
242.500000,22,5.144107,10
242.500000,23,4.781769,10
247.500000,0,3.905618,10
247.500000,1,3.408471,9
247.500000,2,2.707199,10
247.500000,3,2.397248,10
247.500000,4,1.997332,10
247.500000,5,2.874473,10
247.500000,6,3.920025,10
247.500000,7,4.902603,10
247.500000,8,5.602507,10
247.500000,9,5.361972,10
247.500000,10,5.146405,10
247.500000,11,5.037298,10
247.500000,12,5.311206,10
247.500000,13,5.231176,10
247.500000,14,5.232281,10
247.500000,15,5.479886,10
247.500000,16,5.765173,10
247.500000,17,6.100251,10
247.500000,18,6.097476,10
247.500000,19,5.913285,10
247.500000,20,5.445283,10
247.500000,21,5.085064,10
247.500000,22,4.864073,10
247.500000,23,4.431274,10
252.500000,0,3.881979,10
252.500000,1,3.332344,10
252.500000,2,3.118515,9
252.500000,3,2.682156,9
252.500000,4,2.050236,10
252.500000,5,3.273108,10
252.500000,6,4.081623,10
252.500000,7,5.074098,10
252.500000,8,5.674721,10
252.500000,9,5.424139,10
252.500000,10,5.225459,10
252.500000,11,5.505253,10
252.500000,12,5.681884,10
252.500000,13,5.698960,10
252.500000,14,5.669370,10
252.500000,15,5.791597,10
252.500000,16,5.867483,10
252.500000,17,6.155849,10
252.500000,18,6.031277,10
252.500000,19,5.835807,10
252.500000,20,5.589560,10
252.500000,21,5.319202,10
252.500000,22,5.043258,10
252.500000,23,4.484481,10
257.500000,0,4.177079,10
257.500000,1,3.499710,10
257.500000,2,2.888079,10
257.500000,3,2.611890,10
257.500000,4,2.111935,10
257.500000,5,3.236329,10
257.500000,6,4.482727,10
257.500000,7,5.422865,10
257.500000,8,5.882054,10
257.500000,9,5.547804,10
257.500000,10,5.362364,10
257.500000,11,5.580260,10
257.500000,12,5.769402,10
257.500000,13,5.752979,10
257.500000,14,5.671257,10
257.500000,15,5.688708,10
257.500000,16,6.002983,10
257.500000,17,6.381458,10
257.500000,18,6.284395,10
257.500000,19,5.992433,10
257.500000,20,5.685355,10
257.500000,21,5.401125,10
257.500000,22,5.122737,10
257.500000,23,4.729503,10
262.500000,0,3.806336,10
262.500000,1,3.090474,10
262.500000,2,2.589394,10
262.500000,3,2.337700,10
262.500000,4,1.960807,10
262.500000,5,3.412874,10
262.500000,6,4.571031,10
262.500000,7,5.600093,10
262.500000,8,5.969355,10
262.500000,9,5.457144,10
262.500000,10,5.053579,10
262.500000,11,5.330721,10
262.500000,12,5.411454,10
262.500000,13,5.507263,10
262.500000,14,5.495785,10
262.500000,15,5.453333,10
262.500000,16,5.851623,10
262.500000,17,6.370253,10
262.500000,18,6.281842,10
262.500000,19,5.994074,10
262.500000,20,5.634533,10
262.500000,21,5.446601,10
262.500000,22,5.169852,10
262.500000,23,4.656046,10
267.500000,0,4.216192,10
267.500000,1,3.500292,10
267.500000,2,3.182680,10
267.500000,3,2.601515,10
267.500000,4,2.297962,10
267.500000,5,3.006083,10
267.500000,6,4.363468,10
267.500000,7,5.364702,10
267.500000,8,5.886056,10
267.500000,9,5.460205,10
267.500000,10,5.194056,10
267.500000,11,5.316581,10
267.500000,12,5.566210,10
267.500000,13,5.555941,10
267.500000,14,5.420150,10
267.500000,15,5.607532,10
267.500000,16,5.890446,10
267.500000,17,6.325775,10
267.500000,18,6.299662,10
267.500000,19,6.024170,10
267.500000,20,5.678791,10
267.500000,21,5.371717,10
267.500000,22,4.928441,10
267.500000,23,4.562363,10
272.500000,0,4.037436,10
272.500000,1,3.381612,10
272.500000,2,2.895394,10
272.500000,3,2.395987,10
272.500000,4,2.231100,10
272.500000,5,2.966718,10
272.500000,6,4.177724,10
272.500000,7,4.967393,10
272.500000,8,5.471386,10
272.500000,9,5.338250,10
272.500000,10,5.203075,10
272.500000,11,5.503588,10
272.500000,12,5.631075,10
272.500000,13,5.631371,10
272.500000,14,5.623281,10
272.500000,15,5.676314,10
272.500000,16,5.928594,10
272.500000,17,6.265333,10
272.500000,18,6.082997,10
272.500000,19,5.790941,10
272.500000,20,5.252013,10
272.500000,21,5.063411,10
272.500000,22,4.930503,10
272.500000,23,4.487596,10
277.500000,0,4.094104,10
277.500000,1,3.299648,10
277.500000,2,2.464645,10
277.500000,3,2.473702,10
277.500000,4,2.198947,10
277.500000,5,3.224852,10
277.500000,6,4.489314,10
277.500000,7,5.448025,10
277.500000,8,5.967150,10
277.500000,9,5.467937,10
277.500000,10,5.183342,10
277.500000,11,5.406066,10
277.500000,12,5.684115,10
277.500000,13,5.602485,10
277.500000,14,5.531498,10
277.500000,15,5.597146,10
277.500000,16,5.973140,10
277.500000,17,6.355035,10
277.500000,18,6.211022,10
277.500000,19,5.852222,10
277.500000,20,5.575262,10
277.500000,21,5.258097,10
277.500000,22,5.043200,10
277.500000,23,4.722416,10
282.500000,0,3.898706,10
282.500000,1,3.159361,10
282.500000,2,2.610747,10
282.500000,3,2.051063,10
282.500000,4,2.162297,10
282.500000,5,3.129063,10
282.500000,6,4.386050,10
282.500000,7,5.359663,10
282.500000,8,5.946931,10
282.500000,9,5.628640,10
282.500000,10,5.419030,10
282.500000,11,5.538669,10
282.500000,12,5.659383,10
282.500000,13,5.675227,10
282.500000,14,5.671760,10
282.500000,15,5.665390,10
282.500000,16,5.882531,10
282.500000,17,6.333610,10
282.500000,18,6.205733,10
282.500000,19,5.883494,10
282.500000,20,5.502810,10
282.500000,21,5.202691,10
282.500000,22,4.899400,10
282.500000,23,4.563899,10
287.500000,0,4.138964,10
287.500000,1,3.598342,10
287.500000,2,2.845711,10
287.500000,3,2.299059,10
287.500000,4,2.171592,10
287.500000,5,2.973217,10
287.500000,6,4.063558,10
287.500000,7,4.988155,10
287.500000,8,5.625852,10
287.500000,9,5.452947,10
287.500000,10,5.351174,10
287.500000,11,5.484271,10
287.500000,12,5.647824,10
287.500000,13,5.684013,10
287.500000,14,5.675019,10
287.500000,15,5.768435,10
287.500000,16,6.060194,10
287.500000,17,6.372599,10
287.500000,18,6.179628,10
287.500000,19,5.722181,10
287.500000,20,5.500829,10
287.500000,21,5.197022,10
287.500000,22,4.986868,10
287.500000,23,4.544440,10
292.500000,0,4.025639,10
292.500000,1,3.301043,10
292.500000,2,2.804832,10
292.500000,3,2.130950,9
292.500000,4,2.118868,10
292.500000,5,2.969535,10
292.500000,6,4.175566,10
292.500000,7,5.097434,10
292.500000,8,5.807236,10
292.500000,9,5.600877,10
292.500000,10,5.304476,10
292.500000,11,5.489494,10
292.500000,12,5.727220,10
292.500000,13,5.678948,10
292.500000,14,5.603890,10
292.500000,15,5.716561,10
292.500000,16,5.972455,10
292.500000,17,6.246886,10
292.500000,18,6.033029,10
292.500000,19,5.705738,10
292.500000,20,5.443672,10
292.500000,21,5.188967,10
292.500000,22,5.013682,10
292.500000,23,4.654198,10
297.500000,0,3.928253,10
297.500000,1,3.277524,10
297.500000,2,2.586293,10
297.500000,3,2.049946,10
297.500000,4,1.933271,10
297.500000,5,3.174042,10
297.500000,6,4.382665,10
297.500000,7,5.439198,10
297.500000,8,6.034045,10
297.500000,9,5.566837,10
297.500000,10,5.185592,10
297.500000,11,5.360768,10
297.500000,12,5.593367,10
297.500000,13,5.500457,10
297.500000,14,5.493222,10
297.500000,15,5.552854,10
297.500000,16,5.968060,10
297.500000,17,6.416349,10
297.500000,18,6.249213,10
297.500000,19,5.845699,10
297.500000,20,5.522916,10
297.500000,21,5.278340,10
297.500000,22,5.024281,10
297.500000,23,4.588787,10
302.500000,0,3.547677,9
302.500000,1,3.151857,8
302.500000,2,2.664188,8
302.500000,3,2.474240,8
302.500000,4,2.119158,8
302.500000,5,2.718663,8
302.500000,6,3.873074,8
302.500000,7,4.696094,8
302.500000,8,5.430411,8
302.500000,9,5.193490,8
302.500000,10,4.799913,8
302.500000,11,5.012976,8
302.500000,12,5.307285,8
302.500000,13,5.165046,9
302.500000,14,5.088015,9
302.500000,15,5.166564,9
302.500000,16,5.347169,9
302.500000,17,5.651193,9
302.500000,18,5.571912,9
302.500000,19,5.130012,9
302.500000,20,4.843836,9
302.500000,21,4.569306,9
302.500000,22,4.354605,9
302.500000,23,3.890648,9
307.500000,0,3.797837,10
307.500000,1,3.418270,10
307.500000,2,2.537303,10
307.500000,3,2.004478,10
307.500000,4,2.156935,10
307.500000,5,2.758466,10
307.500000,6,4.004245,10
307.500000,7,4.964085,10
307.500000,8,5.645408,10
307.500000,9,5.435469,10
307.500000,10,5.292735,10
307.500000,11,5.384624,10
307.500000,12,5.640148,10
307.500000,13,5.616104,10
307.500000,14,5.591892,10
307.500000,15,5.636928,10
307.500000,16,5.852530,10
307.500000,17,6.124280,10
307.500000,18,5.880843,10
307.500000,19,5.548631,10
307.500000,20,5.214703,10
307.500000,21,4.890057,10
307.500000,22,4.677479,10
307.500000,23,4.460806,10
312.500000,0,3.786707,10
312.500000,1,3.173789,10
312.500000,2,2.475788,10
312.500000,3,2.281853,9
312.500000,4,2.058765,10
312.500000,5,3.063546,10
312.500000,6,4.271972,10
312.500000,7,5.380799,10
312.500000,8,5.915280,10
312.500000,9,5.497878,10
312.500000,10,5.185563,10
312.500000,11,5.276550,10
312.500000,12,5.549330,10
312.500000,13,5.505085,10
312.500000,14,5.379300,10
312.500000,15,5.448498,10
312.500000,16,5.719008,10
312.500000,17,6.113432,10
312.500000,18,5.963706,10
312.500000,19,5.657435,10
312.500000,20,5.291660,10
312.500000,21,5.073301,10
312.500000,22,4.762070,10
312.500000,23,4.368681,10
317.500000,0,3.656763,10
317.500000,1,2.867351,10
317.500000,2,2.657605,10
317.500000,3,1.997579,10
317.500000,4,1.894744,10
317.500000,5,2.950398,10
317.500000,6,4.180816,10
317.500000,7,5.180884,10
317.500000,8,5.797981,10
317.500000,9,5.332003,10
317.500000,10,4.982274,10
317.500000,11,5.181095,10
317.500000,12,5.412172,10
317.500000,13,5.394890,10
317.500000,14,5.380453,10
317.500000,15,5.431105,10
317.500000,16,5.721985,10
317.500000,17,6.079900,10
317.500000,18,5.966591,10
317.500000,19,5.579934,10
317.500000,20,5.320670,10
317.500000,21,5.045890,10
317.500000,22,4.765489,10
317.500000,23,4.360677,10
322.500000,0,3.764512,10
322.500000,1,3.216530,10
322.500000,2,2.746598,10
322.500000,3,2.074155,10
322.500000,4,2.150828,10
322.500000,5,2.771884,10
322.500000,6,3.819409,10
322.500000,7,4.867498,10
322.500000,8,5.572855,10
322.500000,9,5.419314,10
322.500000,10,5.165597,10
322.500000,11,5.354926,10
322.500000,12,5.582016,10
322.500000,13,5.611917,10
322.500000,14,5.562938,10
322.500000,15,5.609893,10
322.500000,16,5.685764,10
322.500000,17,5.842825,10
322.500000,18,5.676410,10
322.500000,19,5.418452,10
322.500000,20,5.025889,10
322.500000,21,4.827572,10
322.500000,22,4.512158,10
322.500000,23,4.140977,10
327.500000,0,3.383297,10
327.500000,1,2.892485,10
327.500000,2,2.599502,10
327.500000,3,1.766628,10
327.500000,4,1.653723,10
327.500000,5,2.260315,10
327.500000,6,3.105176,10
327.500000,7,4.069926,10
327.500000,8,4.660876,10
327.500000,9,4.809774,10
327.500000,10,4.843148,10
327.500000,11,5.049868,10
327.500000,12,5.201148,10
327.500000,13,5.280063,10
327.500000,14,5.295783,10
327.500000,15,5.317546,10
327.500000,16,5.275060,10
327.500000,17,5.174300,10
327.500000,18,4.968995,10
327.500000,19,4.684551,10
327.500000,20,4.549783,10
327.500000,21,4.315273,10
327.500000,22,4.135275,10
327.500000,23,3.832421,10
332.500000,0,3.461898,10
332.500000,1,2.851951,10
332.500000,2,2.268107,9
332.500000,3,1.770121,9
332.500000,4,1.630839,10
332.500000,5,3.210542,10
332.500000,6,4.302987,10
332.500000,7,5.354291,10
332.500000,8,5.907253,10
332.500000,9,5.420412,10
332.500000,10,4.781320,10
332.500000,11,4.775777,10
332.500000,12,5.061772,10
332.500000,13,5.096929,10
332.500000,14,5.074448,10
332.500000,15,5.228486,10
332.500000,16,5.647581,10
332.500000,17,6.040168,10
332.500000,18,5.960135,10
332.500000,19,5.623703,10
332.500000,20,5.312695,10
332.500000,21,5.065114,10
332.500000,22,4.735017,10
332.500000,23,4.258940,10
337.500000,0,3.834261,10
337.500000,1,3.253406,10
337.500000,2,2.757415,10
337.500000,3,1.946112,10
337.500000,4,2.087843,10
337.500000,5,3.015549,10
337.500000,6,4.000972,10
337.500000,7,5.065348,10
337.500000,8,5.716338,10
337.500000,9,5.405149,10
337.500000,10,4.932985,10
337.500000,11,5.156833,10
337.500000,12,5.458574,10
337.500000,13,5.465082,10
337.500000,14,5.406983,10
337.500000,15,5.424310,10
337.500000,16,5.716288,10
337.500000,17,6.037840,10
337.500000,18,5.940393,10
337.500000,19,5.650940,10
337.500000,20,5.256033,10
337.500000,21,4.982752,10
337.500000,22,4.702094,10
337.500000,23,4.300092,10
342.500000,0,3.867254,10
342.500000,1,3.219818,10
342.500000,2,2.780340,10
342.500000,3,2.235969,10
342.500000,4,1.835839,10
342.500000,5,2.539643,10
342.500000,6,3.529528,10
342.500000,7,4.447235,10
342.500000,8,5.309614,10
342.500000,9,5.183052,10
342.500000,10,4.973161,10
342.500000,11,5.119275,10
342.500000,12,5.306987,10
342.500000,13,5.303862,10
342.500000,14,5.239673,10
342.500000,15,5.324573,10
342.500000,16,5.458235,10
342.500000,17,5.644897,10
342.500000,18,5.560228,10
342.500000,19,5.230279,10
342.500000,20,4.925222,10
342.500000,21,4.633819,10
342.500000,22,4.446759,10
342.500000,23,4.177665,10
347.500000,0,3.747914,10
347.500000,1,3.132350,10
347.500000,2,2.459238,10
347.500000,3,1.995233,10
347.500000,4,1.897821,10
347.500000,5,3.035429,10
347.500000,6,4.090752,10
347.500000,7,5.221918,10
347.500000,8,5.914659,10
347.500000,9,5.504169,10
347.500000,10,5.031415,10
347.500000,11,5.164850,10
347.500000,12,5.416915,10
347.500000,13,5.373514,10
347.500000,14,5.281177,10
347.500000,15,5.323343,10
347.500000,16,5.637562,10
347.500000,17,5.985698,10
347.500000,18,5.827637,10
347.500000,19,5.558400,10
347.500000,20,5.240996,10
347.500000,21,5.019933,10
347.500000,22,4.742056,10
347.500000,23,4.334684,10
352.500000,0,3.436029,10
352.500000,1,2.821493,10
352.500000,2,2.213686,10
352.500000,3,1.778934,10
352.500000,4,1.727347,10
352.500000,5,2.984338,10
352.500000,6,4.051647,10
352.500000,7,5.064328,10
352.500000,8,5.761301,10
352.500000,9,5.380754,10
352.500000,10,4.950021,10
352.500000,11,5.074088,10
352.500000,12,5.263431,10
352.500000,13,5.239278,10
352.500000,14,5.154964,10
352.500000,15,5.245265,10
352.500000,16,5.509118,10
352.500000,17,5.830672,10
352.500000,18,5.781257,10
352.500000,19,5.321546,10
352.500000,20,4.982685,10
352.500000,21,4.633075,10
352.500000,22,4.334932,10
352.500000,23,3.911246,10
357.500000,0,2.754819,10
357.500000,1,2.600953,10
357.500000,2,2.228470,10
357.500000,3,1.727935,8
357.500000,4,1.270346,8
357.500000,5,1.885392,10
357.500000,6,2.611081,10
357.500000,7,3.148276,10
357.500000,8,3.656688,10
357.500000,9,4.140782,10
357.500000,10,4.136025,10
357.500000,11,4.519892,10
357.500000,12,4.615768,10
357.500000,13,4.678886,10
357.500000,14,4.633262,10
357.500000,15,4.549007,10
357.500000,16,4.528994,10
357.500000,17,4.415874,10
357.500000,18,4.140537,10
357.500000,19,3.791490,10
357.500000,20,3.650151,10
357.500000,21,3.377592,10
357.500000,22,3.184068,10
357.500000,23,3.015624,10
362.500000,0,3.080404,10
362.500000,1,2.800645,10
362.500000,2,2.237416,10
362.500000,3,1.618810,10
362.500000,4,1.568540,9
362.500000,5,2.003373,10
362.500000,6,3.231792,10
362.500000,7,4.061298,10
362.500000,8,4.852140,10
362.500000,9,4.827395,10
362.500000,10,4.580418,10
362.500000,11,4.713965,10
362.500000,12,4.833653,10
362.500000,13,4.917229,10
362.500000,14,4.922492,10
362.500000,15,4.993978,10
362.500000,16,5.103891,10
362.500000,17,5.198855,10
362.500000,18,5.015101,10
362.500000,19,4.734507,10
362.500000,20,4.410541,10
362.500000,21,4.237473,10
362.500000,22,3.886131,10
362.500000,23,3.729389,10
