2026/10/04 21:44:45.113, GPU-2883d61a-959f-11c2-e228-53bd79a17c45, NVIDIA L40, 0 %, 0 MiB, 38.88 W
2026/10/04 21:44:46.119, GPU-2883d61a-959f-11c2-e228-53bd79a17c45, NVIDIA L40, 0 %, 0 MiB, 38.88 W
2026/10/04 21:44:47.122, GPU-2883d61a-959f-11c2-e228-53bd79a17c45, NVIDIA L40, 0 %, 0 MiB, 38.91 W
2026/10/04 21:44:48.126, GPU-2883d61a-959f-11c2-e228-53bd79a17c45, NVIDIA L40, 0 %, 0 MiB, 39.06 W
2026/10/04 21:44:49.130, GPU-2883d61a-959f-11c2-e228-53bd79a17c45, NVIDIA L40, 0 %, 0 MiB, 39.18 W
2026/10/04 21:44:50.134, GPU-2883d61a-959f-11c2-e228-53bd79a17c45, NVIDIA L40, 0 %, 0 MiB, 39.03 W
2026/10/04 21:44:51.137, GPU-2883d61a-959f-11c2-e228-53bd79a17c45, NVIDIA L40, 0 %, 0 MiB, 39.15 W
2026/10/04 21:44:52.141, GPU-2883d61a-959f-11c2-e228-53bd79a17c45, NVIDIA L40, 0 %, 0 MiB, 39.00 W
2026/10/04 21:44:53.145, GPU-2883d61a-959f-11c2-e228-53bd79a17c45, NVIDIA L40, 0 %, 0 MiB, 39.12 W
2026/10/04 21:44:54.149, GPU-2883d61a-959f-11c2-e228-53bd79a17c45, NVIDIA L40, 0 %, 0 MiB, 39.28 W
2026/10/04 21:44:55.153, GPU-2883d61a-959f-11c2-e228-53bd79a17c45, NVIDIA L40, 0 %, 0 MiB, 39.01 W
2026/10/04 21:44:56.156, GPU-2883d61a-959f-11c2-e228-53bd79a17c45, NVIDIA L40, 0 %, 0 MiB, 38.88 W
2026/10/04 21:44:57.160, GPU-2883d61a-959f-11c2-e228-53bd79a17c45, NVIDIA L40, 0 %, 0 MiB, 39.27 W
2026/10/04 21:44:58.164, GPU-2883d61a-959f-11c2-e228-53bd79a17c45, NVIDIA L40, 0 %, 0 MiB, 39.27 W
2026/10/04 21:44:59.168, GPU-2883d61a-959f-11c2-e228-53bd79a17c45, NVIDIA L40, 0 %, 0 MiB, 39.08 W
2026/10/04 21:45:00.172, GPU-2883d61a-959f-11c2-e228-53bd79a17c45, NVIDIA L40, 0 %, 0 MiB, 39.14 W
2026/10/04 21:45:01.178, GPU-2883d61a-959f-11c2-e228-53bd79a17c45, NVIDIA L40, 0 %, 476 MiB, 72.92 W
2026/10/04 21:45:02.181, GPU-2883d61a-959f-11c2-e228-53bd79a17c45, NVIDIA L40, 0 %, 1308 MiB, 84.73 W
2026/10/04 21:45:03.185, GPU-2883d61a-959f-11c2-e228-53bd79a17c45, NVIDIA L40, 94 %, 1564 MiB, 111.21 W
2026/10/04 21:45:04.189, GPU-2883d61a-959f-11c2-e228-53bd79a17c45, NVIDIA L40, 96 %, 1564 MiB, 118.22 W
2026/10/04 21:45:05.192, GPU-2883d61a-959f-11c2-e228-53bd79a17c45, NVIDIA L40, 96 %, 1564 MiB, 117.93 W
2026/10/04 21:45:06.196, GPU-2883d61a-959f-11c2-e228-53bd79a17c45, NVIDIA L40, 96 %, 1564 MiB, 119.12 W
2026/10/04 21:45:07.200, GPU-2883d61a-959f-11c2-e228-53bd79a17c45, NVIDIA L40, 96 %, 1564 MiB, 119.08 W
2026/10/04 21:45:08.203, GPU-2883d61a-959f-11c2-e228-53bd79a17c45, NVIDIA L40, 96 %, 1564 MiB, 119.51 W
2026/10/04 21:45:09.207, GPU-2883d61a-959f-11c2-e228-53bd79a17c45, NVIDIA L40, 96 %, 1564 MiB, 119.12 W
2026/10/04 21:45:10.211, GPU-2883d61a-959f-11c2-e228-53bd79a17c45, NVIDIA L40, 96 %, 1564 MiB, 119.31 W
2026/10/04 21:45:11.215, GPU-2883d61a-959f-11c2-e228-53bd79a17c45, NVIDIA L40, 96 %, 1564 MiB, 119.72 W
2026/10/04 21:45:12.218, GPU-2883d61a-959f-11c2-e228-53bd79a17c45, NVIDIA L40, 96 %, 1564 MiB, 118.83 W
2026/10/04 21:45:13.222, GPU-2883d61a-959f-11c2-e228-53bd79a17c45, NVIDIA L40, 96 %, 1564 MiB, 118.75 W
2026/10/04 21:45:14.225, GPU-2883d61a-959f-11c2-e228-53bd79a17c45, NVIDIA L40, 96 %, 1564 MiB, 119.67 W
2026/10/04 21:45:15.230, GPU-2883d61a-959f-11c2-e228-53bd79a17c45, NVIDIA L40, 97 %, 1564 MiB, 119.67 W
2026/10/04 21:45:16.234, GPU-2883d61a-959f-11c2-e228-53bd79a17c45, NVIDIA L40, 96 %, 1564 MiB, 119.60 W
2026/10/04 21:45:17.238, GPU-2883d61a-959f-11c2-e228-53bd79a17c45, NVIDIA L40, 96 %, 1564 MiB, 119.04 W
2026/10/04 21:45:18.242, GPU-2883d61a-959f-11c2-e228-53bd79a17c45, NVIDIA L40, 96 %, 1564 MiB, 119.87 W
2026/10/04 21:45:19.245, GPU-2883d61a-959f-11c2-e228-53bd79a17c45, NVIDIA L40, 96 %, 1564 MiB, 120.52 W
2026/10/04 21:45:20.249, GPU-2883d61a-959f-11c2-e228-53bd79a17c45, NVIDIA L40, 90 %, 1564 MiB, 120.81 W
2026/10/04 21:45:21.253, GPU-2883d61a-959f-11c2-e228-53bd79a17c45, NVIDIA L40, 96 %, 1564 MiB, 119.55 W
2026/10/04 21:45:22.256, GPU-2883d61a-959f-11c2-e228-53bd79a17c45, NVIDIA L40, 96 %, 1564 MiB, 120.34 W
2026/10/04 21:45:23.260, GPU-2883d61a-959f-11c2-e228-53bd79a17c45, NVIDIA L40, 96 %, 1564 MiB, 120.74 W
2026/10/04 21:45:24.264, GPU-2883d61a-959f-11c2-e228-53bd79a17c45, NVIDIA L40, 96 %, 1564 MiB, 119.93 W
2026/10/04 21:45:25.268, GPU-2883d61a-959f-11c2-e228-53bd79a17c45, NVIDIA L40, 96 %, 1564 MiB, 119.93 W
2026/10/04 21:45:26.271, GPU-2883d61a-959f-11c2-e228-53bd79a17c45, NVIDIA L40, 96 %, 1564 MiB, 120.71 W
2026/10/04 21:45:27.275, GPU-2883d61a-959f-11c2-e228-53bd79a17c45, NVIDIA L40, 96 %, 1564 MiB, 119.83 W
2026/10/04 21:45:28.279, GPU-2883d61a-959f-11c2-e228-53bd79a17c45, NVIDIA L40, 97 %, 1564 MiB, 120.52 W
2026/10/04 21:45:29.282, GPU-2883d61a-959f-11c2-e228-53bd79a17c45, NVIDIA L40, 96 %, 1564 MiB, 121.38 W
2026/10/04 21:45:30.286, GPU-2883d61a-959f-11c2-e228-53bd79a17c45, NVIDIA L40, 96 %, 1564 MiB, 120.63 W
2026/10/04 21:45:31.290, GPU-2883d61a-959f-11c2-e228-53bd79a17c45, NVIDIA L40, 96 %, 1564 MiB, 121.19 W
2026/10/04 21:45:32.293, GPU-2883d61a-959f-11c2-e228-53bd79a17c45, NVIDIA L40, 97 %, 1564 MiB, 121.71 W
2026/10/04 21:45:33.297, GPU-2883d61a-959f-11c2-e228-53bd79a17c45, NVIDIA L40, 96 %, 1564 MiB, 120.08 W
2026/10/04 21:45:34.300, GPU-2883d61a-959f-11c2-e228-53bd79a17c45, NVIDIA L40, 97 %, 1564 MiB, 120.74 W
2026/10/04 21:45:35.305, GPU-2883d61a-959f-11c2-e228-53bd79a17c45, NVIDIA L40, 96 %, 1564 MiB, 121.48 W
2026/10/04 21:45:36.308, GPU-2883d61a-959f-11c2-e228-53bd79a17c45, NVIDIA L40, 96 %, 1564 MiB, 120.70 W
2026/10/04 21:45:37.312, GPU-2883d61a-959f-11c2-e228-53bd79a17c45, NVIDIA L40, 96 %, 1564 MiB, 120.36 W
2026/10/04 21:45:38.316, GPU-2883d61a-959f-11c2-e228-53bd79a17c45, NVIDIA L40, 96 %, 1564 MiB, 120.94 W
2026/10/04 21:45:39.319, GPU-2883d61a-959f-11c2-e228-53bd79a17c45, NVIDIA L40, 96 %, 1564 MiB, 120.98 W
2026/10/04 21:45:40.328, GPU-2883d61a-959f-11c2-e228-53bd79a17c45, NVIDIA L40, 96 %, 1564 MiB, 121.14 W
2026/10/04 21:45:41.331, GPU-2883d61a-959f-11c2-e228-53bd79a17c45, NVIDIA L40, 96 %, 1564 MiB, 120.67 W
2026/10/04 21:45:42.335, GPU-2883d61a-959f-11c2-e228-53bd79a17c45, NVIDIA L40, 96 %, 1564 MiB, 121.23 W
2026/10/04 21:45:43.338, GPU-2883d61a-959f-11c2-e228-53bd79a17c45, NVIDIA L40, 96 %, 1564 MiB, 121.91 W
2026/10/04 21:45:44.342, GPU-2883d61a-959f-11c2-e228-53bd79a17c45, NVIDIA L40, 96 %, 1564 MiB, 121.56 W
2026/10/04 21:45:45.346, GPU-2883d61a-959f-11c2-e228-53bd79a17c45, NVIDIA L40, 96 %, 1564 MiB, 121.15 W
2026/10/04 21:45:46.349, GPU-2883d61a-959f-11c2-e228-53bd79a17c45, NVIDIA L40, 96 %, 1564 MiB, 121.00 W
2026/10/04 21:45:47.353, GPU-2883d61a-959f-11c2-e228-53bd79a17c45, NVIDIA L40, 97 %, 1564 MiB, 121.89 W
2026/10/04 21:45:48.357, GPU-2883d61a-959f-11c2-e228-53bd79a17c45, NVIDIA L40, 96 %, 1564 MiB, 122.03 W
2026/10/04 21:45:49.361, GPU-2883d61a-959f-11c2-e228-53bd79a17c45, NVIDIA L40, 96 %, 1564 MiB, 120.67 W
2026/10/04 21:45:50.364, GPU-2883d61a-959f-11c2-e228-53bd79a17c45, NVIDIA L40, 96 %, 1564 MiB, 121.08 W
2026/10/04 21:45:51.369, GPU-2883d61a-959f-11c2-e228-53bd79a17c45, NVIDIA L40, 97 %, 1564 MiB, 121.88 W
2026/10/04 21:45:52.372, GPU-2883d61a-959f-11c2-e228-53bd79a17c45, NVIDIA L40, 96 %, 1564 MiB, 121.44 W
2026/10/04 21:45:53.376, GPU-2883d61a-959f-11c2-e228-53bd79a17c45, NVIDIA L40, 96 %, 1564 MiB, 121.32 W
2026/10/04 21:45:54.380, GPU-2883d61a-959f-11c2-e228-53bd79a17c45, NVIDIA L40, 96 %, 1564 MiB, 122.11 W
2026/10/04 21:45:55.431, GPU-2883d61a-959f-11c2-e228-53bd79a17c45, NVIDIA L40, 97 %, 1564 MiB, 121.79 W
2026/10/04 21:45:56.435, GPU-2883d61a-959f-11c2-e228-53bd79a17c45, NVIDIA L40, 97 %, 1564 MiB, 121.46 W
2026/10/04 21:45:57.439, GPU-2883d61a-959f-11c2-e228-53bd79a17c45, NVIDIA L40, 97 %, 1564 MiB, 120.95 W
2026/10/04 21:45:58.443, GPU-2883d61a-959f-11c2-e228-53bd79a17c45, NVIDIA L40, 96 %, 1564 MiB, 122.45 W
2026/10/04 21:45:59.446, GPU-2883d61a-959f-11c2-e228-53bd79a17c45, NVIDIA L40, 96 %, 1564 MiB, 121.74 W
2026/10/04 21:46:00.450, GPU-2883d61a-959f-11c2-e228-53bd79a17c45, NVIDIA L40, 96 %, 1564 MiB, 121.88 W
2026/10/04 21:46:01.454, GPU-2883d61a-959f-11c2-e228-53bd79a17c45, NVIDIA L40, 96 %, 1564 MiB, 121.70 W
2026/10/04 21:46:02.458, GPU-2883d61a-959f-11c2-e228-53bd79a17c45, NVIDIA L40, 97 %, 1564 MiB, 122.61 W
2026/10/04 21:46:03.461, GPU-2883d61a-959f-11c2-e228-53bd79a17c45, NVIDIA L40, 96 %, 1564 MiB, 121.70 W
2026/10/04 21:46:04.465, GPU-2883d61a-959f-11c2-e228-53bd79a17c45, NVIDIA L40, 96 %, 1564 MiB, 122.31 W
2026/10/04 21:46:05.468, GPU-2883d61a-959f-11c2-e228-53bd79a17c45, NVIDIA L40, 97 %, 1564 MiB, 122.29 W
2026/10/04 21:46:06.472, GPU-2883d61a-959f-11c2-e228-53bd79a17c45, NVIDIA L40, 96 %, 1564 MiB, 122.40 W
2026/10/04 21:46:07.476, GPU-2883d61a-959f-11c2-e228-53bd79a17c45, NVIDIA L40, 97 %, 1564 MiB, 121.83 W
2026/10/04 21:46:08.480, GPU-2883d61a-959f-11c2-e228-53bd79a17c45, NVIDIA L40, 97 %, 1564 MiB, 122.63 W
2026/10/04 21:46:09.483, GPU-2883d61a-959f-11c2-e228-53bd79a17c45, NVIDIA L40, 96 %, 1564 MiB, 122.34 W
2026/10/04 21:46:10.487, GPU-2883d61a-959f-11c2-e228-53bd79a17c45, NVIDIA L40, 96 %, 1564 MiB, 121.07 W
2026/10/04 21:46:11.491, GPU-2883d61a-959f-11c2-e228-53bd79a17c45, NVIDIA L40, 96 %, 1564 MiB, 122.06 W
2026/10/04 21:46:12.495, GPU-2883d61a-959f-11c2-e228-53bd79a17c45, NVIDIA L40, 97 %, 1564 MiB, 123.25 W
2026/10/04 21:46:13.498, GPU-2883d61a-959f-11c2-e228-53bd79a17c45, NVIDIA L40, 96 %, 1564 MiB, 123.32 W
2026/10/04 21:46:14.502, GPU-2883d61a-959f-11c2-e228-53bd79a17c45, NVIDIA L40, 96 %, 1564 MiB, 122.19 W
2026/10/04 21:46:15.506, GPU-2883d61a-959f-11c2-e228-53bd79a17c45, NVIDIA L40, 96 %, 1564 MiB, 122.45 W
2026/10/04 21:46:16.509, GPU-2883d61a-959f-11c2-e228-53bd79a17c45, NVIDIA L40, 96 %, 1564 MiB, 122.40 W
2026/10/04 21:46:17.517, GPU-2883d61a-959f-11c2-e228-53bd79a17c45, NVIDIA L40, 97 %, 1564 MiB, 122.37 W
2026/10/04 21:46:18.520, GPU-2883d61a-959f-11c2-e228-53bd79a17c45, NVIDIA L40, 96 %, 1564 MiB, 122.64 W
2026/10/04 21:46:19.524, GPU-2883d61a-959f-11c2-e228-53bd79a17c45, NVIDIA L40, 97 %, 1564 MiB, 122.42 W
2026/10/04 21:46:20.527, GPU-2883d61a-959f-11c2-e228-53bd79a17c45, NVIDIA L40, 96 %, 1564 MiB, 122.55 W
2026/10/04 21:46:21.531, GPU-2883d61a-959f-11c2-e228-53bd79a17c45, NVIDIA L40, 96 %, 1564 MiB, 122.64 W
2026/10/04 21:46:22.535, GPU-2883d61a-959f-11c2-e228-53bd79a17c45, NVIDIA L40, 96 %, 1564 MiB, 122.20 W
2026/10/04 21:46:23.538, GPU-2883d61a-959f-11c2-e228-53bd79a17c45, NVIDIA L40, 96 %, 1564 MiB, 122.17 W
2026/10/04 21:46:24.542, GPU-2883d61a-959f-11c2-e228-53bd79a17c45, NVIDIA L40, 97 %, 1564 MiB, 122.71 W
2026/10/04 21:46:25.545, GPU-2883d61a-959f-11c2-e228-53bd79a17c45, NVIDIA L40, 96 %, 1564 MiB, 122.75 W
2026/10/04 21:46:26.549, GPU-2883d61a-959f-11c2-e228-53bd79a17c45, NVIDIA L40, 97 %, 1564 MiB, 123.23 W
2026/10/04 21:46:27.553, GPU-2883d61a-959f-11c2-e228-53bd79a17c45, NVIDIA L40, 96 %, 1564 MiB, 122.44 W
2026/10/04 21:46:28.557, GPU-2883d61a-959f-11c2-e228-53bd79a17c45, NVIDIA L40, 96 %, 1564 MiB, 122.76 W
2026/10/04 21:46:29.560, GPU-2883d61a-959f-11c2-e228-53bd79a17c45, NVIDIA L40, 97 %, 1564 MiB, 123.29 W
2026/10/04 21:46:30.564, GPU-2883d61a-959f-11c2-e228-53bd79a17c45, NVIDIA L40, 96 %, 1564 MiB, 123.70 W
2026/10/04 21:46:31.568, GPU-2883d61a-959f-11c2-e228-53bd79a17c45, NVIDIA L40, 97 %, 1564 MiB, 122.09 W
2026/10/04 21:46:32.571, GPU-2883d61a-959f-11c2-e228-53bd79a17c45, NVIDIA L40, 97 %, 1564 MiB, 122.92 W
2026/10/04 21:46:33.575, GPU-2883d61a-959f-11c2-e228-53bd79a17c45, NVIDIA L40, 96 %, 1564 MiB, 122.42 W
2026/10/04 21:46:34.579, GPU-2883d61a-959f-11c2-e228-53bd79a17c45, NVIDIA L40, 96 %, 1564 MiB, 123.78 W
2026/10/04 21:46:35.582, GPU-2883d61a-959f-11c2-e228-53bd79a17c45, NVIDIA L40, 97 %, 1564 MiB, 122.79 W
2026/10/04 21:46:36.586, GPU-2883d61a-959f-11c2-e228-53bd79a17c45, NVIDIA L40, 97 %, 1564 MiB, 122.44 W
2026/10/04 21:46:37.590, GPU-2883d61a-959f-11c2-e228-53bd79a17c45, NVIDIA L40, 95 %, 1564 MiB, 122.28 W
2026/10/04 21:46:38.593, GPU-2883d61a-959f-11c2-e228-53bd79a17c45, NVIDIA L40, 97 %, 1564 MiB, 123.25 W
2026/10/04 21:46:39.596, GPU-2883d61a-959f-11c2-e228-53bd79a17c45, NVIDIA L40, 97 %, 1564 MiB, 123.12 W
2026/10/04 21:46:40.600, GPU-2883d61a-959f-11c2-e228-53bd79a17c45, NVIDIA L40, 97 %, 1564 MiB, 123.08 W
2026/10/04 21:46:41.605, GPU-2883d61a-959f-11c2-e228-53bd79a17c45, NVIDIA L40, 97 %, 1564 MiB, 122.77 W
2026/10/04 21:46:42.608, GPU-2883d61a-959f-11c2-e228-53bd79a17c45, NVIDIA L40, 97 %, 1564 MiB, 122.33 W
2026/10/04 21:46:43.612, GPU-2883d61a-959f-11c2-e228-53bd79a17c45, NVIDIA L40, 97 %, 1564 MiB, 122.76 W
2026/10/04 21:46:44.616, GPU-2883d61a-959f-11c2-e228-53bd79a17c45, NVIDIA L40, 97 %, 1564 MiB, 123.02 W
2026/10/04 21:46:45.619, GPU-2883d61a-959f-11c2-e228-53bd79a17c45, NVIDIA L40, 97 %, 1564 MiB, 121.92 W
2026/10/04 21:46:46.623, GPU-2883d61a-959f-11c2-e228-53bd79a17c45, NVIDIA L40, 97 %, 1564 MiB, 122.64 W
2026/10/04 21:46:47.627, GPU-2883d61a-959f-11c2-e228-53bd79a17c45, NVIDIA L40, 97 %, 1564 MiB, 122.67 W
2026/10/04 21:46:48.630, GPU-2883d61a-959f-11c2-e228-53bd79a17c45, NVIDIA L40, 97 %, 1564 MiB, 123.47 W
2026/10/04 21:46:49.634, GPU-2883d61a-959f-11c2-e228-53bd79a17c45, NVIDIA L40, 97 %, 1564 MiB, 122.86 W
2026/10/04 21:46:50.637, GPU-2883d61a-959f-11c2-e228-53bd79a17c45, NVIDIA L40, 97 %, 1564 MiB, 122.37 W
2026/10/04 21:46:51.641, GPU-2883d61a-959f-11c2-e228-53bd79a17c45, NVIDIA L40, 97 %, 1564 MiB, 123.16 W
2026/10/04 21:46:52.645, GPU-2883d61a-959f-11c2-e228-53bd79a17c45, NVIDIA L40, 97 %, 1564 MiB, 123.12 W
2026/10/04 21:46:53.649, GPU-2883d61a-959f-11c2-e228-53bd79a17c45, NVIDIA L40, 97 %, 1564 MiB, 123.19 W
2026/10/04 21:46:54.652, GPU-2883d61a-959f-11c2-e228-53bd79a17c45, NVIDIA L40, 97 %, 1564 MiB, 122.77 W
2026/10/04 21:46:55.656, GPU-2883d61a-959f-11c2-e228-53bd79a17c45, NVIDIA L40, 97 %, 1564 MiB, 123.42 W
2026/10/04 21:46:56.660, GPU-2883d61a-959f-11c2-e228-53bd79a17c45, NVIDIA L40, 97 %, 1564 MiB, 122.41 W
2026/10/04 21:46:57.663, GPU-2883d61a-959f-11c2-e228-53bd79a17c45, NVIDIA L40, 97 %, 1564 MiB, 122.29 W
2026/10/04 21:46:58.667, GPU-2883d61a-959f-11c2-e228-53bd79a17c45, NVIDIA L40, 97 %, 1564 MiB, 123.83 W
2026/10/04 21:46:59.670, GPU-2883d61a-959f-11c2-e228-53bd79a17c45, NVIDIA L40, 97 %, 1564 MiB, 123.34 W
2026/10/04 21:47:00.674, GPU-2883d61a-959f-11c2-e228-53bd79a17c45, NVIDIA L40, 97 %, 1564 MiB, 122.49 W
2026/10/04 21:47:01.678, GPU-2883d61a-959f-11c2-e228-53bd79a17c45, NVIDIA L40, 97 %, 1564 MiB, 123.38 W
2026/10/04 21:47:02.682, GPU-2883d61a-959f-11c2-e228-53bd79a17c45, NVIDIA L40, 97 %, 1564 MiB, 123.32 W
2026/10/04 21:47:03.685, GPU-2883d61a-959f-11c2-e228-53bd79a17c45, NVIDIA L40, 97 %, 1564 MiB, 124.27 W
2026/10/04 21:47:04.689, GPU-2883d61a-959f-11c2-e228-53bd79a17c45, NVIDIA L40, 97 %, 1564 MiB, 123.12 W
2026/10/04 21:47:05.693, GPU-2883d61a-959f-11c2-e228-53bd79a17c45, NVIDIA L40, 97 %, 1564 MiB, 123.38 W
2026/10/04 21:47:06.701, GPU-2883d61a-959f-11c2-e228-53bd79a17c45, NVIDIA L40, 97 %, 1564 MiB, 123.64 W
2026/10/04 21:47:07.705, GPU-2883d61a-959f-11c2-e228-53bd79a17c45, NVIDIA L40, 96 %, 1564 MiB, 123.59 W
2026/10/04 21:47:08.708, GPU-2883d61a-959f-11c2-e228-53bd79a17c45, NVIDIA L40, 97 %, 1564 MiB, 122.21 W
2026/10/04 21:47:09.712, GPU-2883d61a-959f-11c2-e228-53bd79a17c45, NVIDIA L40, 96 %, 1564 MiB, 123.25 W
2026/10/04 21:47:10.716, GPU-2883d61a-959f-11c2-e228-53bd79a17c45, NVIDIA L40, 96 %, 1564 MiB, 122.80 W
2026/10/04 21:47:11.720, GPU-2883d61a-959f-11c2-e228-53bd79a17c45, NVIDIA L40, 97 %, 1564 MiB, 123.53 W
2026/10/04 21:47:12.723, GPU-2883d61a-959f-11c2-e228-53bd79a17c45, NVIDIA L40, 97 %, 1564 MiB, 123.77 W
2026/10/04 21:47:13.727, GPU-2883d61a-959f-11c2-e228-53bd79a17c45, NVIDIA L40, 97 %, 1564 MiB, 123.00 W
2026/10/04 21:47:14.730, GPU-2883d61a-959f-11c2-e228-53bd79a17c45, NVIDIA L40, 97 %, 1564 MiB, 123.32 W
2026/10/04 21:47:15.734, GPU-2883d61a-959f-11c2-e228-53bd79a17c45, NVIDIA L40, 96 %, 1564 MiB, 123.03 W
2026/10/04 21:47:16.738, GPU-2883d61a-959f-11c2-e228-53bd79a17c45, NVIDIA L40, 97 %, 1564 MiB, 124.83 W
2026/10/04 21:47:17.742, GPU-2883d61a-959f-11c2-e228-53bd79a17c45, NVIDIA L40, 97 %, 1564 MiB, 123.32 W
2026/10/04 21:47:18.745, GPU-2883d61a-959f-11c2-e228-53bd79a17c45, NVIDIA L40, 97 %, 1564 MiB, 123.20 W
2026/10/04 21:47:19.749, GPU-2883d61a-959f-11c2-e228-53bd79a17c45, NVIDIA L40, 97 %, 1564 MiB, 122.39 W
2026/10/04 21:47:20.753, GPU-2883d61a-959f-11c2-e228-53bd79a17c45, NVIDIA L40, 96 %, 1564 MiB, 123.69 W
2026/10/04 21:47:21.756, GPU-2883d61a-959f-11c2-e228-53bd79a17c45, NVIDIA L40, 97 %, 1564 MiB, 123.43 W
2026/10/04 21:47:22.760, GPU-2883d61a-959f-11c2-e228-53bd79a17c45, NVIDIA L40, 97 %, 1564 MiB, 122.98 W
2026/10/04 21:47:23.764, GPU-2883d61a-959f-11c2-e228-53bd79a17c45, NVIDIA L40, 97 %, 1564 MiB, 123.83 W
2026/10/04 21:47:24.767, GPU-2883d61a-959f-11c2-e228-53bd79a17c45, NVIDIA L40, 97 %, 1564 MiB, 123.06 W
2026/10/04 21:47:25.771, GPU-2883d61a-959f-11c2-e228-53bd79a17c45, NVIDIA L40, 97 %, 1564 MiB, 124.08 W
2026/10/04 21:47:26.775, GPU-2883d61a-959f-11c2-e228-53bd79a17c45, NVIDIA L40, 97 %, 1564 MiB, 124.02 W
2026/10/04 21:47:27.779, GPU-2883d61a-959f-11c2-e228-53bd79a17c45, NVIDIA L40, 97 %, 1564 MiB, 123.46 W
2026/10/04 21:47:28.782, GPU-2883d61a-959f-11c2-e228-53bd79a17c45, NVIDIA L40, 97 %, 1564 MiB, 124.48 W
2026/10/04 21:47:29.786, GPU-2883d61a-959f-11c2-e228-53bd79a17c45, NVIDIA L40, 97 %, 1564 MiB, 123.69 W
2026/10/04 21:47:30.790, GPU-2883d61a-959f-11c2-e228-53bd79a17c45, NVIDIA L40, 97 %, 1564 MiB, 123.76 W
2026/10/04 21:47:31.793, GPU-2883d61a-959f-11c2-e228-53bd79a17c45, NVIDIA L40, 97 %, 1564 MiB, 123.41 W
2026/10/04 21:47:32.797, GPU-2883d61a-959f-11c2-e228-53bd79a17c45, NVIDIA L40, 97 %, 1564 MiB, 123.31 W
2026/10/04 21:47:33.800, GPU-2883d61a-959f-11c2-e228-53bd79a17c45, NVIDIA L40, 97 %, 1564 MiB, 123.06 W
2026/10/04 21:47:34.804, GPU-2883d61a-959f-11c2-e228-53bd79a17c45, NVIDIA L40, 96 %, 1564 MiB, 123.76 W
2026/10/04 21:47:35.808, GPU-2883d61a-959f-11c2-e228-53bd79a17c45, NVIDIA L40, 97 %, 1564 MiB, 123.59 W
2026/10/04 21:47:36.812, GPU-2883d61a-959f-11c2-e228-53bd79a17c45, NVIDIA L40, 97 %, 1564 MiB, 123.57 W
2026/10/04 21:47:37.815, GPU-2883d61a-959f-11c2-e228-53bd79a17c45, NVIDIA L40, 97 %, 1564 MiB, 122.69 W
2026/10/04 21:47:38.819, GPU-2883d61a-959f-11c2-e228-53bd79a17c45, NVIDIA L40, 96 %, 1564 MiB, 123.74 W
2026/10/04 21:47:39.822, GPU-2883d61a-959f-11c2-e228-53bd79a17c45, NVIDIA L40, 96 %, 1564 MiB, 123.82 W
2026/10/04 21:47:40.827, GPU-2883d61a-959f-11c2-e228-53bd79a17c45, NVIDIA L40, 96 %, 1564 MiB, 123.19 W
2026/10/04 21:47:41.830, GPU-2883d61a-959f-11c2-e228-53bd79a17c45, NVIDIA L40, 96 %, 1564 MiB, 123.04 W
2026/10/04 21:47:42.834, GPU-2883d61a-959f-11c2-e228-53bd79a17c45, NVIDIA L40, 97 %, 1564 MiB, 123.64 W
2026/10/04 21:47:43.838, GPU-2883d61a-959f-11c2-e228-53bd79a17c45, NVIDIA L40, 97 %, 1564 MiB, 124.23 W
2026/10/04 21:47:44.841, GPU-2883d61a-959f-11c2-e228-53bd79a17c45, NVIDIA L40, 97 %, 1564 MiB, 123.38 W
2026/10/04 21:47:45.845, GPU-2883d61a-959f-11c2-e228-53bd79a17c45, NVIDIA L40, 97 %, 1564 MiB, 123.11 W
2026/10/04 21:47:46.849, GPU-2883d61a-959f-11c2-e228-53bd79a17c45, NVIDIA L40, 97 %, 1564 MiB, 123.88 W
2026/10/04 21:47:47.853, GPU-2883d61a-959f-11c2-e228-53bd79a17c45, NVIDIA L40, 97 %, 1564 MiB, 124.15 W
2026/10/04 21:47:48.856, GPU-2883d61a-959f-11c2-e228-53bd79a17c45, NVIDIA L40, 97 %, 1564 MiB, 123.40 W
2026/10/04 21:47:49.860, GPU-2883d61a-959f-11c2-e228-53bd79a17c45, NVIDIA L40, 97 %, 1564 MiB, 123.42 W
2026/10/04 21:47:50.864, GPU-2883d61a-959f-11c2-e228-53bd79a17c45, NVIDIA L40, 97 %, 1564 MiB, 123.53 W
2026/10/04 21:47:51.868, GPU-2883d61a-959f-11c2-e228-53bd79a17c45, NVIDIA L40, 97 %, 1564 MiB, 123.26 W
2026/10/04 21:47:52.871, GPU-2883d61a-959f-11c2-e228-53bd79a17c45, NVIDIA L40, 97 %, 1564 MiB, 123.93 W
2026/10/04 21:47:53.875, GPU-2883d61a-959f-11c2-e228-53bd79a17c45, NVIDIA L40, 97 %, 1564 MiB, 123.16 W
2026/10/04 21:47:54.879, GPU-2883d61a-959f-11c2-e228-53bd79a17c45, NVIDIA L40, 97 %, 1564 MiB, 124.05 W
2026/10/04 21:47:55.887, GPU-2883d61a-959f-11c2-e228-53bd79a17c45, NVIDIA L40, 97 %, 1564 MiB, 123.91 W
2026/10/04 21:47:56.891, GPU-2883d61a-959f-11c2-e228-53bd79a17c45, NVIDIA L40, 97 %, 1564 MiB, 124.47 W
2026/10/04 21:47:57.894, GPU-2883d61a-959f-11c2-e228-53bd79a17c45, NVIDIA L40, 96 %, 1564 MiB, 124.23 W
2026/10/04 21:47:58.898, GPU-2883d61a-959f-11c2-e228-53bd79a17c45, NVIDIA L40, 97 %, 1564 MiB, 124.31 W
2026/10/04 21:47:59.902, GPU-2883d61a-959f-11c2-e228-53bd79a17c45, NVIDIA L40, 97 %, 1564 MiB, 123.74 W
2026/10/04 21:48:00.906, GPU-2883d61a-959f-11c2-e228-53bd79a17c45, NVIDIA L40, 97 %, 1564 MiB, 123.20 W
2026/10/04 21:48:01.909, GPU-2883d61a-959f-11c2-e228-53bd79a17c45, NVIDIA L40, 97 %, 1564 MiB, 123.59 W
2026/10/04 21:48:02.913, GPU-2883d61a-959f-11c2-e228-53bd79a17c45, NVIDIA L40, 97 %, 1564 MiB, 124.04 W
2026/10/04 21:48:03.917, GPU-2883d61a-959f-11c2-e228-53bd79a17c45, NVIDIA L40, 97 %, 1564 MiB, 123.45 W
2026/10/04 21:48:04.920, GPU-2883d61a-959f-11c2-e228-53bd79a17c45, NVIDIA L40, 97 %, 1564 MiB, 122.33 W
2026/10/04 21:48:05.924, GPU-2883d61a-959f-11c2-e228-53bd79a17c45, NVIDIA L40, 97 %, 1564 MiB, 122.94 W
2026/10/04 21:48:06.927, GPU-2883d61a-959f-11c2-e228-53bd79a17c45, NVIDIA L40, 0 %, 1564 MiB, 105.77 W
2026/10/04 21:48:07.931, GPU-2883d61a-959f-11c2-e228-53bd79a17c45, NVIDIA L40, 0 %, 1564 MiB, 89.38 W
2026/10/04 21:48:08.934, GPU-2883d61a-959f-11c2-e228-53bd79a17c45, NVIDIA L40, 1 %, 1564 MiB, 88.80 W
2026/10/04 21:48:09.938, GPU-2883d61a-959f-11c2-e228-53bd79a17c45, NVIDIA L40, 79 %, 1564 MiB, 98.34 W
2026/10/04 21:48:10.941, GPU-2883d61a-959f-11c2-e228-53bd79a17c45, NVIDIA L40, 98 %, 1564 MiB, 135.21 W
2026/10/04 21:48:11.945, GPU-2883d61a-959f-11c2-e228-53bd79a17c45, NVIDIA L40, 0 %, 1564 MiB, 94.48 W
2026/10/04 21:48:12.948, GPU-2883d61a-959f-11c2-e228-53bd79a17c45, NVIDIA L40, 0 %, 1564 MiB, 90.07 W
2026/10/04 21:48:13.951, GPU-2883d61a-959f-11c2-e228-53bd79a17c45, NVIDIA L40, 0 %, 1564 MiB, 89.20 W
2026/10/04 21:48:14.955, GPU-2883d61a-959f-11c2-e228-53bd79a17c45, NVIDIA L40, 0 %, 434 MiB, 92.85 W
