phase,evaluation,psi,cosine_prediction,residual
interpolation_setup,1,5.686745,5.6867446013131016,3.986868986061154e-07
interpolation_setup,2,5.686628,5.686628383281102,-3.8328110196772514e-07
interpolation_setup,3,5.686396,5.686395951575602,4.842439782493102e-08
interpolation_setup,4,5.686047,5.686047314913443,-3.149134428781508e-07
interpolation_setup,5,5.685582,5.685582486369475,-4.863694744727809e-07
interpolation_setup,6,5.685001,5.685001483376067,-4.833760671729692e-07
interpolation_setup,7,5.684304,5.684304327722456,-3.2772245628365226e-07
interpolation_setup,8,5.683491,5.6834910455539305,-4.555393040561739e-08
interpolation_setup,9,5.682562,5.682561667370846,3.326291535543646e-07
interpolation_setup,10,5.681516,5.681516228027483,-2.2802748311789856e-07
interpolation_setup,11,5.680355,5.680354766730742,2.3326925724376224e-07
interpolation_setup,12,5.679077,5.6790773270386685,-3.270386681464288e-07
interpolation_setup,13,5.677684,5.677683956858825,4.314117507675519e-08
interpolation_setup,14,5.676175,5.67617470844649,2.9155350933507407e-07
interpolation_setup,15,5.67455,5.674549638402701,3.615972987702776e-07
interpolation_setup,16,5.672809,5.672808807672128,1.923278718507504e-07
interpolation_setup,17,5.670952,5.670952281540794,-2.8154079423359235e-07
interpolation_setup,18,5.66898,5.668980129633621,-1.2963362028273195e-07
interpolation_setup,19,5.666892,5.666892425911821,-4.2591182136675343e-07
interpolation_setup,20,5.664689,5.664689248670124,-2.4867012360374474e-07
interpolation_setup,21,5.662371,5.662370680533836,3.1946616463329747e-07
interpolation_setup,22,5.659937,5.659936808455749,1.915442515709742e-07
interpolation_setup,23,5.657388,5.657387723712871,2.762871291750457e-07
interpolation_setup,24,5.654724,5.654723521903013,4.780969868889429e-07
interpolation_setup,25,5.651944,5.651944302941192,-3.029411921318115e-07
interpolation_setup,26,5.64905,5.649050171055892,-1.7105589211752203e-07
interpolation_setup,27,5.646041,5.646041234785155,-2.34785154873407e-07
interpolation_setup,28,5.642918,5.642917606972505,3.9302749499370293e-07
interpolation_setup,29,5.639679,5.639679404762722,-4.04762722006069e-07
interpolation_setup,30,5.636327,5.636326749597447,2.5040255291486346e-07
interpolation_setup,31,5.63286,5.632859767210624,2.327893762199551e-07
interpolation_setup,32,5.629279,5.629278587623789,4.123762114005558e-07
interpolation_setup,33,5.625583,5.625583345141195,-3.4514119562345513e-07
interpolation_setup,34,5.621774,5.621774178344769,-1.7834476828682e-07
interpolation_setup,35,5.617851,5.617851230088919,-2.3008891947284837e-07
interpolation_setup,36,5.613815,5.613814647495177,3.525048226649119e-07
interpolation_setup,37,5.609665,5.6096645819466815,4.1805331818522973e-07
interpolation_setup,38,5.605401,5.605401189082498,-1.890824981032324e-07
interpolation_setup,39,5.601025,5.60102462879178,3.7120821971825535e-07
interpolation_setup,40,5.596535,5.596535065207782,-6.520778139673666e-08
interpolation_setup,41,5.591933,5.591932666701695,3.3329830539940986e-07
interpolation_setup,42,5.587218,5.587217605876333,3.9412366703572843e-07
interpolation_setup,43,5.58239,5.582390059559668,-5.955966742021701e-08
interpolation_setup,44,5.57745,5.577450208798187,-2.0879818762864488e-07
interpolation_setup,45,5.572398,5.572398238850111,-2.3885011124491484e-07
interpolation_setup,46,5.567234,5.567234339178441,-3.3917844088904303e-07
interpolation_setup,47,5.561959,5.5619587034438585,2.965561414214335e-07
interpolation_setup,48,5.556572,5.55657152949746,4.7050254003977443e-07
interpolation_setup,49,5.551073,5.551073019373335,-1.937333493629012e-08
interpolation_setup,50,5.545463,5.54546337928099,-3.792809906144612e-07
interpolation_setup,51,5.539743,5.539742819597622,1.8040237748095933e-07
interpolation_setup,52,5.533912,5.533911554860216,4.4513978370019913e-07
interpolation_setup,53,5.52797,5.527969803757511,1.9624248892569085e-07
interpolation_setup,54,5.521918,5.52191778912179,2.1087821000520535e-07
interpolation_setup,55,5.515756,5.5157557379205295,2.620794701257978e-07
interpolation_setup,56,5.509484,5.509483881247883,1.1875211658463058e-07
interpolation_setup,57,5.503102,5.5031024543160205,-4.5431602035961305e-07
interpolation_setup,58,5.496612,5.496611696446298,3.035537021744972e-07
interpolation_setup,59,5.490012,5.490011851060288,1.48939712119045e-07
interpolation_setup,60,5.483303,5.483303165670655,-1.656706549724163e-07
interpolation_setup,61,5.476486,5.476485891871862,1.0812813844296443e-07
interpolation_setup,62,5.46956,5.469560285330745,-2.8533074480918685e-07
interpolation_setup,63,5.462527,5.462526605776919,3.9422308084624547e-07
interpolation_setup,64,5.455385,5.455385116993039,-1.169930392563856e-07
interpolation_setup,65,5.448136,5.448136086804911,-8.680491081491937e-08
interpolation_setup,66,5.44078,5.440779787071438,2.129285618934773e-07
interpolation_setup,67,5.433316,5.433316493674438,-4.936744382177949e-07
interpolation_setup,68,5.425746,5.425746486508286,-4.86508286101639e-07
interpolation_setup,69,5.41807,5.418070049469424,-4.946942411265809e-08
interpolation_setup,70,5.410287,5.410287470445711,-4.7044571083176834e-07
interpolation_setup,71,5.402399,5.402399041305626,-4.1305626474752444e-08
interpolation_setup,72,5.394405,5.394405057887327,-5.788732693190468e-08
interpolation_setup,73,5.386306,5.386305819987549,1.8001245116749942e-07
interpolation_setup,74,5.378102,5.378101631350367,3.6864963348648416e-07
interpolation_setup,75,5.369793,5.3697927996558,2.0034419989656271e-07
interpolation_setup,76,5.36138,5.361379636508277,3.634917229433654e-07
interpolation_setup,77,5.352862,5.352862457424944,-4.574249441446909e-07
interpolation_setup,78,5.344242,5.344241581823842,4.1817615858974477e-07
interpolation_setup,79,5.335517,5.335517333011916,-3.3301191582069123e-07
interpolation_setup,80,5.32669,5.326690038172896,-3.8172895955312924e-08
interpolation_setup,81,5.31776,5.317760028355029,-2.835502943554502e-08
interpolation_setup,82,5.308728,5.3087276384586595,3.615413408653012e-07
interpolation_setup,83,5.299593,5.299593207223671,-2.0722367111147832e-07
interpolation_setup,84,5.290357,5.2903570772167825,-7.721678230154794e-08
interpolation_setup,85,5.28102,5.281019594818702,4.0518129740263475e-07
interpolation_setup,86,5.271581,5.271581110211136,-1.1021113532905247e-07
interpolation_setup,87,5.262042,5.262041977363655,2.2636345242688094e-08
interpolation_setup,88,5.252403,5.25240255402042,4.4597958037684293e-07
interpolation_setup,89,5.242663,5.242663201686768,-2.0168676773124616e-07
interpolation_setup,90,5.232824,5.232824285615651,-2.856156511299446e-07
interpolation_setup,91,5.222886,5.222886174793942,-1.7479394198716136e-07
interpolation_setup,92,5.212849,5.2128492419285894,-2.419285891619438e-07
interpolation_setup,93,5.202714,5.202713863432649,1.3656735120548547e-07
interpolation_setup,94,5.19248,5.192480419411163,-4.1941116357691044e-07
interpolation_setup,95,5.182149,5.182149293646904,-2.9364690412592154e-07
interpolation_setup,96,5.171721,5.171720873585983,1.2641401703206157e-07
interpolation_setup,97,5.161196,5.161195550323319,4.496766816686204e-07
interpolation_setup,98,5.150574,5.150573718587972,2.8141202790266107e-07
interpolation_setup,99,5.139856,5.139855776728341,2.2327165893898382e-07
interpolation_setup,100,5.129042,5.1290421266972235,-1.2669722337932399e-07
interpolation_setup,101,5.118133,5.11813317403674,-1.7403673968630073e-07
interpolation_setup,102,5.107129,5.107129327863126,-3.2786312598176437e-07
interpolation_setup,103,5.096031,5.096031000851388,-8.513882931993066e-10
interpolation_setup,104,5.084839,5.084838609219833,3.9078016644822355e-07
interpolation_setup,105,5.073553,5.0735525727144495,4.2728555094129206e-07
interpolation_setup,106,5.062173,5.062173314593172,-3.145931728454343e-07
interpolation_setup,107,5.050701,5.0507012616100075,-2.6161000743485374e-07
interpolation_setup,108,5.039137,5.039136843999028,1.5600097214019115e-07
interpolation_setup,109,5.02748,5.027480495458239,-4.954582388805306e-07
interpolation_setup,110,5.015733,5.015732653133313,3.468666873729376e-07
interpolation_setup,111,5.003894,5.003893757601193,2.423988068045446e-07
interpolation_setup,112,4.991964,4.991964252853576,-2.5285357541093845e-07
interpolation_setup,113,4.979945,4.9799445862802525,4.1371974734971673e-07
interpolation_setup,114,4.967835,4.967835208652339,-2.086523389621675e-07
interpolation_setup,115,4.955637,4.955636574105366,4.258946342261538e-07
interpolation_setup,116,4.943349,4.943349140122244,-1.401222435859495e-07
interpolation_setup,117,4.930973,4.930973367516117,-3.6751611709462395e-07
interpolation_setup,118,4.91851,4.918509720413072,2.795869287197661e-07
interpolation_setup,119,4.905959,4.905958666234731,3.337652687562809e-07
interpolation_setup,120,4.893321,4.893320675680733,3.243192674418083e-07
interpolation_setup,121,4.880596,4.88059622271107,-2.2271107003035695e-07
interpolation_setup,122,4.867786,4.8677857845283174,2.1547168227442626e-07
interpolation_setup,123,4.85489,4.854889841559737,1.5844026357569874e-07
interpolation_setup,124,4.841909,4.841908877439257,1.2256074288785612e-07
interpolation_setup,125,4.828843,4.82884337898934,-3.789893403549627e-07
interpolation_setup,126,4.815694,4.81569383620272,1.6379727973969693e-07
interpolation_setup,127,4.802461,4.80246074222403,2.577759703470406e-07
interpolation_setup,128,4.789145,4.789144593331304,4.066686960513266e-07
interpolation_setup,129,4.775746,4.775745888917372,1.1108262754078169e-07
interpolation_setup,130,4.762265,4.762265131471123,-1.3147112287725804e-07
interpolation_setup,131,4.748703,4.748702826558665,1.7344133507180004e-07
interpolation_setup,132,4.735059,4.735059482804366,-4.828043662641335e-07
interpolation_setup,133,4.721336,4.721335611871774,3.881282255591145e-07
interpolation_setup,134,4.707532,4.707531728444435,2.715555647014867e-07
interpolation_setup,135,4.693648,4.693648350206583,-3.502065837324153e-07
interpolation_setup,136,4.679686,4.679685997823736,2.17626450194075e-09
interpolation_setup,137,4.665645,4.665645194923156,-1.9492315672664517e-07
interpolation_setup,138,4.651526,4.651526468074224,-4.680742247131775e-07
interpolation_setup,139,4.63733,4.637330346768685,-3.4676868487792945e-07
interpolation_setup,140,4.623057,4.623057363400795,-3.634007947894702e-07
interpolation_setup,141,4.608708,4.608708053247348,-5.324734786427143e-08
interpolation_setup,142,4.594283,4.594282954447609,4.555239119241605e-08
interpolation_setup,143,4.579783,4.5797826079831285,3.920168714088845e-07
interpolation_setup,144,4.565208,4.5652075576574545,4.4234254570341136e-07
interpolation_setup,145,4.550558,4.55055835007574,-3.5007573995216035e-07
interpolation_setup,146,4.535836,4.5358355346242405,4.6537575926208774e-07
interpolation_setup,147,4.52104,4.521039663449716,3.3655028452983515e-07
interpolation_setup,148,4.506171,4.506171291438714,-2.9143871405068467e-07
interpolation_setup,149,4.491231,4.491230976196773,2.380322694506276e-08
interpolation_setup,150,4.476219,4.476219278027501,-2.780275005775934e-07
interpolation_setup,151,4.461137,4.461136759911565,2.400884344666565e-07
interpolation_setup,152,4.445984,4.4459839874855795,1.2514420610898469e-08
interpolation_setup,153,4.430762,4.430761529020889,4.7097911082261135e-07
interpolation_setup,154,4.41547,4.415469955402264,4.459773617071505e-08
interpolation_setup,155,4.40011,4.400109840106482,1.5989351798140206e-07
interpolation_setup,156,4.384682,4.384681759180828,2.4081917171514533e-07
interpolation_setup,157,4.369186,4.369186291221489,-2.9122148870186493e-07
interpolation_setup,158,4.353624,4.35362401735185,-1.7351849734836833e-08
interpolation_setup,159,4.337996,4.337995521200709,4.787992917698602e-07
interpolation_setup,160,4.322301,4.3223013888803825,-3.8888038211837284e-07
interpolation_setup,161,4.306542,4.306542208964727,-2.0896472641140917e-07
interpolation_setup,162,4.290719,4.290718572467068,4.275329326119959e-07
interpolation_setup,163,4.274831,4.274831072818028,-7.281802805181314e-08
interpolation_setup,164,4.25888,4.258880305843281,-3.0584328047922327e-07
interpolation_setup,165,4.242867,4.242866869741203,1.3025879752603942e-07
interpolation_setup,166,4.226791,4.226791365060433,-3.6506043255002396e-07
interpolation_setup,167,4.210654,4.210654394677359,-3.9467735923892633e-07
interpolation_setup,168,4.194457,4.194456563773504,4.362264958146511e-07
interpolation_setup,169,4.178198,4.178198479812831,-4.798128312444305e-07
interpolation_setup,170,4.161881,4.161880752518959,2.4748104099359125e-07
interpolation_setup,171,4.145504,4.145503993852303,6.1476965740325795e-09
interpolation_setup,172,4.129069,4.129068817987115,1.820128856522274e-07
interpolation_setup,173,4.112576,4.112575841288458,1.5871154168678459e-07
interpolation_setup,174,4.096026,4.096025682289088,3.177109118013277e-07
interpolation_setup,175,4.079419,4.079418961666256,3.833374329076378e-08
interpolation_setup,176,4.062756,4.062756302218433,-3.022184325018884e-07
interpolation_setup,177,4.046038,4.046038328841951,-3.2884195100280067e-07
interpolation_setup,178,4.029266,4.029265668507571,3.3149242906205245e-07
interpolation_setup,179,4.012439,4.012438950236966,4.976303369375046e-08
interpolation_setup,180,3.995559,3.9955588050791357,1.9492086433814393e-07
interpolation_setup,181,3.978626,3.978625866086733,1.339132671418497e-07
interpolation_setup,182,3.961641,3.9616407682923307,2.3170766949576205e-07
interpolation_setup,183,3.944604,3.9446041486846024,-1.4868460240791137e-07
interpolation_setup,184,3.927517,3.927516646184433,3.538155670668175e-07
interpolation_setup,185,3.910379,3.910378901620957,9.837904269005548e-08
interpolation_setup,186,3.893192,3.8931915577075293,4.422924706481979e-07
interpolation_setup,187,3.875955,3.8759552590176174,-2.59017617576518e-07
interpolation_setup,188,3.858671,3.8586706519606295,3.480393706567497e-07
interpolation_setup,189,3.841338,3.841338384757675,-3.8475767505374847e-07
interpolation_setup,190,3.823959,3.8239591074172488,-1.0741724887353143e-07
interpolation_setup,191,3.806533,3.8065334717108605,-4.7171086059449863e-07
interpolation_setup,192,3.789062,3.7890621311485866,-1.3114858665730367e-07
interpolation_setup,193,3.771546,3.771545740954563,2.590454366568906e-07
interpolation_setup,194,3.753985,3.7539849580424143,4.1957585850127543e-08
interpolation_setup,195,3.73638,3.736380440990615,-4.4099061513591664e-07
interpolation_setup,196,3.718733,3.7187328500177936,1.499822062100975e-07
interpolation_setup,197,3.701043,3.701042846957968,1.5304203193622357e-07
interpolation_setup,198,3.683311,3.6833110952357315,-9.523573174519129e-08
interpolation_setup,199,3.665538,3.665538259841367,-2.5984136664547464e-07
interpolation_setup,200,3.647725,3.647725007305911,-7.305910987298603e-09
interpolation_setup,201,3.629872,3.6298720056761544,-5.676154213318796e-09
interpolation_setup,202,3.61198,3.6119799244895923,7.551040770437112e-08
interpolation_setup,203,3.594049,3.5940494347493113,-4.347493112177858e-07
interpolation_setup,204,3.576081,3.576081208898825,-2.0889882534902426e-07
interpolation_setup,205,3.558076,3.5580759207968606,7.920313915832367e-08
interpolation_setup,206,3.540034,3.54003424569208,-2.4569208001423704e-07
interpolation_setup,207,3.521957,3.521956860197759,1.398022408949373e-07
interpolation_setup,208,3.503844,3.5038444422664154,-4.4226641549016676e-07
interpolation_setup,209,3.485698,3.4856976711643792,3.2883562095520347e-07
interpolation_setup,210,3.467517,3.467517227446322,-2.274463222207146e-07
interpolation_setup,211,3.449304,3.4493037929297325,2.0707026759936298e-07
interpolation_setup,212,3.431058,3.4310580506693453,-5.066934516406718e-08
interpolation_setup,213,3.412781,3.412780684931527,3.1506847264495264e-07
interpolation_setup,214,3.394472,3.3944723811686117,-3.811686117849433e-07
interpolation_setup,215,3.376134,3.3761338259931986,1.740068014122187e-07
interpolation_setup,216,3.357766,3.3577657071523976,2.928476021679671e-07
interpolation_setup,217,3.339369,3.339368713502038,2.8649796224300417e-07
interpolation_setup,218,3.320944,3.320943534980836,4.6501916406427313e-07
interpolation_setup,219,3.302491,3.30249086258452,1.3741547988388447e-07
interpolation_setup,220,3.284011,3.2840113883399153,-3.883399153359335e-07
interpolation_setup,221,3.265506,3.2655058052789903,1.9472100953876748e-07
interpolation_setup,222,3.246975,3.2469748074128693,1.9258713068737165e-07
interpolation_setup,223,3.228419,3.2284190897058003,-8.970580012146456e-08
interpolation_setup,224,3.209839,3.2098393480490968,-3.4804909665453465e-07
interpolation_setup,225,3.191236,3.191236279235035,-2.7923503509441616e-07
interpolation_setup,226,3.172611,3.1726105809307286,4.1906927128465554e-07
interpolation_setup,227,3.153963,3.153962951651956,4.834804423481387e-08
interpolation_setup,228,3.135294,3.1352940907369713,-9.073697126993352e-08
interpolation_setup,229,3.116605,3.116604698320274,3.016797256449877e-07
interpolation_setup,230,3.097895,3.097895475306352,-4.7530635205461635e-07
interpolation_setup,231,3.079167,3.079167123343396,-1.2334339594133326e-07
interpolation_setup,232,3.06042,3.0604203447969853,-3.447969851855248e-07
interpolation_setup,233,3.041656,3.0416558427237486,1.5727625157779812e-07
interpolation_setup,234,3.022874,3.022874320844996,-3.2084499634876806e-07
interpolation_setup,235,3.004076,3.004076483520328,-4.835203282205214e-07
interpolation_setup,236,2.985263,2.985263035721219,-3.572121887174262e-08
interpolation_setup,237,2.966435,2.966434683004583,3.1699541702678857e-07
interpolation_setup,238,2.947592,2.9475921314863056,-1.314863053991644e-07
interpolation_setup,239,2.928736,2.92873608781477,-8.781477012220762e-08
interpolation_setup,240,2.909867,2.9098672591443524,-2.591443521993142e-07
interpolation_setup,241,2.890986,2.890986353108902,-3.531089021180378e-07
interpolation_setup,242,2.872094,2.872094077795203,-7.779520272421792e-08
interpolation_setup,243,2.853191,2.8531911417164197,-1.417164199324361e-07
interpolation_setup,244,2.834278,2.834278253785524,-2.537855241513398e-07
interpolation_setup,245,2.815356,2.815356123288711,-1.2328871124012153e-07
interpolation_setup,246,2.796425,2.7964254598587974,-4.598587972637347e-07
interpolation_setup,247,2.777487,2.7774869734486103,2.655138953144842e-08
interpolation_setup,248,2.758541,2.758541374304357,-3.74304356842714e-07
interpolation_setup,249,2.739589,2.739589372938995,-3.729389947970674e-07
interpolation_setup,250,2.720632,2.7206316801055825,3.198944176219243e-07
interpolation_setup,251,2.701669,2.7016690067706235,-6.770623617313731e-09
interpolation_setup,252,2.682702,2.6827020640874046,-6.40874047164175e-08
interpolation_setup,253,2.663732,2.663731563369325,4.3663067517130116e-07
interpolation_setup,254,2.644758,2.6447582160632193,-2.1606321931599837e-07
interpolation_setup,255,2.625783,2.625782733722679,2.662773210815317e-07
interpolation_setup,256,2.606806,2.6068058279813644,1.7201863578009124e-07
interpolation_setup,257,2.587828,2.5878282105263164,-2.1052631637985542e-07
interpolation_setup,258,2.568851,2.568850593071269,4.069287311558867e-07
interpolation_setup,259,2.549874,2.549873687329954,3.1267004585444624e-07
interpolation_setup,260,2.530898,2.530898204989414,-2.0498941388780167e-07
interpolation_setup,261,2.511925,2.5119248576833084,1.4231669176467676e-07
interpolation_setup,262,2.492954,2.4929543569652286,-3.5696522848738255e-07
interpolation_setup,263,2.473987,2.4739874142820097,-4.142820095864863e-07
interpolation_setup,264,2.455025,2.4550247409470507,2.5905294931405365e-07
interpolation_setup,265,2.436067,2.436067048113638,-4.811363796264345e-08
interpolation_setup,266,2.417115,2.4171150467482763,-4.674827636108603e-08
interpolation_setup,267,2.398169,2.398169447604024,-4.476040236234269e-07
interpolation_setup,268,2.379231,2.3792309611938354,3.8806164504023855e-08
interpolation_setup,269,2.3603,2.360300297763922,-2.977639219636785e-07
interpolation_setup,270,2.341378,2.3413781672671092,-1.6726710905246023e-07
interpolation_setup,271,2.322465,2.3224652793362135,-2.7933621371545314e-07
interpolation_setup,272,2.303562,2.3035623432574304,-3.432574304795821e-07
interpolation_setup,273,2.28467,2.2846700679437313,-6.794373108576224e-08
interpolation_setup,274,2.265789,2.265789161908281,-1.6190828100448584e-07
interpolation_setup,275,2.24692,2.2469203332378633,-3.3323786352568163e-07
interpolation_setup,276,2.228064,2.2280642895663276,-2.8956632780463565e-07
interpolation_setup,277,2.209222,2.20922173804805,2.6195194990918935e-07
interpolation_setup,278,2.190393,2.1903933853314133,-3.85331413443879e-07
interpolation_setup,279,2.17158,2.171579937532305,6.246769501672134e-08
interpolation_setup,280,2.152782,2.152782100207637,-1.0020763685503198e-07
interpolation_setup,281,2.134001,2.1340005783288847,4.216711153581798e-07
interpolation_setup,282,2.115236,2.115236076255648,-7.625564801827522e-08
interpolation_setup,283,2.096489,2.0964892977092373,-2.977092372624668e-07
interpolation_setup,284,2.077761,2.077760945746281,5.425371929490552e-08
interpolation_setup,285,2.059052,2.059051722732359,2.7726764084690103e-07
interpolation_setup,286,2.040362,2.040362330315662,-3.303156619338665e-07
interpolation_setup,287,2.021693,2.0216934694006774,-4.694006774386139e-07
interpolation_setup,288,2.003046,2.0030458401219056,1.5987809431905475e-07
interpolation_setup,289,1.98442,1.9844201418175977,-1.4181759766529467e-07
interpolation_setup,290,1.965817,1.9658170730035365,-7.300353654926539e-08
interpolation_setup,291,1.947237,1.9472373313468327,-3.3134683263824627e-07
interpolation_setup,292,1.928682,1.928681613639764,3.8636023602656167e-07
interpolation_setup,293,1.910151,1.9101506157736425,3.8422635739721045e-07
interpolation_setup,294,1.891645,1.891645032712718,-3.2712718089911164e-08
interpolation_setup,295,1.873166,1.8731655584681133,4.4153188683004885e-07
interpolation_setup,296,1.854713,1.8547128860717972,1.139282028717048e-07
interpolation_setup,297,1.836288,1.8362877075505954,2.9244940447092915e-07
interpolation_setup,298,1.817891,1.817890713900236,2.860997638798324e-07
interpolation_setup,299,1.799523,1.7995225950594347,4.0494056530171463e-07
interpolation_setup,300,1.781184,1.7811840398840206,-3.98840205306783e-08
interpolation_setup,301,1.762876,1.762875736121106,2.638788940689807e-07
interpolation_setup,302,1.744598,1.7445983703832877,-3.7038328759564365e-07
interpolation_setup,303,1.726353,1.7263526281229005,3.7187709955865955e-07
interpolation_setup,304,1.708139,1.7081391936063106,-1.9360631053899624e-07
interpolation_setup,305,1.689959,1.6899587498882538,2.5011174620281906e-07
interpolation_setup,306,1.671812,1.6718119787862178,2.1213782286366722e-08
interpolation_setup,307,1.6537,1.653699560854874,4.391451260410406e-07
interpolation_setup,308,1.635622,1.6356221753605538,-1.7536055385569682e-07
interpolation_setup,309,1.61758,1.6175805002557724,-5.002557723621237e-07
interpolation_setup,310,1.599575,1.5995752121538072,-2.1215380718864196e-07
interpolation_setup,311,1.581607,1.581606986303322,1.3696678013985775e-08
interpolation_setup,312,1.563676,1.563676496563041,-4.965630409081712e-07
interpolation_setup,313,1.545784,1.5457844153764788,-4.1537647876843664e-07
interpolation_setup,314,1.527931,1.5279314137467226,-4.1374672266059065e-07
interpolation_setup,315,1.510118,1.5101181612112662,-1.612112661142362e-07
interpolation_setup,316,1.492345,1.4923453258169015,-3.2581690145860875e-07
interpolation_setup,317,1.474614,1.4746135740946649,4.2590533522179896e-07
interpolation_setup,318,1.456924,1.4569235710348403,4.28965159837702e-07
interpolation_setup,319,1.439276,1.4392759800620178,1.9937982154161205e-08
interpolation_setup,320,1.421671,1.4216714630102187,-4.63010218831883e-07
interpolation_setup,321,1.404111,1.4041106800980696,3.199019305011319e-07
interpolation_setup,322,1.386594,1.3865942899040464,-2.8990404632445177e-07
interpolation_setup,323,1.369123,1.3691229493417725,5.065822761274319e-08
interpolation_setup,324,1.351697,1.3516973136353843,-3.136353843302686e-07
interpolation_setup,325,1.334318,1.3343180362949585,-3.629495859414078e-08
interpolation_setup,326,1.316986,1.3169857690920035,2.309079965012728e-07
interpolation_setup,327,1.299701,1.2997011620350154,-1.6203501540523746e-07
interpolation_setup,328,1.282465,1.2824648633451037,1.3665489628778005e-07
interpolation_setup,329,1.265277,1.2652775194316757,-5.194316756718109e-07
interpolation_setup,330,1.24814,1.2481397748682002,2.2513179986916043e-07
interpolation_setup,331,1.231052,1.2310522723680302,-2.7236803012975486e-07
interpolation_setup,332,1.214016,1.2140156527603019,3.472396981063497e-07
interpolation_setup,333,1.197031,1.1970305549659002,4.450340997941282e-07
interpolation_setup,334,1.180098,1.180097615973499,3.8402650104352176e-07
interpolation_setup,335,1.163217,1.1632174708156666,-4.708156666755059e-07
interpolation_setup,336,1.146391,1.1463907525450634,2.4745493654165784e-07
interpolation_setup,337,1.129618,1.129618092210682,-9.221068197895477e-08
interpolation_setup,338,1.1129,1.1129001188342,-1.1883420003577783e-07
interpolation_setup,339,1.096237,1.0962374593863766,-4.593863767166084e-07
interpolation_setup,340,1.079631,1.0796307387635447,2.612364553566948e-07
interpolation_setup,341,1.063081,1.0630805797641745,4.2023582547123794e-07
interpolation_setup,342,1.046588,1.0465876030655177,3.9693448239397355e-07
interpolation_setup,343,1.030152,1.0301524272003297,-4.272003297778326e-07
interpolation_setup,344,1.013776,1.0137756685336736,3.314663263864759e-07
interpolation_setup,345,0.997458,0.9974579412398032,5.8760196708362855e-08
interpolation_setup,346,0.9812,0.981199857279129,1.427208710103045e-07
interpolation_setup,347,0.965002,0.9650020263752752,-2.637527518611904e-08
interpolation_setup,348,0.948865,0.9488650559922003,-5.5992200320709173e-08
interpolation_setup,349,0.93279,0.9327895513114304,4.486885696319831e-07
interpolation_setup,350,0.916776,0.9167761152093516,-1.1520935161435375e-07
interpolation_setup,351,0.900825,0.9008253482346051,-3.482346051519869e-07
interpolation_setup,352,0.884938,0.8849378485855657,1.5141443432398205e-07
interpolation_setup,353,0.869114,0.8691142120879056,-2.1208790557114554e-07
interpolation_setup,354,0.853355,0.8533550321722516,-3.217225164053872e-08
interpolation_setup,355,0.837661,0.8376608998519242,1.0014807583225149e-07
interpolation_setup,356,0.822032,0.822032403700784,-4.037007840240747e-07
interpolation_setup,357,0.80647,0.8064701298311447,-1.2983114472397972e-07
interpolation_setup,358,0.790975,0.7909746618718048,3.381281952208326e-07
interpolation_setup,359,0.775547,0.7755465809461513,4.1905384873253126e-07
interpolation_setup,360,0.760186,0.7601864656503694,-4.656503693745151e-07
interpolation_setup,361,0.744895,0.744894892031744,1.0796825600234428e-07
interpolation_setup,362,0.729672,0.7296724335670537,-4.335670537036762e-07
interpolation_setup,363,0.71452,0.7145196611410674,3.38858932691366e-07
interpolation_setup,364,0.699437,0.6994371430251316,-1.4302513162700592e-07
interpolation_setup,365,0.684425,0.6844254448558604,-4.448558604819297e-07
interpolation_setup,366,0.669485,0.6694851296139188,-1.2961391882004847e-07
interpolation_setup,367,0.654617,0.6546167576029187,2.4239708129591975e-07
interpolation_setup,368,0.639821,0.6398208864283919,1.135716081179794e-07
interpolation_setup,369,0.625098,0.6250980709768927,-7.097689269652818e-08
interpolation_setup,370,0.610449,0.6104488633951781,1.3660482189870038e-07
interpolation_setup,371,0.595874,0.5958738130695043,1.86930495749138e-07
interpolation_setup,372,0.581373,0.5813734666050241,-4.666050240631492e-07
interpolation_setup,373,0.566948,0.5669483678052849,-3.678052848954394e-07
interpolation_setup,374,0.552599,0.5525990576518378,-5.765183785921835e-08
interpolation_setup,375,0.538326,0.5383260742839471,-7.428394710462527e-08
interpolation_setup,376,0.52413,0.5241299529784098,4.702159017710983e-08
interpolation_setup,377,0.510011,0.5100112261294769,-2.2612947692124408e-07
interpolation_setup,378,0.49597,0.4959704232288984,-4.232288983718746e-07
interpolation_setup,379,0.482008,0.48200807084604946,-7.084604947138473e-08
interpolation_setup,380,0.468125,0.46812469260819833,3.0739180167937974e-07
interpolation_setup,381,0.454321,0.4543208091808588,1.908191411548188e-07
interpolation_setup,382,0.440597,0.44059693824826685,6.175173317135574e-08
interpolation_setup,383,0.426954,0.4269535944939675,4.0550603247480055e-07
interpolation_setup,384,0.413391,0.4133912895815097,-2.8958150971591934e-07
interpolation_setup,385,0.39991,0.3999105321352614,-5.321352614107155e-07
interpolation_setup,386,0.386512,0.3865118277213284,1.7227867160629629e-07
interpolation_setup,387,0.373196,0.3731956788286044,3.2117139564524777e-07
interpolation_setup,388,0.359963,0.35996258484991284,4.1515008714076984e-07
interpolation_setup,389,0.346813,0.3468130420632942,-4.2063294236616144e-08
interpolation_setup,390,0.333748,0.3337475436133759,4.5638662410363295e-07
interpolation_setup,391,0.320767,0.32076657949289666,4.205071033602792e-07
interpolation_setup,392,0.307871,0.3078706365243158,3.6347568421746246e-07
interpolation_setup,393,0.29506,0.2950601983415626,-1.9834156261833158e-07
interpolation_setup,394,0.282336,0.2823357453719,2.5462809999377e-07
interpolation_setup,395,0.269698,0.2696977548179018,2.4518209817969705e-07
interpolation_setup,396,0.257147,0.25714670063956246,2.99360437550078e-07
interpolation_setup,397,0.244683,0.24468305353651543,-5.35365154152867e-08
interpolation_setup,398,0.232307,0.23230728093038922,-2.809303892015169e-07
interpolation_setup,399,0.22002,0.22001984694726717,1.5305273282084642e-07
interpolation_setup,400,0.207821,0.20782121240029383,-2.124002938252989e-07
interpolation_setup,401,0.195712,0.1957118347723803,1.652276196972835e-07
interpolation_setup,402,0.183692,0.1836921681990571,-1.681990570989722e-07
interpolation_setup,403,0.171763,0.17176266345143976,3.365485602424556e-07
interpolation_setup,404,0.159924,0.15992376791932017,2.320806798405961e-07
interpolation_setup,405,0.148176,0.14817592559439374,7.440560625959769e-08
interpolation_setup,406,0.13652,0.13651957705360473,4.2294639526763156e-07
interpolation_setup,407,0.124955,0.12495515944262658,-1.5944262658773578e-07
interpolation_setup,408,0.113483,0.1134831064594608,-1.0645946080245494e-07
interpolation_setup,409,0.102104,0.1021038483381842,1.5166181580039684e-07
interpolation_setup,410,0.090818,0.09081781183279958,1.8816720041836543e-07
interpolation_setup,411,0.079625,0.07962542020124497,-4.202012449661119e-07
interpolation_setup,412,0.068527,0.06852709318950723,-9.318950722203567e-08
interpolation_setup,413,0.057523,0.05752324701589284,-2.470158928444266e-07
interpolation_setup,414,0.046614,0.04661429435540887,-2.943554088669087e-07
interpolation_setup,415,0.035801,0.03580064432429131,3.556757086908835e-07
interpolation_setup,416,0.025083,0.025082702464661377,2.975353386239221e-07
interpolation_setup,417,0.014461,0.014460870729314124,1.2927068587624546e-07
interpolation_setup,418,0.003936,0.003935547466650924,4.5253334907645326e-07
interpolation_setup,419,-0.006493,-0.006492872594271226,-1.2740572877343453e-07
interpolation_setup,420,-0.016824,-0.0168239983585301,-1.6414698975064645e-09
interpolation_setup,421,-0.027057,-0.027057442380016727,4.4238001672622373e-07
interpolation_setup,422,-0.037193,-0.037192820875956656,-1.7912404334102794e-07
interpolation_setup,423,-0.04723,-0.04722975374130867,-2.462586913345999e-07
interpolation_setup,424,-0.057168,-0.0571678645630187,-1.3543698129669934e-07
interpolation_setup,425,-0.067007,-0.06700678063413568,-2.193658643206975e-07
interpolation_setup,426,-0.076746,-0.07674613296778698,1.3296778698934641e-07
interpolation_setup,427,-0.086386,-0.08638555631102074,-4.436889792652776e-07
interpolation_setup,428,-0.095925,-0.09592468915850327,-3.108414967228912e-07
interpolation_setup,429,-0.105363,-0.10536317376606874,1.7376606874230927e-07
interpolation_setup,430,-0.114701,-0.1147006561641497,-3.4383585029162944e-07
interpolation_setup,431,-0.123937,-0.12393678617103765,-2.1382896235599969e-07
interpolation_setup,432,-0.133071,-0.13307121740602712,2.174060271253886e-07
interpolation_setup,433,-0.142104,-0.14210360730239646,-3.926976035462104e-07
interpolation_setup,434,-0.151034,-0.1510336171202633,-3.828797366933756e-07
interpolation_setup,435,-0.159861,-0.15986091195928243,-8.804071757739784e-08
interpolation_setup,436,-0.168585,-0.168585160771209,1.607712089846114e-07
interpolation_setup,437,-0.177206,-0.1772060363723118,3.637231180131373e-08
interpolation_setup,438,-0.185723,-0.18572321545564296,2.1545564296565622e-07
interpolation_setup,439,-0.194136,-0.1941363786031669,3.7860316690063733e-07
interpolation_setup,440,-0.202445,-0.20244521029773344,2.1029773342173819e-07
interpolation_setup,441,-0.210649,-0.2106493989349163,3.9893491629583444e-07
interpolation_setup,442,-0.218749,-0.2187486368346936,-3.6316530641067324e-07
interpolation_setup,443,-0.226743,-0.22674262025299363,-3.797470063682251e-07
interpolation_setup,444,-0.234631,-0.23463104939307788,4.9393077877768476e-08
interpolation_setup,445,-0.242414,-0.24241362841679148,-3.7158320850827486e-07
interpolation_setup,446,-0.25009,-0.25009006545565393,6.545565395255082e-08
interpolation_setup,447,-0.25766,-0.257660072621805,7.262180501399484e-08
interpolation_setup,448,-0.265123,-0.26512336601880593,3.6601880593067904e-07
interpolation_setup,449,-0.27248,-0.272479665752277,-3.3424772299950334e-07
interpolation_setup,450,-0.279729,-0.2797286959404066,-3.0405959339230293e-07
interpolation_setup,451,-0.28687,-0.28687018472428516,1.847242851460429e-07
interpolation_setup,452,-0.293904,-0.293903864278112,-1.3572188800603513e-07
interpolation_setup,453,-0.30083,-0.30082947081922873,-5.291807712581864e-07
interpolation_setup,454,-0.307647,-0.307646744618022,-2.5538197800933915e-07
interpolation_setup,455,-0.314355,-0.3143554300076552,4.30007655205511e-07
interpolation_setup,456,-0.320955,-0.3209552753936644,2.7539366442841384e-07
interpolation_setup,457,-0.327446,-0.3274460332633877,3.326338771092452e-08
interpolation_setup,458,-0.333827,-0.33382746019525067,4.6019525068441425e-07
interpolation_setup,459,-0.340099,-0.34009931686789674,3.16867896754669e-07
interpolation_setup,460,-0.346261,-0.34626136806915664,3.680691566532168e-07
interpolation_setup,461,-0.352313,-0.3523133827048781,3.827048781213094e-07
interpolation_setup,462,-0.358255,-0.35825513380758345,1.338075834578234e-07
interpolation_setup,463,-0.364086,-0.3640863985449898,3.985449897880855e-07
interpolation_setup,464,-0.369807,-0.36980695822835763,-4.177164236729425e-08
interpolation_setup,465,-0.375417,-0.37541659832070184,-4.016792981564876e-07
interpolation_setup,466,-0.380915,-0.38091510844482723,1.084448272292704e-07
interpolation_setup,467,-0.386302,-0.38630228239122566,2.823912256810779e-07
interpolation_setup,468,-0.391578,-0.3915779181258081,-8.18741918706678e-08
interpolation_setup,469,-0.396742,-0.3967418177974773,-1.8220252268053017e-07
interpolation_setup,470,-0.401794,-0.40179378774555463,-2.1225444535311055e-07
interpolation_setup,471,-0.406734,-0.40673363850703526,-3.6149296472887116e-07
interpolation_setup,472,-0.411561,-0.41156118482370063,1.8482370062189446e-07
interpolation_setup,473,-0.416276,-0.4162762456490614,2.4564906142554577e-07
interpolation_setup,474,-0.420879,-0.42087864415514886,-3.5584485114092956e-07
interpolation_setup,475,-0.425368,-0.42536820773914696,2.0773914694016682e-07
interpolation_setup,476,-0.429745,-0.4297447680298645,-2.319701354891457e-07
interpolation_setup,477,-0.434008,-0.43400816089404914,1.6089404913932626e-07
interpolation_setup,478,-0.438158,-0.43815822644254476,2.264425447706664e-07
interpolation_setup,479,-0.442195,-0.4421948090362866,-1.9096371339788476e-07
interpolation_setup,480,-0.446118,-0.44611775729213576,-2.4270786425084623e-07
interpolation_setup,481,-0.449927,-0.4499269240885626,-7.591143741381146e-08
interpolation_setup,482,-0.453622,-0.4536221665711566,1.66571156590134e-07
interpolation_setup,483,-0.457203,-0.4572033461579905,3.461579904939782e-07
interpolation_setup,484,-0.46067,-0.46067032854481393,3.2854481391009216e-07
interpolation_setup,485,-0.464023,-0.4640229837100893,-1.6289910698130683e-08
interpolation_setup,486,-0.467261,-0.46726118591987253,1.8591987255289766e-07
interpolation_setup,487,-0.470385,-0.47038481373252194,-1.8626747805283728e-07
interpolation_setup,488,-0.473394,-0.4733937500032597,-2.499967403091219e-07
interpolation_setup,489,-0.476288,-0.4762878818885592,-1.1811144079443281e-07
interpolation_setup,490,-0.479067,-0.4790671008503802,1.0085038015805736e-07
interpolation_setup,491,-0.481731,-0.48173130266023856,3.026602385380883e-07
interpolation_setup,492,-0.48428,-0.4842803874031154,3.8740311542051487e-07
interpolation_setup,493,-0.486714,-0.4867142594812024,2.5948120241370276e-07
interpolation_setup,494,-0.489033,-0.48903282761749045,-1.7238250954454415e-07
interpolation_setup,495,-0.491236,-0.4912360048591884,4.859188384997992e-09
interpolation_setup,496,-0.493324,-0.4933237085809883,-2.9141901169982276e-07
interpolation_setup,497,-0.495296,-0.49529586048816165,-1.3951183835958503e-07
interpolation_setup,498,-0.497152,-0.4971523866194958,3.866194958068725e-07
interpolation_setup,499,-0.498893,-0.4988932173500684,2.173500684432561e-07
interpolation_setup,500,-0.500518,-0.5005182873938576,2.8739385760090386e-07
interpolation_setup,501,-0.502028,-0.5020275358061927,-4.641938072813545e-07
interpolation_setup,502,-0.503421,-0.5034209059860357,-9.401396428021513e-08
interpolation_setup,503,-0.504698,-0.5046983456781091,3.4567810913710417e-07
interpolation_setup,504,-0.50586,-0.5058598069748506,-1.9302514941976767e-07
interpolation_setup,505,-0.506905,-0.5069052463182135,2.463182134926356e-07
interpolation_setup,506,-0.507835,-0.5078346245012981,-3.7549870191000423e-07
interpolation_setup,507,-0.508648,-0.5086479066698235,-9.333017647605857e-08
interpolation_setup,508,-0.509345,-0.5093450623234341,6.232343408019148e-08
interpolation_setup,509,-0.509926,-0.5099260653168423,6.531684226818157e-08
interpolation_setup,510,-0.510391,-0.5103908938608108,-1.061391892154262e-07
interpolation_setup,511,-0.51074,-0.5107395305229696,-4.6947703036259725e-07
interpolation_setup,512,-0.510972,-0.510971962228469,-3.77715310140303e-08
interpolation_setup,513,-0.511088,-0.5110881802604688,1.8026046877395174e-07
optimizer_callback,1,-0.0,,
optimizer_callback,2,-0.5111,,
optimizer_callback,3,-0.5111,,
optimizer_callback,4,-0.5111,,
optimizer_callback,5,-0.5111,,
optimizer_callback,6,-0.5111,,
optimizer_callback,7,-0.5111,,
optimizer_callback,8,-0.5111,,
optimizer_callback,9,-0.5111,,
optimizer_callback,10,-0.5111,,
optimizer_callback,11,-0.5111,,
optimizer_callback,12,-0.0,,
optimizer_callback,13,-0.5111,,
optimizer_callback,14,-0.5111,,
optimizer_callback,15,-0.5111,,
optimizer_callback,16,-0.5111,,
optimizer_callback,17,-0.5111,,
optimizer_callback,18,-0.5111,,
optimizer_callback,19,-0.5111,,
optimizer_callback,20,-0.5111,,
optimizer_callback,21,-0.5111,,
optimizer_callback,22,-0.5111,,
optimizer_callback,23,-0.5111,,
optimizer_callback,24,-0.5111,,
optimizer_callback,25,-0.5111,,
optimizer_callback,26,-0.5111,,
optimizer_callback,27,-0.5111,,
optimizer_callback,28,-0.5111,,
optimizer_callback,29,-0.5111,,
optimizer_callback,30,-0.5111,,
optimizer_callback,31,-0.5111,,
optimizer_callback,32,-0.5111,,
optimizer_callback,33,-0.5111,,
optimizer_callback,34,-0.5111,,
optimizer_callback,35,-0.5111,,
optimizer_callback,36,-0.5111,,
optimizer_callback,37,-0.5111,,
optimizer_callback,38,-0.5111,,
optimizer_callback,39,-0.5111,,
optimizer_callback,40,-0.5111,,
optimizer_callback,41,-0.5111,,
optimizer_callback,42,-0.5111,,
optimizer_callback,43,-0.5111,,
optimizer_callback,44,-0.5111,,
optimizer_callback,45,-0.5111,,
optimizer_callback,46,-0.5111,,
optimizer_callback,47,-0.5111,,
optimizer_callback,48,-0.5111,,
optimizer_callback,49,-0.5111,,
optimizer_callback,50,-0.5111,,
optimizer_callback,51,-0.5111,,
optimizer_callback,52,-0.5111,,
