2026/10/04 21:49:54.010, GPU-5597e55d-d2a4-aa89-e17f-8c674ae364a0, NVIDIA L40, 0 %, 0 MiB, 38.50 W
2026/10/04 21:49:55.015, GPU-5597e55d-d2a4-aa89-e17f-8c674ae364a0, NVIDIA L40, 0 %, 0 MiB, 38.51 W
2026/10/04 21:49:56.018, GPU-5597e55d-d2a4-aa89-e17f-8c674ae364a0, NVIDIA L40, 0 %, 0 MiB, 38.63 W
2026/10/04 21:49:57.022, GPU-5597e55d-d2a4-aa89-e17f-8c674ae364a0, NVIDIA L40, 0 %, 0 MiB, 38.62 W
2026/10/04 21:49:58.026, GPU-5597e55d-d2a4-aa89-e17f-8c674ae364a0, NVIDIA L40, 0 %, 0 MiB, 38.62 W
2026/10/04 21:49:59.029, GPU-5597e55d-d2a4-aa89-e17f-8c674ae364a0, NVIDIA L40, 0 %, 0 MiB, 38.51 W
2026/10/04 21:50:00.033, GPU-5597e55d-d2a4-aa89-e17f-8c674ae364a0, NVIDIA L40, 0 %, 0 MiB, 38.51 W
2026/10/04 21:50:01.037, GPU-5597e55d-d2a4-aa89-e17f-8c674ae364a0, NVIDIA L40, 0 %, 0 MiB, 38.51 W
2026/10/04 21:50:02.041, GPU-5597e55d-d2a4-aa89-e17f-8c674ae364a0, NVIDIA L40, 0 %, 476 MiB, 60.26 W
2026/10/04 21:50:03.044, GPU-5597e55d-d2a4-aa89-e17f-8c674ae364a0, NVIDIA L40, 0 %, 764 MiB, 86.44 W
2026/10/04 21:50:04.047, GPU-5597e55d-d2a4-aa89-e17f-8c674ae364a0, NVIDIA L40, 0 %, 764 MiB, 86.49 W
2026/10/04 21:50:05.050, GPU-5597e55d-d2a4-aa89-e17f-8c674ae364a0, NVIDIA L40, 0 %, 764 MiB, 86.23 W
2026/10/04 21:50:06.053, GPU-5597e55d-d2a4-aa89-e17f-8c674ae364a0, NVIDIA L40, 0 %, 764 MiB, 86.11 W
2026/10/04 21:50:07.057, GPU-5597e55d-d2a4-aa89-e17f-8c674ae364a0, NVIDIA L40, 0 %, 764 MiB, 85.86 W
2026/10/04 21:50:08.060, GPU-5597e55d-d2a4-aa89-e17f-8c674ae364a0, NVIDIA L40, 0 %, 764 MiB, 86.01 W
2026/10/04 21:50:09.063, GPU-5597e55d-d2a4-aa89-e17f-8c674ae364a0, NVIDIA L40, 0 %, 764 MiB, 86.11 W
2026/10/04 21:50:10.066, GPU-5597e55d-d2a4-aa89-e17f-8c674ae364a0, NVIDIA L40, 0 %, 764 MiB, 86.09 W
2026/10/04 21:50:11.069, GPU-5597e55d-d2a4-aa89-e17f-8c674ae364a0, NVIDIA L40, 0 %, 764 MiB, 85.99 W
2026/10/04 21:50:12.072, GPU-5597e55d-d2a4-aa89-e17f-8c674ae364a0, NVIDIA L40, 0 %, 764 MiB, 86.01 W
2026/10/04 21:50:13.075, GPU-5597e55d-d2a4-aa89-e17f-8c674ae364a0, NVIDIA L40, 0 %, 764 MiB, 85.99 W
2026/10/04 21:50:14.078, GPU-5597e55d-d2a4-aa89-e17f-8c674ae364a0, NVIDIA L40, 0 %, 764 MiB, 86.09 W
2026/10/04 21:50:15.081, GPU-5597e55d-d2a4-aa89-e17f-8c674ae364a0, NVIDIA L40, 0 %, 764 MiB, 86.33 W
2026/10/04 21:50:16.084, GPU-5597e55d-d2a4-aa89-e17f-8c674ae364a0, NVIDIA L40, 0 %, 764 MiB, 86.33 W
2026/10/04 21:50:17.087, GPU-5597e55d-d2a4-aa89-e17f-8c674ae364a0, NVIDIA L40, 0 %, 764 MiB, 86.39 W
2026/10/04 21:50:18.090, GPU-5597e55d-d2a4-aa89-e17f-8c674ae364a0, NVIDIA L40, 0 %, 1564 MiB, 87.31 W
2026/10/04 21:50:19.094, GPU-5597e55d-d2a4-aa89-e17f-8c674ae364a0, NVIDIA L40, 0 %, 1564 MiB, 87.24 W
2026/10/04 21:50:20.097, GPU-5597e55d-d2a4-aa89-e17f-8c674ae364a0, NVIDIA L40, 0 %, 1564 MiB, 86.55 W
2026/10/04 21:50:21.100, GPU-5597e55d-d2a4-aa89-e17f-8c674ae364a0, NVIDIA L40, 0 %, 1564 MiB, 86.39 W
2026/10/04 21:50:22.103, GPU-5597e55d-d2a4-aa89-e17f-8c674ae364a0, NVIDIA L40, 0 %, 1564 MiB, 86.36 W
2026/10/04 21:50:23.106, GPU-5597e55d-d2a4-aa89-e17f-8c674ae364a0, NVIDIA L40, 0 %, 1564 MiB, 86.36 W
2026/10/04 21:50:24.109, GPU-5597e55d-d2a4-aa89-e17f-8c674ae364a0, NVIDIA L40, 0 %, 1564 MiB, 86.51 W
2026/10/04 21:50:25.112, GPU-5597e55d-d2a4-aa89-e17f-8c674ae364a0, NVIDIA L40, 0 %, 1564 MiB, 86.46 W
2026/10/04 21:50:26.115, GPU-5597e55d-d2a4-aa89-e17f-8c674ae364a0, NVIDIA L40, 0 %, 1564 MiB, 86.45 W
2026/10/04 21:50:27.118, GPU-5597e55d-d2a4-aa89-e17f-8c674ae364a0, NVIDIA L40, 0 %, 1564 MiB, 86.49 W
2026/10/04 21:50:28.121, GPU-5597e55d-d2a4-aa89-e17f-8c674ae364a0, NVIDIA L40, 0 %, 1564 MiB, 86.61 W
2026/10/04 21:50:29.124, GPU-5597e55d-d2a4-aa89-e17f-8c674ae364a0, NVIDIA L40, 0 %, 1564 MiB, 86.88 W
2026/10/04 21:50:30.127, GPU-5597e55d-d2a4-aa89-e17f-8c674ae364a0, NVIDIA L40, 0 %, 1564 MiB, 86.76 W
2026/10/04 21:50:31.130, GPU-5597e55d-d2a4-aa89-e17f-8c674ae364a0, NVIDIA L40, 0 %, 1564 MiB, 86.42 W
2026/10/04 21:50:32.133, GPU-5597e55d-d2a4-aa89-e17f-8c674ae364a0, NVIDIA L40, 0 %, 1564 MiB, 86.54 W
2026/10/04 21:50:33.136, GPU-5597e55d-d2a4-aa89-e17f-8c674ae364a0, NVIDIA L40, 0 %, 1564 MiB, 86.61 W
2026/10/04 21:50:34.140, GPU-5597e55d-d2a4-aa89-e17f-8c674ae364a0, NVIDIA L40, 0 %, 1564 MiB, 86.58 W
2026/10/04 21:50:35.143, GPU-5597e55d-d2a4-aa89-e17f-8c674ae364a0, NVIDIA L40, 0 %, 1564 MiB, 86.61 W
2026/10/04 21:50:36.146, GPU-5597e55d-d2a4-aa89-e17f-8c674ae364a0, NVIDIA L40, 0 %, 1564 MiB, 86.63 W
2026/10/04 21:50:37.149, GPU-5597e55d-d2a4-aa89-e17f-8c674ae364a0, NVIDIA L40, 0 %, 1564 MiB, 86.88 W
2026/10/04 21:50:38.152, GPU-5597e55d-d2a4-aa89-e17f-8c674ae364a0, NVIDIA L40, 0 %, 1564 MiB, 86.85 W
2026/10/04 21:50:39.155, GPU-5597e55d-d2a4-aa89-e17f-8c674ae364a0, NVIDIA L40, 0 %, 1564 MiB, 86.73 W
2026/10/04 21:50:40.158, GPU-5597e55d-d2a4-aa89-e17f-8c674ae364a0, NVIDIA L40, 0 %, 1564 MiB, 86.73 W
2026/10/04 21:50:41.161, GPU-5597e55d-d2a4-aa89-e17f-8c674ae364a0, NVIDIA L40, 0 %, 1564 MiB, 86.78 W
2026/10/04 21:50:42.164, GPU-5597e55d-d2a4-aa89-e17f-8c674ae364a0, NVIDIA L40, 0 %, 1564 MiB, 86.91 W
2026/10/04 21:50:43.167, GPU-5597e55d-d2a4-aa89-e17f-8c674ae364a0, NVIDIA L40, 0 %, 1564 MiB, 87.07 W
2026/10/04 21:50:44.170, GPU-5597e55d-d2a4-aa89-e17f-8c674ae364a0, NVIDIA L40, 0 %, 1564 MiB, 86.98 W
2026/10/04 21:50:45.173, GPU-5597e55d-d2a4-aa89-e17f-8c674ae364a0, NVIDIA L40, 0 %, 1564 MiB, 86.85 W
2026/10/04 21:50:46.176, GPU-5597e55d-d2a4-aa89-e17f-8c674ae364a0, NVIDIA L40, 0 %, 1564 MiB, 86.85 W
2026/10/04 21:50:47.179, GPU-5597e55d-d2a4-aa89-e17f-8c674ae364a0, NVIDIA L40, 0 %, 1564 MiB, 86.97 W
2026/10/04 21:50:48.182, GPU-5597e55d-d2a4-aa89-e17f-8c674ae364a0, NVIDIA L40, 0 %, 1564 MiB, 86.95 W
2026/10/04 21:50:49.185, GPU-5597e55d-d2a4-aa89-e17f-8c674ae364a0, NVIDIA L40, 0 %, 1564 MiB, 87.10 W
2026/10/04 21:50:50.188, GPU-5597e55d-d2a4-aa89-e17f-8c674ae364a0, NVIDIA L40, 0 %, 1564 MiB, 87.10 W
2026/10/04 21:50:51.192, GPU-5597e55d-d2a4-aa89-e17f-8c674ae364a0, NVIDIA L40, 0 %, 1564 MiB, 86.95 W
2026/10/04 21:50:52.195, GPU-5597e55d-d2a4-aa89-e17f-8c674ae364a0, NVIDIA L40, 0 %, 1564 MiB, 87.10 W
2026/10/04 21:50:53.198, GPU-5597e55d-d2a4-aa89-e17f-8c674ae364a0, NVIDIA L40, 0 %, 1564 MiB, 87.25 W
2026/10/04 21:50:54.200, GPU-5597e55d-d2a4-aa89-e17f-8c674ae364a0, NVIDIA L40, 0 %, 1564 MiB, 87.25 W
2026/10/04 21:50:55.204, GPU-5597e55d-d2a4-aa89-e17f-8c674ae364a0, NVIDIA L40, 0 %, 1564 MiB, 87.13 W
2026/10/04 21:50:56.207, GPU-5597e55d-d2a4-aa89-e17f-8c674ae364a0, NVIDIA L40, 0 %, 1564 MiB, 87.10 W
2026/10/04 21:50:57.210, GPU-5597e55d-d2a4-aa89-e17f-8c674ae364a0, NVIDIA L40, 0 %, 1564 MiB, 87.20 W
2026/10/04 21:50:58.213, GPU-5597e55d-d2a4-aa89-e17f-8c674ae364a0, NVIDIA L40, 0 %, 1564 MiB, 87.34 W
2026/10/04 21:50:59.216, GPU-5597e55d-d2a4-aa89-e17f-8c674ae364a0, NVIDIA L40, 0 %, 1564 MiB, 87.47 W
2026/10/04 21:51:00.219, GPU-5597e55d-d2a4-aa89-e17f-8c674ae364a0, NVIDIA L40, 0 %, 1564 MiB, 87.40 W
2026/10/04 21:51:01.222, GPU-5597e55d-d2a4-aa89-e17f-8c674ae364a0, NVIDIA L40, 0 %, 1564 MiB, 87.06 W
2026/10/04 21:51:02.225, GPU-5597e55d-d2a4-aa89-e17f-8c674ae364a0, NVIDIA L40, 0 %, 1564 MiB, 86.88 W
2026/10/04 21:51:03.228, GPU-5597e55d-d2a4-aa89-e17f-8c674ae364a0, NVIDIA L40, 0 %, 1564 MiB, 86.73 W
2026/10/04 21:51:04.231, GPU-5597e55d-d2a4-aa89-e17f-8c674ae364a0, NVIDIA L40, 0 %, 2268 MiB, 89.37 W
2026/10/04 21:51:05.235, GPU-5597e55d-d2a4-aa89-e17f-8c674ae364a0, NVIDIA L40, 0 %, 2268 MiB, 92.07 W
2026/10/04 21:51:06.238, GPU-5597e55d-d2a4-aa89-e17f-8c674ae364a0, NVIDIA L40, 17 %, 2524 MiB, 92.45 W
2026/10/04 21:51:07.242, GPU-5597e55d-d2a4-aa89-e17f-8c674ae364a0, NVIDIA L40, 0 %, 2396 MiB, 96.11 W
2026/10/04 21:51:08.245, GPU-5597e55d-d2a4-aa89-e17f-8c674ae364a0, NVIDIA L40, 99 %, 2460 MiB, 123.81 W
2026/10/04 21:51:09.249, GPU-5597e55d-d2a4-aa89-e17f-8c674ae364a0, NVIDIA L40, 100 %, 2492 MiB, 142.88 W
2026/10/04 21:51:10.252, GPU-5597e55d-d2a4-aa89-e17f-8c674ae364a0, NVIDIA L40, 100 %, 2556 MiB, 143.29 W
2026/10/04 21:51:11.256, GPU-5597e55d-d2a4-aa89-e17f-8c674ae364a0, NVIDIA L40, 99 %, 2556 MiB, 140.90 W
2026/10/04 21:51:12.259, GPU-5597e55d-d2a4-aa89-e17f-8c674ae364a0, NVIDIA L40, 98 %, 2620 MiB, 143.25 W
2026/10/04 21:51:13.263, GPU-5597e55d-d2a4-aa89-e17f-8c674ae364a0, NVIDIA L40, 100 %, 2620 MiB, 143.53 W
2026/10/04 21:51:14.268, GPU-5597e55d-d2a4-aa89-e17f-8c674ae364a0, NVIDIA L40, 100 %, 2652 MiB, 143.00 W
2026/10/04 21:51:15.272, GPU-5597e55d-d2a4-aa89-e17f-8c674ae364a0, NVIDIA L40, 100 %, 2620 MiB, 142.52 W
2026/10/04 21:51:16.275, GPU-5597e55d-d2a4-aa89-e17f-8c674ae364a0, NVIDIA L40, 99 %, 2620 MiB, 144.04 W
2026/10/04 21:51:17.279, GPU-5597e55d-d2a4-aa89-e17f-8c674ae364a0, NVIDIA L40, 100 %, 2620 MiB, 143.10 W
2026/10/04 21:51:18.282, GPU-5597e55d-d2a4-aa89-e17f-8c674ae364a0, NVIDIA L40, 99 %, 2652 MiB, 143.47 W
2026/10/04 21:51:19.286, GPU-5597e55d-d2a4-aa89-e17f-8c674ae364a0, NVIDIA L40, 100 %, 2684 MiB, 142.82 W
2026/10/04 21:51:20.289, GPU-5597e55d-d2a4-aa89-e17f-8c674ae364a0, NVIDIA L40, 99 %, 2684 MiB, 143.55 W
2026/10/04 21:51:21.293, GPU-5597e55d-d2a4-aa89-e17f-8c674ae364a0, NVIDIA L40, 99 %, 2684 MiB, 143.84 W
2026/10/04 21:51:22.296, GPU-5597e55d-d2a4-aa89-e17f-8c674ae364a0, NVIDIA L40, 100 %, 2684 MiB, 138.51 W
2026/10/04 21:51:23.300, GPU-5597e55d-d2a4-aa89-e17f-8c674ae364a0, NVIDIA L40, 99 %, 2684 MiB, 142.40 W
2026/10/04 21:51:24.303, GPU-5597e55d-d2a4-aa89-e17f-8c674ae364a0, NVIDIA L40, 99 %, 2748 MiB, 143.41 W
2026/10/04 21:51:25.307, GPU-5597e55d-d2a4-aa89-e17f-8c674ae364a0, NVIDIA L40, 99 %, 2748 MiB, 144.25 W
2026/10/04 21:51:26.310, GPU-5597e55d-d2a4-aa89-e17f-8c674ae364a0, NVIDIA L40, 100 %, 2748 MiB, 144.57 W
2026/10/04 21:51:27.314, GPU-5597e55d-d2a4-aa89-e17f-8c674ae364a0, NVIDIA L40, 100 %, 2748 MiB, 142.68 W
2026/10/04 21:51:28.317, GPU-5597e55d-d2a4-aa89-e17f-8c674ae364a0, NVIDIA L40, 99 %, 2780 MiB, 143.06 W
2026/10/04 21:51:29.320, GPU-5597e55d-d2a4-aa89-e17f-8c674ae364a0, NVIDIA L40, 99 %, 2748 MiB, 144.57 W
2026/10/04 21:51:30.324, GPU-5597e55d-d2a4-aa89-e17f-8c674ae364a0, NVIDIA L40, 100 %, 2780 MiB, 144.70 W
2026/10/04 21:51:31.327, GPU-5597e55d-d2a4-aa89-e17f-8c674ae364a0, NVIDIA L40, 100 %, 2812 MiB, 144.14 W
2026/10/04 21:51:32.331, GPU-5597e55d-d2a4-aa89-e17f-8c674ae364a0, NVIDIA L40, 100 %, 2812 MiB, 144.49 W
2026/10/04 21:51:33.334, GPU-5597e55d-d2a4-aa89-e17f-8c674ae364a0, NVIDIA L40, 99 %, 2844 MiB, 144.73 W
2026/10/04 21:51:34.338, GPU-5597e55d-d2a4-aa89-e17f-8c674ae364a0, NVIDIA L40, 99 %, 2812 MiB, 143.87 W
2026/10/04 21:51:35.342, GPU-5597e55d-d2a4-aa89-e17f-8c674ae364a0, NVIDIA L40, 94 %, 2812 MiB, 142.10 W
2026/10/04 21:51:36.345, GPU-5597e55d-d2a4-aa89-e17f-8c674ae364a0, NVIDIA L40, 100 %, 2812 MiB, 143.95 W
2026/10/04 21:51:37.349, GPU-5597e55d-d2a4-aa89-e17f-8c674ae364a0, NVIDIA L40, 99 %, 2844 MiB, 140.04 W
2026/10/04 21:51:38.352, GPU-5597e55d-d2a4-aa89-e17f-8c674ae364a0, NVIDIA L40, 100 %, 2876 MiB, 142.02 W
2026/10/04 21:51:39.356, GPU-5597e55d-d2a4-aa89-e17f-8c674ae364a0, NVIDIA L40, 99 %, 2300 MiB, 142.33 W
2026/10/04 21:51:40.364, GPU-5597e55d-d2a4-aa89-e17f-8c674ae364a0, NVIDIA L40, 100 %, 2300 MiB, 145.10 W
2026/10/04 21:51:41.367, GPU-5597e55d-d2a4-aa89-e17f-8c674ae364a0, NVIDIA L40, 100 %, 2332 MiB, 145.22 W
2026/10/04 21:51:42.371, GPU-5597e55d-d2a4-aa89-e17f-8c674ae364a0, NVIDIA L40, 100 %, 2332 MiB, 145.39 W
2026/10/04 21:51:43.374, GPU-5597e55d-d2a4-aa89-e17f-8c674ae364a0, NVIDIA L40, 99 %, 2300 MiB, 144.57 W
2026/10/04 21:51:44.378, GPU-5597e55d-d2a4-aa89-e17f-8c674ae364a0, NVIDIA L40, 99 %, 2300 MiB, 144.42 W
2026/10/04 21:51:45.382, GPU-5597e55d-d2a4-aa89-e17f-8c674ae364a0, NVIDIA L40, 100 %, 2300 MiB, 145.58 W
2026/10/04 21:51:46.385, GPU-5597e55d-d2a4-aa89-e17f-8c674ae364a0, NVIDIA L40, 100 %, 2364 MiB, 143.08 W
2026/10/04 21:51:47.388, GPU-5597e55d-d2a4-aa89-e17f-8c674ae364a0, NVIDIA L40, 100 %, 2332 MiB, 145.43 W
2026/10/04 21:51:48.392, GPU-5597e55d-d2a4-aa89-e17f-8c674ae364a0, NVIDIA L40, 100 %, 2300 MiB, 145.46 W
2026/10/04 21:51:49.395, GPU-5597e55d-d2a4-aa89-e17f-8c674ae364a0, NVIDIA L40, 99 %, 2332 MiB, 145.67 W
2026/10/04 21:51:50.399, GPU-5597e55d-d2a4-aa89-e17f-8c674ae364a0, NVIDIA L40, 99 %, 2332 MiB, 144.69 W
2026/10/04 21:51:51.402, GPU-5597e55d-d2a4-aa89-e17f-8c674ae364a0, NVIDIA L40, 100 %, 2332 MiB, 145.87 W
2026/10/04 21:51:52.406, GPU-5597e55d-d2a4-aa89-e17f-8c674ae364a0, NVIDIA L40, 100 %, 2332 MiB, 145.79 W
2026/10/04 21:51:53.409, GPU-5597e55d-d2a4-aa89-e17f-8c674ae364a0, NVIDIA L40, 99 %, 2332 MiB, 144.18 W
2026/10/04 21:51:54.413, GPU-5597e55d-d2a4-aa89-e17f-8c674ae364a0, NVIDIA L40, 99 %, 2364 MiB, 144.78 W
2026/10/04 21:51:55.417, GPU-5597e55d-d2a4-aa89-e17f-8c674ae364a0, NVIDIA L40, 100 %, 2364 MiB, 145.57 W
2026/10/04 21:51:56.420, GPU-5597e55d-d2a4-aa89-e17f-8c674ae364a0, NVIDIA L40, 100 %, 2364 MiB, 145.67 W
2026/10/04 21:51:57.423, GPU-5597e55d-d2a4-aa89-e17f-8c674ae364a0, NVIDIA L40, 100 %, 2364 MiB, 145.64 W
2026/10/04 21:51:58.427, GPU-5597e55d-d2a4-aa89-e17f-8c674ae364a0, NVIDIA L40, 99 %, 2332 MiB, 145.76 W
2026/10/04 21:51:59.430, GPU-5597e55d-d2a4-aa89-e17f-8c674ae364a0, NVIDIA L40, 99 %, 2396 MiB, 144.88 W
2026/10/04 21:52:00.434, GPU-5597e55d-d2a4-aa89-e17f-8c674ae364a0, NVIDIA L40, 100 %, 2396 MiB, 145.58 W
2026/10/04 21:52:01.437, GPU-5597e55d-d2a4-aa89-e17f-8c674ae364a0, NVIDIA L40, 100 %, 2364 MiB, 145.98 W
2026/10/04 21:52:02.441, GPU-5597e55d-d2a4-aa89-e17f-8c674ae364a0, NVIDIA L40, 100 %, 2332 MiB, 143.39 W
2026/10/04 21:52:03.444, GPU-5597e55d-d2a4-aa89-e17f-8c674ae364a0, NVIDIA L40, 100 %, 2332 MiB, 145.76 W
2026/10/04 21:52:04.447, GPU-5597e55d-d2a4-aa89-e17f-8c674ae364a0, NVIDIA L40, 99 %, 2364 MiB, 145.54 W
2026/10/04 21:52:05.453, GPU-5597e55d-d2a4-aa89-e17f-8c674ae364a0, NVIDIA L40, 100 %, 2364 MiB, 144.99 W
2026/10/04 21:52:06.457, GPU-5597e55d-d2a4-aa89-e17f-8c674ae364a0, NVIDIA L40, 100 %, 2364 MiB, 145.83 W
2026/10/04 21:52:07.460, GPU-5597e55d-d2a4-aa89-e17f-8c674ae364a0, NVIDIA L40, 100 %, 2364 MiB, 144.99 W
2026/10/04 21:52:08.463, GPU-5597e55d-d2a4-aa89-e17f-8c674ae364a0, NVIDIA L40, 99 %, 2428 MiB, 144.78 W
2026/10/04 21:52:09.467, GPU-5597e55d-d2a4-aa89-e17f-8c674ae364a0, NVIDIA L40, 99 %, 2364 MiB, 145.26 W
2026/10/04 21:52:10.470, GPU-5597e55d-d2a4-aa89-e17f-8c674ae364a0, NVIDIA L40, 100 %, 2396 MiB, 145.03 W
2026/10/04 21:52:11.474, GPU-5597e55d-d2a4-aa89-e17f-8c674ae364a0, NVIDIA L40, 0 %, 2396 MiB, 101.23 W
2026/10/04 21:52:12.477, GPU-5597e55d-d2a4-aa89-e17f-8c674ae364a0, NVIDIA L40, 0 %, 2396 MiB, 96.12 W
2026/10/04 21:52:13.480, GPU-5597e55d-d2a4-aa89-e17f-8c674ae364a0, NVIDIA L40, 0 %, 2396 MiB, 89.90 W
2026/10/04 21:52:14.483, GPU-5597e55d-d2a4-aa89-e17f-8c674ae364a0, NVIDIA L40, 0 %, 2396 MiB, 89.69 W
2026/10/04 21:52:15.486, GPU-5597e55d-d2a4-aa89-e17f-8c674ae364a0, NVIDIA L40, 0 %, 2396 MiB, 89.66 W
2026/10/04 21:52:16.489, GPU-5597e55d-d2a4-aa89-e17f-8c674ae364a0, NVIDIA L40, 0 %, 2396 MiB, 89.54 W
2026/10/04 21:52:17.492, GPU-5597e55d-d2a4-aa89-e17f-8c674ae364a0, NVIDIA L40, 0 %, 2396 MiB, 89.20 W
2026/10/04 21:52:18.495, GPU-5597e55d-d2a4-aa89-e17f-8c674ae364a0, NVIDIA L40, 0 %, 2396 MiB, 89.32 W
2026/10/04 21:52:19.499, GPU-5597e55d-d2a4-aa89-e17f-8c674ae364a0, NVIDIA L40, 0 %, 2396 MiB, 89.32 W
2026/10/04 21:52:20.502, GPU-5597e55d-d2a4-aa89-e17f-8c674ae364a0, NVIDIA L40, 0 %, 2396 MiB, 89.17 W
2026/10/04 21:52:21.505, GPU-5597e55d-d2a4-aa89-e17f-8c674ae364a0, NVIDIA L40, 0 %, 2396 MiB, 89.35 W
2026/10/04 21:52:22.508, GPU-5597e55d-d2a4-aa89-e17f-8c674ae364a0, NVIDIA L40, 0 %, 2684 MiB, 90.74 W
2026/10/04 21:52:23.512, GPU-5597e55d-d2a4-aa89-e17f-8c674ae364a0, NVIDIA L40, 100 %, 2396 MiB, 115.54 W
2026/10/04 21:52:24.515, GPU-5597e55d-d2a4-aa89-e17f-8c674ae364a0, NVIDIA L40, 99 %, 2396 MiB, 144.01 W
2026/10/04 21:52:25.518, GPU-5597e55d-d2a4-aa89-e17f-8c674ae364a0, NVIDIA L40, 99 %, 2396 MiB, 144.68 W
2026/10/04 21:52:26.522, GPU-5597e55d-d2a4-aa89-e17f-8c674ae364a0, NVIDIA L40, 100 %, 2396 MiB, 145.19 W
2026/10/04 21:52:27.526, GPU-5597e55d-d2a4-aa89-e17f-8c674ae364a0, NVIDIA L40, 100 %, 2396 MiB, 144.38 W
2026/10/04 21:52:28.529, GPU-5597e55d-d2a4-aa89-e17f-8c674ae364a0, NVIDIA L40, 99 %, 2396 MiB, 144.95 W
2026/10/04 21:52:29.533, GPU-5597e55d-d2a4-aa89-e17f-8c674ae364a0, NVIDIA L40, 99 %, 2396 MiB, 144.88 W
2026/10/04 21:52:30.536, GPU-5597e55d-d2a4-aa89-e17f-8c674ae364a0, NVIDIA L40, 100 %, 2396 MiB, 145.60 W
2026/10/04 21:52:31.539, GPU-5597e55d-d2a4-aa89-e17f-8c674ae364a0, NVIDIA L40, 99 %, 2396 MiB, 144.57 W
2026/10/04 21:52:32.549, GPU-5597e55d-d2a4-aa89-e17f-8c674ae364a0, NVIDIA L40, 99 %, 2396 MiB, 145.28 W
2026/10/04 21:52:33.552, GPU-5597e55d-d2a4-aa89-e17f-8c674ae364a0, NVIDIA L40, 100 %, 2396 MiB, 145.39 W
2026/10/04 21:52:34.556, GPU-5597e55d-d2a4-aa89-e17f-8c674ae364a0, NVIDIA L40, 100 %, 2428 MiB, 144.45 W
2026/10/04 21:52:35.559, GPU-5597e55d-d2a4-aa89-e17f-8c674ae364a0, NVIDIA L40, 100 %, 2396 MiB, 145.85 W
2026/10/04 21:52:36.563, GPU-5597e55d-d2a4-aa89-e17f-8c674ae364a0, NVIDIA L40, 99 %, 2396 MiB, 144.83 W
2026/10/04 21:52:37.566, GPU-5597e55d-d2a4-aa89-e17f-8c674ae364a0, NVIDIA L40, 100 %, 2396 MiB, 144.88 W
2026/10/04 21:52:38.570, GPU-5597e55d-d2a4-aa89-e17f-8c674ae364a0, NVIDIA L40, 100 %, 2396 MiB, 145.71 W
2026/10/04 21:52:39.573, GPU-5597e55d-d2a4-aa89-e17f-8c674ae364a0, NVIDIA L40, 100 %, 2396 MiB, 145.68 W
2026/10/04 21:52:40.577, GPU-5597e55d-d2a4-aa89-e17f-8c674ae364a0, NVIDIA L40, 99 %, 2396 MiB, 145.15 W
2026/10/04 21:52:41.581, GPU-5597e55d-d2a4-aa89-e17f-8c674ae364a0, NVIDIA L40, 99 %, 2396 MiB, 144.60 W
2026/10/04 21:52:42.584, GPU-5597e55d-d2a4-aa89-e17f-8c674ae364a0, NVIDIA L40, 100 %, 2396 MiB, 145.71 W
2026/10/04 21:52:43.587, GPU-5597e55d-d2a4-aa89-e17f-8c674ae364a0, NVIDIA L40, 100 %, 2428 MiB, 144.98 W
2026/10/04 21:52:44.602, GPU-5597e55d-d2a4-aa89-e17f-8c674ae364a0, NVIDIA L40, 100 %, 2396 MiB, 144.66 W
2026/10/04 21:52:45.605, GPU-5597e55d-d2a4-aa89-e17f-8c674ae364a0, NVIDIA L40, 99 %, 2396 MiB, 145.39 W
2026/10/04 21:52:46.609, GPU-5597e55d-d2a4-aa89-e17f-8c674ae364a0, NVIDIA L40, 99 %, 2428 MiB, 146.04 W
2026/10/04 21:52:47.613, GPU-5597e55d-d2a4-aa89-e17f-8c674ae364a0, NVIDIA L40, 100 %, 2396 MiB, 144.70 W
2026/10/04 21:52:48.616, GPU-5597e55d-d2a4-aa89-e17f-8c674ae364a0, NVIDIA L40, 100 %, 2396 MiB, 144.54 W
2026/10/04 21:52:49.619, GPU-5597e55d-d2a4-aa89-e17f-8c674ae364a0, NVIDIA L40, 99 %, 2396 MiB, 144.97 W
2026/10/04 21:52:50.623, GPU-5597e55d-d2a4-aa89-e17f-8c674ae364a0, NVIDIA L40, 99 %, 2396 MiB, 144.71 W
2026/10/04 21:52:51.626, GPU-5597e55d-d2a4-aa89-e17f-8c674ae364a0, NVIDIA L40, 99 %, 2396 MiB, 146.24 W
2026/10/04 21:52:52.630, GPU-5597e55d-d2a4-aa89-e17f-8c674ae364a0, NVIDIA L40, 100 %, 2396 MiB, 145.59 W
2026/10/04 21:52:53.633, GPU-5597e55d-d2a4-aa89-e17f-8c674ae364a0, NVIDIA L40, 100 %, 2396 MiB, 145.54 W
2026/10/04 21:52:54.638, GPU-5597e55d-d2a4-aa89-e17f-8c674ae364a0, NVIDIA L40, 99 %, 2428 MiB, 144.85 W
2026/10/04 21:52:55.641, GPU-5597e55d-d2a4-aa89-e17f-8c674ae364a0, NVIDIA L40, 25 %, 2396 MiB, 132.28 W
2026/10/04 21:52:56.645, GPU-5597e55d-d2a4-aa89-e17f-8c674ae364a0, NVIDIA L40, 0 %, 2396 MiB, 96.29 W
2026/10/04 21:52:57.648, GPU-5597e55d-d2a4-aa89-e17f-8c674ae364a0, NVIDIA L40, 0 %, 2396 MiB, 90.21 W
2026/10/04 21:52:58.651, GPU-5597e55d-d2a4-aa89-e17f-8c674ae364a0, NVIDIA L40, 0 %, 2396 MiB, 89.63 W
2026/10/04 21:52:59.654, GPU-5597e55d-d2a4-aa89-e17f-8c674ae364a0, NVIDIA L40, 0 %, 2396 MiB, 89.36 W
2026/10/04 21:53:00.657, GPU-5597e55d-d2a4-aa89-e17f-8c674ae364a0, NVIDIA L40, 0 %, 2396 MiB, 89.50 W
2026/10/04 21:53:01.660, GPU-5597e55d-d2a4-aa89-e17f-8c674ae364a0, NVIDIA L40, 0 %, 2396 MiB, 89.38 W
2026/10/04 21:53:02.663, GPU-5597e55d-d2a4-aa89-e17f-8c674ae364a0, NVIDIA L40, 0 %, 2396 MiB, 89.36 W
2026/10/04 21:53:03.666, GPU-5597e55d-d2a4-aa89-e17f-8c674ae364a0, NVIDIA L40, 0 %, 2396 MiB, 89.33 W
2026/10/04 21:53:04.669, GPU-5597e55d-d2a4-aa89-e17f-8c674ae364a0, NVIDIA L40, 0 %, 2396 MiB, 89.36 W
2026/10/04 21:53:05.673, GPU-5597e55d-d2a4-aa89-e17f-8c674ae364a0, NVIDIA L40, 0 %, 2396 MiB, 88.89 W
2026/10/04 21:53:06.676, GPU-5597e55d-d2a4-aa89-e17f-8c674ae364a0, NVIDIA L40, 1 %, 2716 MiB, 94.61 W
2026/10/04 21:53:07.680, GPU-5597e55d-d2a4-aa89-e17f-8c674ae364a0, NVIDIA L40, 99 %, 2396 MiB, 123.67 W
2026/10/04 21:53:08.684, GPU-5597e55d-d2a4-aa89-e17f-8c674ae364a0, NVIDIA L40, 99 %, 2396 MiB, 144.93 W
2026/10/04 21:53:09.687, GPU-5597e55d-d2a4-aa89-e17f-8c674ae364a0, NVIDIA L40, 100 %, 2396 MiB, 145.59 W
2026/10/04 21:53:10.691, GPU-5597e55d-d2a4-aa89-e17f-8c674ae364a0, NVIDIA L40, 100 %, 2396 MiB, 144.25 W
2026/10/04 21:53:11.695, GPU-5597e55d-d2a4-aa89-e17f-8c674ae364a0, NVIDIA L40, 99 %, 2396 MiB, 143.57 W
2026/10/04 21:53:12.699, GPU-5597e55d-d2a4-aa89-e17f-8c674ae364a0, NVIDIA L40, 99 %, 2396 MiB, 145.33 W
2026/10/04 21:53:13.702, GPU-5597e55d-d2a4-aa89-e17f-8c674ae364a0, NVIDIA L40, 100 %, 2396 MiB, 145.51 W
2026/10/04 21:53:14.706, GPU-5597e55d-d2a4-aa89-e17f-8c674ae364a0, NVIDIA L40, 99 %, 2364 MiB, 145.72 W
2026/10/04 21:53:15.710, GPU-5597e55d-d2a4-aa89-e17f-8c674ae364a0, NVIDIA L40, 100 %, 2396 MiB, 144.98 W
2026/10/04 21:53:16.714, GPU-5597e55d-d2a4-aa89-e17f-8c674ae364a0, NVIDIA L40, 99 %, 2428 MiB, 144.54 W
2026/10/04 21:53:17.718, GPU-5597e55d-d2a4-aa89-e17f-8c674ae364a0, NVIDIA L40, 99 %, 2396 MiB, 145.60 W
2026/10/04 21:53:18.721, GPU-5597e55d-d2a4-aa89-e17f-8c674ae364a0, NVIDIA L40, 100 %, 2396 MiB, 144.64 W
2026/10/04 21:53:19.725, GPU-5597e55d-d2a4-aa89-e17f-8c674ae364a0, NVIDIA L40, 99 %, 2364 MiB, 145.13 W
2026/10/04 21:53:20.734, GPU-5597e55d-d2a4-aa89-e17f-8c674ae364a0, NVIDIA L40, 100 %, 2396 MiB, 145.46 W
2026/10/04 21:53:21.738, GPU-5597e55d-d2a4-aa89-e17f-8c674ae364a0, NVIDIA L40, 99 %, 2396 MiB, 146.03 W
2026/10/04 21:53:22.741, GPU-5597e55d-d2a4-aa89-e17f-8c674ae364a0, NVIDIA L40, 100 %, 2396 MiB, 145.95 W
2026/10/04 21:53:23.744, GPU-5597e55d-d2a4-aa89-e17f-8c674ae364a0, NVIDIA L40, 99 %, 2364 MiB, 145.31 W
2026/10/04 21:53:24.748, GPU-5597e55d-d2a4-aa89-e17f-8c674ae364a0, NVIDIA L40, 99 %, 2396 MiB, 145.22 W
2026/10/04 21:53:25.751, GPU-5597e55d-d2a4-aa89-e17f-8c674ae364a0, NVIDIA L40, 100 %, 2364 MiB, 146.05 W
2026/10/04 21:53:26.755, GPU-5597e55d-d2a4-aa89-e17f-8c674ae364a0, NVIDIA L40, 100 %, 2396 MiB, 145.94 W
2026/10/04 21:53:27.759, GPU-5597e55d-d2a4-aa89-e17f-8c674ae364a0, NVIDIA L40, 99 %, 2428 MiB, 144.49 W
2026/10/04 21:53:28.762, GPU-5597e55d-d2a4-aa89-e17f-8c674ae364a0, NVIDIA L40, 99 %, 2428 MiB, 145.00 W
2026/10/04 21:53:29.767, GPU-5597e55d-d2a4-aa89-e17f-8c674ae364a0, NVIDIA L40, 100 %, 2428 MiB, 146.07 W
2026/10/04 21:53:30.770, GPU-5597e55d-d2a4-aa89-e17f-8c674ae364a0, NVIDIA L40, 99 %, 2460 MiB, 145.84 W
2026/10/04 21:53:31.774, GPU-5597e55d-d2a4-aa89-e17f-8c674ae364a0, NVIDIA L40, 100 %, 2428 MiB, 146.11 W
2026/10/04 21:53:32.777, GPU-5597e55d-d2a4-aa89-e17f-8c674ae364a0, NVIDIA L40, 99 %, 2428 MiB, 145.39 W
2026/10/04 21:53:33.781, GPU-5597e55d-d2a4-aa89-e17f-8c674ae364a0, NVIDIA L40, 99 %, 2428 MiB, 145.29 W
2026/10/04 21:53:34.785, GPU-5597e55d-d2a4-aa89-e17f-8c674ae364a0, NVIDIA L40, 100 %, 2460 MiB, 145.08 W
2026/10/04 21:53:35.788, GPU-5597e55d-d2a4-aa89-e17f-8c674ae364a0, NVIDIA L40, 100 %, 2460 MiB, 146.27 W
2026/10/04 21:53:36.792, GPU-5597e55d-d2a4-aa89-e17f-8c674ae364a0, NVIDIA L40, 100 %, 2492 MiB, 146.16 W
2026/10/04 21:53:37.795, GPU-5597e55d-d2a4-aa89-e17f-8c674ae364a0, NVIDIA L40, 99 %, 2492 MiB, 145.46 W
2026/10/04 21:53:38.799, GPU-5597e55d-d2a4-aa89-e17f-8c674ae364a0, NVIDIA L40, 99 %, 2492 MiB, 145.96 W
2026/10/04 21:53:39.802, GPU-5597e55d-d2a4-aa89-e17f-8c674ae364a0, NVIDIA L40, 0 %, 2460 MiB, 131.07 W
2026/10/04 21:53:40.816, GPU-5597e55d-d2a4-aa89-e17f-8c674ae364a0, NVIDIA L40, 0 %, 2460 MiB, 96.41 W
2026/10/04 21:53:41.819, GPU-5597e55d-d2a4-aa89-e17f-8c674ae364a0, NVIDIA L40, 0 %, 2460 MiB, 89.98 W
2026/10/04 21:53:42.822, GPU-5597e55d-d2a4-aa89-e17f-8c674ae364a0, NVIDIA L40, 0 %, 2460 MiB, 89.75 W
2026/10/04 21:53:43.825, GPU-5597e55d-d2a4-aa89-e17f-8c674ae364a0, NVIDIA L40, 0 %, 2460 MiB, 89.62 W
2026/10/04 21:53:44.828, GPU-5597e55d-d2a4-aa89-e17f-8c674ae364a0, NVIDIA L40, 0 %, 2460 MiB, 89.25 W
2026/10/04 21:53:45.831, GPU-5597e55d-d2a4-aa89-e17f-8c674ae364a0, NVIDIA L40, 0 %, 2460 MiB, 89.20 W
2026/10/04 21:53:46.834, GPU-5597e55d-d2a4-aa89-e17f-8c674ae364a0, NVIDIA L40, 0 %, 2460 MiB, 89.33 W
2026/10/04 21:53:47.837, GPU-5597e55d-d2a4-aa89-e17f-8c674ae364a0, NVIDIA L40, 0 %, 2460 MiB, 89.23 W
2026/10/04 21:53:48.840, GPU-5597e55d-d2a4-aa89-e17f-8c674ae364a0, NVIDIA L40, 0 %, 2460 MiB, 89.36 W
2026/10/04 21:53:49.844, GPU-5597e55d-d2a4-aa89-e17f-8c674ae364a0, NVIDIA L40, 31 %, 2428 MiB, 94.59 W
2026/10/04 21:53:50.847, GPU-5597e55d-d2a4-aa89-e17f-8c674ae364a0, NVIDIA L40, 98 %, 2396 MiB, 138.61 W
2026/10/04 21:53:51.851, GPU-5597e55d-d2a4-aa89-e17f-8c674ae364a0, NVIDIA L40, 98 %, 2364 MiB, 140.89 W
2026/10/04 21:53:52.854, GPU-5597e55d-d2a4-aa89-e17f-8c674ae364a0, NVIDIA L40, 98 %, 2396 MiB, 140.63 W
2026/10/04 21:53:53.859, GPU-5597e55d-d2a4-aa89-e17f-8c674ae364a0, NVIDIA L40, 98 %, 2364 MiB, 142.23 W
2026/10/04 21:53:54.862, GPU-5597e55d-d2a4-aa89-e17f-8c674ae364a0, NVIDIA L40, 98 %, 2364 MiB, 143.02 W
2026/10/04 21:53:55.866, GPU-5597e55d-d2a4-aa89-e17f-8c674ae364a0, NVIDIA L40, 98 %, 2364 MiB, 140.62 W
2026/10/04 21:53:56.869, GPU-5597e55d-d2a4-aa89-e17f-8c674ae364a0, NVIDIA L40, 98 %, 2396 MiB, 142.17 W
2026/10/04 21:53:57.873, GPU-5597e55d-d2a4-aa89-e17f-8c674ae364a0, NVIDIA L40, 99 %, 2396 MiB, 140.62 W
2026/10/04 21:53:58.877, GPU-5597e55d-d2a4-aa89-e17f-8c674ae364a0, NVIDIA L40, 0 %, 2364 MiB, 119.30 W
2026/10/04 21:53:59.881, GPU-5597e55d-d2a4-aa89-e17f-8c674ae364a0, NVIDIA L40, 0 %, 2364 MiB, 95.90 W
2026/10/04 21:54:00.884, GPU-5597e55d-d2a4-aa89-e17f-8c674ae364a0, NVIDIA L40, 0 %, 2364 MiB, 89.69 W
2026/10/04 21:54:01.887, GPU-5597e55d-d2a4-aa89-e17f-8c674ae364a0, NVIDIA L40, 0 %, 2364 MiB, 89.65 W
2026/10/04 21:54:02.890, GPU-5597e55d-d2a4-aa89-e17f-8c674ae364a0, NVIDIA L40, 0 %, 2364 MiB, 89.53 W
2026/10/04 21:54:03.893, GPU-5597e55d-d2a4-aa89-e17f-8c674ae364a0, NVIDIA L40, 0 %, 2364 MiB, 89.38 W
2026/10/04 21:54:04.896, GPU-5597e55d-d2a4-aa89-e17f-8c674ae364a0, NVIDIA L40, 0 %, 2364 MiB, 89.11 W
2026/10/04 21:54:05.899, GPU-5597e55d-d2a4-aa89-e17f-8c674ae364a0, NVIDIA L40, 0 %, 2364 MiB, 89.13 W
2026/10/04 21:54:06.902, GPU-5597e55d-d2a4-aa89-e17f-8c674ae364a0, NVIDIA L40, 0 %, 2364 MiB, 89.13 W
2026/10/04 21:54:07.905, GPU-5597e55d-d2a4-aa89-e17f-8c674ae364a0, NVIDIA L40, 0 %, 2364 MiB, 89.35 W
2026/10/04 21:54:08.909, GPU-5597e55d-d2a4-aa89-e17f-8c674ae364a0, NVIDIA L40, 40 %, 2716 MiB, 95.63 W
2026/10/04 21:54:09.913, GPU-5597e55d-d2a4-aa89-e17f-8c674ae364a0, NVIDIA L40, 99 %, 2428 MiB, 138.88 W
2026/10/04 21:54:10.918, GPU-5597e55d-d2a4-aa89-e17f-8c674ae364a0, NVIDIA L40, 99 %, 2428 MiB, 145.25 W
2026/10/04 21:54:11.921, GPU-5597e55d-d2a4-aa89-e17f-8c674ae364a0, NVIDIA L40, 100 %, 2396 MiB, 144.52 W
2026/10/04 21:54:12.924, GPU-5597e55d-d2a4-aa89-e17f-8c674ae364a0, NVIDIA L40, 99 %, 2396 MiB, 145.20 W
2026/10/04 21:54:13.928, GPU-5597e55d-d2a4-aa89-e17f-8c674ae364a0, NVIDIA L40, 99 %, 2396 MiB, 145.02 W
2026/10/04 21:54:14.931, GPU-5597e55d-d2a4-aa89-e17f-8c674ae364a0, NVIDIA L40, 99 %, 2396 MiB, 144.89 W
2026/10/04 21:54:15.935, GPU-5597e55d-d2a4-aa89-e17f-8c674ae364a0, NVIDIA L40, 99 %, 2396 MiB, 145.55 W
2026/10/04 21:54:16.938, GPU-5597e55d-d2a4-aa89-e17f-8c674ae364a0, NVIDIA L40, 100 %, 2428 MiB, 144.36 W
2026/10/04 21:54:17.942, GPU-5597e55d-d2a4-aa89-e17f-8c674ae364a0, NVIDIA L40, 100 %, 2428 MiB, 146.39 W
2026/10/04 21:54:18.945, GPU-5597e55d-d2a4-aa89-e17f-8c674ae364a0, NVIDIA L40, 99 %, 2396 MiB, 144.41 W
2026/10/04 21:54:19.949, GPU-5597e55d-d2a4-aa89-e17f-8c674ae364a0, NVIDIA L40, 99 %, 2396 MiB, 144.47 W
2026/10/04 21:54:20.953, GPU-5597e55d-d2a4-aa89-e17f-8c674ae364a0, NVIDIA L40, 100 %, 2428 MiB, 145.39 W
2026/10/04 21:54:21.956, GPU-5597e55d-d2a4-aa89-e17f-8c674ae364a0, NVIDIA L40, 100 %, 2396 MiB, 145.82 W
2026/10/04 21:54:22.960, GPU-5597e55d-d2a4-aa89-e17f-8c674ae364a0, NVIDIA L40, 100 %, 2460 MiB, 145.98 W
2026/10/04 21:54:23.963, GPU-5597e55d-d2a4-aa89-e17f-8c674ae364a0, NVIDIA L40, 99 %, 2460 MiB, 145.03 W
2026/10/04 21:54:24.966, GPU-5597e55d-d2a4-aa89-e17f-8c674ae364a0, NVIDIA L40, 99 %, 2460 MiB, 145.35 W
2026/10/04 21:54:25.970, GPU-5597e55d-d2a4-aa89-e17f-8c674ae364a0, NVIDIA L40, 100 %, 2460 MiB, 146.18 W
2026/10/04 21:54:26.973, GPU-5597e55d-d2a4-aa89-e17f-8c674ae364a0, NVIDIA L40, 100 %, 2428 MiB, 145.10 W
2026/10/04 21:54:27.977, GPU-5597e55d-d2a4-aa89-e17f-8c674ae364a0, NVIDIA L40, 99 %, 2460 MiB, 145.93 W
2026/10/04 21:54:28.980, GPU-5597e55d-d2a4-aa89-e17f-8c674ae364a0, NVIDIA L40, 99 %, 2428 MiB, 144.92 W
2026/10/04 21:54:29.984, GPU-5597e55d-d2a4-aa89-e17f-8c674ae364a0, NVIDIA L40, 100 %, 2460 MiB, 145.09 W
2026/10/04 21:54:30.987, GPU-5597e55d-d2a4-aa89-e17f-8c674ae364a0, NVIDIA L40, 100 %, 2428 MiB, 146.18 W
2026/10/04 21:54:31.991, GPU-5597e55d-d2a4-aa89-e17f-8c674ae364a0, NVIDIA L40, 99 %, 2460 MiB, 145.02 W
2026/10/04 21:54:32.994, GPU-5597e55d-d2a4-aa89-e17f-8c674ae364a0, NVIDIA L40, 99 %, 2428 MiB, 145.52 W
2026/10/04 21:54:33.998, GPU-5597e55d-d2a4-aa89-e17f-8c674ae364a0, NVIDIA L40, 99 %, 2428 MiB, 145.62 W
2026/10/04 21:54:35.001, GPU-5597e55d-d2a4-aa89-e17f-8c674ae364a0, NVIDIA L40, 100 %, 2460 MiB, 146.31 W
2026/10/04 21:54:36.007, GPU-5597e55d-d2a4-aa89-e17f-8c674ae364a0, NVIDIA L40, 100 %, 2428 MiB, 145.93 W
2026/10/04 21:54:37.010, GPU-5597e55d-d2a4-aa89-e17f-8c674ae364a0, NVIDIA L40, 100 %, 2460 MiB, 146.15 W
2026/10/04 21:54:38.014, GPU-5597e55d-d2a4-aa89-e17f-8c674ae364a0, NVIDIA L40, 99 %, 2460 MiB, 146.21 W
2026/10/04 21:54:39.017, GPU-5597e55d-d2a4-aa89-e17f-8c674ae364a0, NVIDIA L40, 100 %, 2428 MiB, 145.98 W
2026/10/04 21:54:40.020, GPU-5597e55d-d2a4-aa89-e17f-8c674ae364a0, NVIDIA L40, 100 %, 2428 MiB, 146.07 W
2026/10/04 21:54:41.024, GPU-5597e55d-d2a4-aa89-e17f-8c674ae364a0, NVIDIA L40, 0 %, 2460 MiB, 120.66 W
2026/10/04 21:54:42.028, GPU-5597e55d-d2a4-aa89-e17f-8c674ae364a0, NVIDIA L40, 0 %, 2460 MiB, 96.14 W
2026/10/04 21:54:43.031, GPU-5597e55d-d2a4-aa89-e17f-8c674ae364a0, NVIDIA L40, 0 %, 2460 MiB, 90.46 W
2026/10/04 21:54:44.034, GPU-5597e55d-d2a4-aa89-e17f-8c674ae364a0, NVIDIA L40, 0 %, 2460 MiB, 90.12 W
2026/10/04 21:54:45.037, GPU-5597e55d-d2a4-aa89-e17f-8c674ae364a0, NVIDIA L40, 0 %, 2460 MiB, 89.75 W
2026/10/04 21:54:46.040, GPU-5597e55d-d2a4-aa89-e17f-8c674ae364a0, NVIDIA L40, 0 %, 2460 MiB, 89.41 W
2026/10/04 21:54:47.043, GPU-5597e55d-d2a4-aa89-e17f-8c674ae364a0, NVIDIA L40, 0 %, 2460 MiB, 89.41 W
2026/10/04 21:54:48.046, GPU-5597e55d-d2a4-aa89-e17f-8c674ae364a0, NVIDIA L40, 0 %, 2460 MiB, 89.14 W
2026/10/04 21:54:49.049, GPU-5597e55d-d2a4-aa89-e17f-8c674ae364a0, NVIDIA L40, 0 %, 2460 MiB, 89.01 W
2026/10/04 21:54:50.053, GPU-5597e55d-d2a4-aa89-e17f-8c674ae364a0, NVIDIA L40, 0 %, 2460 MiB, 89.28 W
2026/10/04 21:54:51.056, GPU-5597e55d-d2a4-aa89-e17f-8c674ae364a0, NVIDIA L40, 0 %, 2460 MiB, 89.13 W
2026/10/04 21:54:52.059, GPU-5597e55d-d2a4-aa89-e17f-8c674ae364a0, NVIDIA L40, 0 %, 2460 MiB, 89.23 W
2026/10/04 21:54:53.062, GPU-5597e55d-d2a4-aa89-e17f-8c674ae364a0, NVIDIA L40, 0 %, 2460 MiB, 89.23 W
2026/10/04 21:54:54.065, GPU-5597e55d-d2a4-aa89-e17f-8c674ae364a0, NVIDIA L40, 0 %, 2460 MiB, 89.11 W
2026/10/04 21:54:55.069, GPU-5597e55d-d2a4-aa89-e17f-8c674ae364a0, NVIDIA L40, 0 %, 2460 MiB, 88.73 W
2026/10/04 21:54:56.072, GPU-5597e55d-d2a4-aa89-e17f-8c674ae364a0, NVIDIA L40, 0 %, 2460 MiB, 88.74 W
2026/10/04 21:54:57.075, GPU-5597e55d-d2a4-aa89-e17f-8c674ae364a0, NVIDIA L40, 0 %, 2460 MiB, 88.89 W
2026/10/04 21:54:58.078, GPU-5597e55d-d2a4-aa89-e17f-8c674ae364a0, NVIDIA L40, 0 %, 2460 MiB, 88.62 W
2026/10/04 21:54:59.081, GPU-5597e55d-d2a4-aa89-e17f-8c674ae364a0, NVIDIA L40, 0 %, 2460 MiB, 88.74 W
2026/10/04 21:55:00.084, GPU-5597e55d-d2a4-aa89-e17f-8c674ae364a0, NVIDIA L40, 0 %, 2460 MiB, 88.88 W
2026/10/04 21:55:01.087, GPU-5597e55d-d2a4-aa89-e17f-8c674ae364a0, NVIDIA L40, 0 %, 2460 MiB, 89.01 W
2026/10/04 21:55:02.090, GPU-5597e55d-d2a4-aa89-e17f-8c674ae364a0, NVIDIA L40, 40 %, 2460 MiB, 90.39 W
2026/10/04 21:55:03.094, GPU-5597e55d-d2a4-aa89-e17f-8c674ae364a0, NVIDIA L40, 98 %, 2428 MiB, 136.82 W
2026/10/04 21:55:04.103, GPU-5597e55d-d2a4-aa89-e17f-8c674ae364a0, NVIDIA L40, 98 %, 2428 MiB, 140.10 W
2026/10/04 21:55:05.106, GPU-5597e55d-d2a4-aa89-e17f-8c674ae364a0, NVIDIA L40, 97 %, 2428 MiB, 139.64 W
2026/10/04 21:55:06.110, GPU-5597e55d-d2a4-aa89-e17f-8c674ae364a0, NVIDIA L40, 98 %, 2428 MiB, 139.60 W
2026/10/04 21:55:07.113, GPU-5597e55d-d2a4-aa89-e17f-8c674ae364a0, NVIDIA L40, 98 %, 2428 MiB, 139.87 W
2026/10/04 21:55:08.117, GPU-5597e55d-d2a4-aa89-e17f-8c674ae364a0, NVIDIA L40, 98 %, 2428 MiB, 139.27 W
2026/10/04 21:55:09.120, GPU-5597e55d-d2a4-aa89-e17f-8c674ae364a0, NVIDIA L40, 98 %, 2396 MiB, 141.55 W
2026/10/04 21:55:10.124, GPU-5597e55d-d2a4-aa89-e17f-8c674ae364a0, NVIDIA L40, 98 %, 2428 MiB, 140.94 W
2026/10/04 21:55:11.127, GPU-5597e55d-d2a4-aa89-e17f-8c674ae364a0, NVIDIA L40, 0 %, 2396 MiB, 119.43 W
2026/10/04 21:55:12.131, GPU-5597e55d-d2a4-aa89-e17f-8c674ae364a0, NVIDIA L40, 0 %, 2396 MiB, 95.41 W
2026/10/04 21:55:13.134, GPU-5597e55d-d2a4-aa89-e17f-8c674ae364a0, NVIDIA L40, 0 %, 2396 MiB, 89.22 W
2026/10/04 21:55:14.137, GPU-5597e55d-d2a4-aa89-e17f-8c674ae364a0, NVIDIA L40, 19 %, 434 MiB, 91.66 W
