idx	outcome	cause	test	rc	dur_s	sub_passed	sub_failed	metric	reason
1	PASS	ok	calibration::registry::covariance_and_interval_modes_map_to_registered_bands	0	0	1	0		
2	PASS	ok	calibration::registry::every_family_predictive_interval_is_registered_or_a_known_gap	0	0	1	0		
3	PASS	ok	calibration::registry::multinomial_payload_uncertainty_fields_are_all_registered	0	0	1	0		
4	PASS	ok	calibration::registry::multinomial_smooth_significance_fields_are_all_registered	0	0	1	0		
5	PASS	ok	calibration::registry::posterior_mean_payload_uncertainty_fields_are_all_registered	0	0	1	0		
6	PASS	ok	calibration::registry::predict_payload_uncertainty_fields_are_all_registered	0	0	1	0		
7	PASS	ok	calibration::registry::registry_is_internally_well_formed	0	0	1	0		
8	PASS	ok	calibration::registry::survival_predict_payload_uncertainty_fields_are_all_registered	0	0	1	0		
9	PASS	ok	factors::quality_vs_mgcv_thin_plate_by_factor::gam_thin_plate_by_factor_predict_replays_frozen_basis	0	0	1	0		
10	PASS	ok	factors::quality_vs_mgcv_thin_plate_by_factor::gam_thin_plate_by_factor_recovers_per_level_truth	0	1	1	0	edf=28.328 edf=29.455 rel_l2=0.0207 rel_l2=0.0136 	
11	PASS	ok	families::mgcv_defect_gumbls_second_predictor_response_se::second_predictor_response_se_is_not_a_recycled_scalar	0	2	1	0		
12	PASS	ok	families::quality_latent_cloglog_frailty_binary::gam_latent_cloglog_recovers_frailty_marginal_probability	0	5	1	0	edf=3.054 	
13	PASS	ok	families::quality_tweedie_dispersion_location_scale_1060::gam_tweedie_dispersion_location_scale_recovers_phi_surface	0	0	1	0		
14	PASS	ok	families::quality_vs_betareg_beta_logit::gam_beta_logit_recovers_smooth_truth	0	1	1	0	rmse_truth=0.01852 rmse_truth=0.02195 	
15	PASS	ok	families::quality_vs_brute_force_loo_poisson_log::alo_loo_recovers_truth_and_matches_exact_brute_force_poisson_log_on_real_data	0	2	1	0		
16	PASS	ok	families::quality_vs_gamboostlss_gaussian_location_scale::gam_gaussian_location_scale_matches_gamboostlss	0	6	1	0	nll=1.26784 nll=214975800119235608313856.00000 	
17	PASS	ok	families::quality_vs_gamlss_binomial_location_scale::gam_binomial_location_scale_real_data_timeout_case_rejects_before_optimizer	0	0	1	0		
18	PASS	ok	families::quality_vs_gamlss_binomial_location_scale::gam_binomial_location_scale_rejects_smooth_log_sigma_on_bernoulli_data	0	0	1	0		
19	PASS	ok	families::quality_vs_gamlss_crps_gaussian_location_scale::gam_gaussian_location_scale_crps_matches_gamlss	0	2	1	0	crps=0.09276 crps=0.08737 rmse=0.05248 rmse=0.00915 crps=0.09512 rmse=0.05549 rmse=0.01391 crps_pearson=0.96970 	
20	PASS	ok	families::quality_vs_gamlss_crps_gaussian_location_scale::gam_gaussian_location_scale_crps_matches_gamlss_on_real_data	0	2	1	0	crps=2.46866 crps=2.45784 	
21	PASS	ok	families::quality_vs_gamlss_custom_family_location_scale_gaussian::gam_custom_family_location_scale_matches_gamlss	0	1	1	0	rmse_to_truth=0.1460 rmse_to_truth=0.1463 rmse_to_truth=0.0751 rmse_to_truth=0.0750 rel_l2_mu_vs_gamlss=0.0006 	
22	PASS	ok	families::quality_vs_gamlss_custom_family_location_scale_gaussian::gam_custom_family_location_scale_matches_gamlss_on_real_data	0	5	1	0		
23	PASS	ok	families::quality_vs_gamlss_gamma_dispersion_location_scale_1060::gam_gamma_dispersion_location_scale_recovers_shape_surface_vs_gamlss	0	1	1	0		
24	PASS	ok	families::quality_vs_gamlss_gaussian_location_scale::gam_gaussian_location_scale_matches_gamlss	0	3	1	0		
25	PASS	ok	families::quality_vs_gamlss_gaussian_location_scale::gam_gaussian_location_scale_matches_gamlss_on_real_data	0	12	1	0		
26	PASS	ok	families::quality_vs_gamlss_gaussian_location_scale_by_group::gam_location_scale_by_group_matches_gamlss	0	12	1	0		
27	PASS	ok	families::quality_vs_gamlss_gaussian_location_scale_cyclic::gam_cyclic_location_scale_recovers_truth	0	25	1	0		
28	PASS	ok	families::quality_vs_gamlss_gaussian_location_scale_cyclic::gam_cyclic_location_scale_recovers_truth_above_the_fundamental	0	11	1	0		
29	PASS	ok	families::quality_vs_gamlss_gaussian_location_scale_cyclic::gam_cyclic_location_scale_recovers_truth_on_real_data	0	2	1	0	nll=2.1239 nll=2.1110 R2=0.9452 rel_l2=0.0051 rel_l2=0.0978 	
30	PASS	ok	families::quality_vs_gamlss_gaussian_multi_smooth::gam_gaussian_multi_smooth_matches_gamlss	0	95	1	0	rmse=0.09201 rmse=0.20076 rmse=0.08875 rmse=0.17070 rmse=0.06043 rmse=0.24377 rmse=0.30011 rmse=3.51956 rmse=0.08147 rmse=0.23984 rmse=0.09041 rmse=0.22021 rmse=0.07615 rmse=0.24322 rmse=0.06831 rmse=0.21524 rmse=0.06663 rmse=0.21950 rmse=0.07249 rmse=0.15035 rmse=0.09070 rmse=0.23345 rmse=0.05956 rmse=0.42114 rmse=0.06879 rmse=0.15018 rmse=0.09127 rmse=0.23345 rmse=0.07600 rmse=0.20665 rmse=0.06994 rmse=0.25926 rmse=0.06578 rmse=0.20827 rmse=0.06705 rmse=0.15229 rmse=0.06529 rmse=0.21477 rmse=0.07954 rmse=0.23360 rmse=0.06200 rmse=0.18916 rmse=0.07703 rmse=0.13030 rmse=0.12482 rmse=0.32478 rmse=0.12729 rmse=0.39749 rmse=0.09210 rmse=0.22744 	
31	PASS	ok	families::quality_vs_hand_coded_beta_logit_negative_log_likelihood::beta_logit_custom_family_recovers_truth_and_generalises	0	0	1	0	rmse=0.0589 	
32	PASS	ok	families::quality_vs_inla_gaussian_smooth_posterior_mean::gam_smooth_predicts_heldout_lidar_at_least_as_well_as_inla	0	0	1	0	R2=0.9457 	
33	PASS	ok	families::quality_vs_inla_gaussian_smooth_posterior_mean::gam_smooth_predicts_heldout_lidar_at_least_as_well_as_inla_on_real_data	0	0	1	0	R2=0.9322 	
34	GAM_ERROR	gam_fit_failed	families::quality_vs_interpret_ml_pygam_binomial_logit_comparative::gam_binomial_logit_holdout_predictive_quality	101	3	0	1		thread 'families::quality_vs_interpret_ml_pygam_binomial_logit_comparative::gam_binomial_logit_holdout_predictive_quality' (41969) panicked at tests/quality/families/quality_vs_interpret_ml_pygam_binomial_logit_comparative.rs:195:33: :: gam fold 4 fit failed: Fit(Estimation(Outer smoothing-parameter optimization did not certify a stationary optimum (standard REML): gradient g =2.216e-8 Pg =2.216e-
35	PASS	ok	families::quality_vs_interpret_ml_pygam_binomial_logit_comparative::gam_binomial_logit_holdout_predictive_quality_on_real_data	0	4	1	0	nll=0.6215 auc=0.6989 nll=0.6211 nll=0.6213 nll=0.6211 nll gam=6.21530090787836831e-1 nll gam=6.21530090787836831e-1 	
36	GAM_ERROR	gam_fit_failed	families::quality_vs_interpretml_ebm_binomial_logit::gam_binomial_logit_heldout_accuracy_beats_ebm	101	1	0	1		thread 'families::quality_vs_interpretml_ebm_binomial_logit::gam_binomial_logit_heldout_accuracy_beats_ebm' (42074) panicked at tests/quality/families/quality_vs_interpretml_ebm_binomial_logit.rs:191:76: :: gam fit: Fit(Estimation(Outer smoothing-parameter optimization did not certify a stationary optimum (standard REML): gradient g =5.690e-6 Pg =5.690e-6 bound=2.936e-10 (rung=coordinate-band deri
37	PASS	ok	families::quality_vs_loo_psis_gaussian_smooth::gam_alo_is_honest_loo_predictive_error_on_lidar_on_real_data	0	3	1	0	edf=8.080 rmse=0.07016 	
38	PASS	ok	families::quality_vs_manual_mixture_link_logistic_probit_cloglog_blend::mixture_link_blend_matches_handcoded_reference	0	0	1	0	rel_l2=5.633e-17 pearson=1.000000000000 	
39	PASS	ok	families::quality_vs_mgcv_confidence_interval_gaussian_response_scale::response_scale_ci_is_calibrated_and_matches_or_beats_mgcv	0	31	1	0	coverage over 30 rho_marginalized=0.9529 rho_marginalized_err=0.0029 rho_marginalized_strictly_wider=9000 rho_marginalized_narrower=0 	
40	PASS	ok	families::quality_vs_mgcv_confidence_interval_gaussian_se::gam_pointwise_ci_covers_truth_and_matches_mgcv_on_gaussian_smooth	0	3	1	0	se_rel_l2=0.02673 	
41	PASS	ok	families::quality_vs_mgcv_confidence_interval_gaussian_sweep_coverage::gam_confidence_interval_domain_averaged_coverage_hits_nominal	0	2	1	0		
42	METRIC_OFF	quality_metric	families::quality_vs_mgcv_gaulss_gaussian::gam_gaulss_linear_mean_smooth_sigma_predicts_lidar_at_least_as_well_as_mgcv	101	2	0	1	R2=-0.3798 rel_l2_vs_mgcv=0.8017 	thread 'families::quality_vs_mgcv_gaulss_gaussian::gam_gaulss_linear_mean_smooth_sigma_predicts_lidar_at_least_as_well_as_mgcv' (42828) panicked at tests/quality/families/quality_vs_mgcv_gaulss_gaussian.rs:281:5: :: gam's held-out mean explains too little of lidar's signal: test R^2=-0.3798 (floor 0.55)
43	PASS	ok	families::quality_vs_mgcv_gaussian_smooth::gam_smooth_predicts_lidar_better_than_baseline	0	1	1	0	R2_avg=0.9167 rmse gam=7.97513811280953777e-2 	
44	PASS	ok	families::quality_vs_mgcv_gaussian_smooth::gam_smooth_predicts_lidar_better_than_baseline_on_real_data	0	1	1	0	R2_avg=0.9266 rmse gam=7.31131559361563876e-2 	
45	PASS	ok	families::quality_vs_mgcv_high_leverage_gaussian_alo_stabilized::alo_stabilized_reml_is_bit_preserving_on_low_leverage_gaussian	0	1	1	0	rmse=0.0091 rmse=0.0611 rmse=0.0611 rmse gam=6.11493341483318048e-2 	
46	PASS	ok	families::quality_vs_mgcv_high_leverage_gaussian_alo_stabilized::alo_stabilized_reml_matches_or_beats_mgcv_on_high_leverage_gaussian	0	1	1	0	edf=8.177 edf=9.043 rmse=0.0141 rmse=0.0837 rmse=0.0866 rmse gam=8.37228438117213480e-2 	
47	PASS	ok	families::quality_vs_mgcv_poisson_tensor::gam_poisson_tensor_recovers_true_mean_surface	0	8	1	0	rmse_to_truth=0.184477 edf=9.462 rmse_to_truth=0.323429 edf=8.792 rmse_to_truth=0.361620 edf=10.316 rmse_to_truth=0.212242 edf=8.936 rmse_to_truth=0.344659 edf=5.673 rmse_to_truth=0.311118 edf=7.511 rmse_to_truth=0.402351 edf=1.952 rmse_to_truth=0.349098 edf=8.489 rmse_to_truth=0.233053 edf=12.921 rmse_to_truth=0.216735 edf=10.718 rmse_to_truth=0.220489 edf=7.105 rmse_to_truth=0.257783 edf=9.284 rmse_to_truth=0.413499 edf=6.566 rmse_to_truth=0.231117 edf=6.870 rmse_to_truth=0.390588 edf=2.792 rmse_to_truth=0.343079 edf=5.786 rmse_to_truth=0.269546 edf=6.828 rmse_to_truth=0.383756 edf=9.693 rmse_to_truth=0.268669 edf=8.825 rmse_to_truth=0.371965 edf=6.709 rmse_to_truth=0.227323 edf=12.176 rmse_to_truth=0.312897 edf=8.626 rmse_to_truth=0.286826 edf=11.246 rmse_to_truth=0.423340 edf=13.007 rmse_to_truth=0.284311 edf=6.398 edf gam=8.267 rel_l2_vs_mgcv=0.0475 pearson_vs_mgcv=0.96160 	
48	METRIC_OFF	quality_metric	families::quality_vs_mgcv_poisson_tensor::gam_poisson_tensor_recovers_true_mean_surface_on_real_data	101	2	0	1	edf=45.342 edf=13.219 deviance gam=3.33152470164094039e0 	thread 'families::quality_vs_mgcv_poisson_tensor::gam_poisson_tensor_recovers_true_mean_surface_on_real_data' (43165) panicked at tests/quality/families/quality_vs_mgcv_poisson_tensor.rs:549:5: :: gam effective dof out of sane range: 45.342
49	GAM_ERROR	gam_fit_failed	families::quality_vs_mgcv_tensor_te_2d_binomial::gam_tensor_te_2d_binomial_logit_matches_mgcv	101	15	0	1		thread 'families::quality_vs_mgcv_tensor_te_2d_binomial::gam_tensor_te_2d_binomial_logit_matches_mgcv' (43226) panicked at tests/quality/families/quality_vs_mgcv_tensor_te_2d_binomial.rs:140:67: :: gam binomial te fit: Fit(Estimation(Outer smoothing-parameter optimization did not certify a stationary optimum (standard REML): gradient g =3.356e-8 Pg =3.356e-8 bound=1.568e-10 (rung=coordinate-band d
50	PASS	ok	families::quality_vs_mgcv_tensor_te_2d_gamma::gam_tensor_te_2d_gamma_matches_mgcv	0	2	1	0	edf=8.104 	
51	PASS	ok	families::quality_vs_mgcv_tensor_te_2d_gamma::gam_tensor_te_2d_gamma_matches_mgcv_on_real_data	0	1	1	0	edf=3.963 edf=4.000 deviance gam=2.68297367994491760e-3 	
52	PASS	ok	families::quality_vs_mgcv_tensor_te_2d_tweedie::gam_tensor_te_2d_tweedie_matches_mgcv	0	1	1	0	edf=6.441 edf=6.336 	
53	PASS	ok	families::quality_vs_mgcv_tensor_te_3d_gaussian::gam_te_3d_recovers_nonadditive_surface	0	3	1	0	edf_total=47.936 edf=8.790 rmse_vs_truth=0.08334 rmse=0.01698 rmse=0.01698 rmse/range=0.00787 rel_l2_vs_mgcv=0.0004 	
54	METRIC_OFF	quality_metric	families::quality_vs_mgcv_tensor_ti_2d_gaussian::gam_ti_2d_interaction_recovers_truth	101	1	0	1	rmse_gam_vs_truth=0.03469 rmse_mgcv_vs_truth=0.02852 rmse=0.03469 	thread 'families::quality_vs_mgcv_tensor_ti_2d_gaussian::gam_ti_2d_interaction_recovers_truth' (43492) panicked at tests/quality/families/quality_vs_mgcv_tensor_ti_2d_gaussian.rs:288:5: :: gam fails to recover the true interaction surface: rmse=0.03469 > bar=0.03128 (= 0.025 * range 1.2513)
55	PASS	ok	families::quality_vs_mgcv_tensor_tp_2d_gaussian::gam_thin_plate_2d_matches_mgcv_gaussian	0	1	1	0	edf_total=9.961 rmse_vs_truth=0.03757 rmse_vs_truth=0.03986 rel_l2_gam_vs_mgcv=0.08192 	
56	PASS	ok	families::quality_vs_numpyro_nuts_poisson_loglink::gam_nuts_poisson_loglink_predicts_heldout_counts	0	21	1	0	edf=10.94 rhat=1.0000 ess=591.0 deviance gam=1.35017793302797062e0 	
57	PASS	ok	families::quality_vs_properscoring_crps_gaussian_location_scale::gam_gaussian_location_scale_crps_matches_properscoring	0	2	1	0	crps=0.073775 	
58	PASS	ok	families::quality_vs_properscoring_crps_gaussian_location_scale::gam_gaussian_location_scale_crps_matches_properscoring_on_real_data	0	2	1	0	crps_naive=5.3299 crps=2.465728 	
59	PASS	ok	families::quality_vs_pygam_student_t_outliers::student_t_matches_or_beats_pygam_truth_mse_on_outlier_contaminated_smooth	0	1	1	0	edf=9.900 edf=9.895 edf=10.347 edf=9.971 edf=9.844 	
60	PASS	ok	families::quality_vs_pymc_hmc_binomial_penalized_vs_unpenalized::gam_penalized_binomial_posterior_matches_pymc_and_concentrates_with_lambda	0	43	1	0	ess=1500 rmse_vs_truth=0.71521 ess=2394 rmse_vs_truth=0.56049 ess=2616 rmse_vs_truth=0.38895 rmse_vs_truth=0.72547 rmse_vs_truth=0.56156 rmse_vs_truth=0.39082 	
61	GAM_ERROR	gam_fit_failed	families::quality_vs_pymc_hmc_binomial_penalized_vs_unpenalized::gam_penalized_binomial_posterior_matches_pymc_and_concentrates_with_lambda_on_real_data	101	2	0	1		thread 'families::quality_vs_pymc_hmc_binomial_penalized_vs_unpenalized::gam_penalized_binomial_posterior_matches_pymc_and_concentrates_with_lambda_on_real_data' (44098) panicked at tests/quality/families/quality_vs_pymc_hmc_binomial_penalized_vs_unpenalized.rs:617:10: :: gam binomial fit on prostate train: Fit(Estimation(Outer smoothing-parameter optimization did not certify a stationary optimum 
62	PASS	ok	families::quality_vs_pymc_nuts_binomial_logit::gam_nuts_binomial_logit_recovers_truth_and_is_calibrated	0	19	1	0	rhat=1.0016 rhat=1.0046 	
63	GAM_ERROR	gam_fit_failed	families::quality_vs_pymc_nuts_binomial_logit::gam_nuts_binomial_logit_recovers_truth_and_is_calibrated_on_real_data	101	2	0	1		thread 'families::quality_vs_pymc_nuts_binomial_logit::gam_nuts_binomial_logit_recovers_truth_and_is_calibrated_on_real_data' (44234) panicked at tests/quality/families/quality_vs_pymc_nuts_binomial_logit.rs:556:66: :: gam binomial fit: Fit(Estimation(Outer smoothing-parameter optimization did not certify a stationary optimum (standard REML): gradient g =7.101e-5 Pg =7.101e-5 bound=2.081e-10 (rung
64	PASS	ok	families::quality_vs_scipy_conjugate_gaussian_posterior::gam_nuts_posterior_matches_scipy_exact_conjugate_gaussian	0	0	1	0		
65	PASS	ok	families::quality_vs_scipy_johnsonsu_sas_link_transform_math::gam_sas_link_transform_matches_scipy_sinh_arcsinh_cdf	0	1	1	0		
66	GAM_ERROR	gam_fit_failed	families::quality_vs_sklearn_binomial_logit::gam_binomial_logit_generalizes_on_heldout_prostate	101	1	0	1		thread 'families::quality_vs_sklearn_binomial_logit::gam_binomial_logit_generalizes_on_heldout_prostate' (44376) panicked at tests/quality/families/quality_vs_sklearn_binomial_logit.rs:141:76: :: gam fit: Fit(Estimation(Outer smoothing-parameter optimization did not certify a stationary optimum (standard REML): gradient g =5.690e-6 Pg =5.690e-6 bound=2.936e-10 (rung=coordinate-band derived_standar
67	GAM_ERROR	gam_fit_failed	families::quality_vs_sklearn_binomial_logit::gam_binomial_logit_generalizes_on_heldout_prostate_on_real_data	101	1	0	1		thread 'families::quality_vs_sklearn_binomial_logit::gam_binomial_logit_generalizes_on_heldout_prostate_on_real_data' (44420) panicked at tests/quality/families/quality_vs_sklearn_binomial_logit.rs:420:76: :: gam fit: Fit(Estimation(Outer smoothing-parameter optimization did not certify a stationary optimum (standard REML): gradient g =5.690e-6 Pg =5.690e-6 bound=2.936e-10 (rung=coordinate-band de
68	PASS	ok	families::quality_vs_sklearn_poisson_log::gam_poisson_log_recovers_truth	0	3	1	0	edf=4.693 	
69	METRIC_OFF	quality_metric	families::quality_vs_sklearn_poisson_log::gam_poisson_log_recovers_truth_on_real_data	101	2	0	1	edf=20.232 	thread 'families::quality_vs_sklearn_poisson_log::gam_poisson_log_recovers_truth_on_real_data' (44516) panicked at tests/quality/families/quality_vs_sklearn_poisson_log.rs:460:5: :: gam effective dof out of sane range: 20.232
70	PASS	ok	families::quality_vs_statsmodels_binomial_probit::gam_binomial_probit_recovers_truth	0	5	1	0	edf=4.930 	
71	PASS	ok	families::quality_vs_statsmodels_binomial_probit::gam_binomial_probit_recovers_truth_on_real_data	0	2	1	0	edf=3.135 auc=0.6893 auc=0.6881 logloss=0.6105 logloss=0.6138 	
72	PASS	ok	families::quality_vs_statsmodels_custom_family_poisson_loglink::custom_poisson_identity_link_recovers_truth_and_predicts	0	2	1	0		
73	PASS	ok	families::quality_vs_statsmodels_custom_family_poisson_loglink::custom_poisson_identity_link_recovers_truth_and_predicts_on_real_data	0	15	1	0	edf=20.232 	
74	PASS	ok	families::quality_vs_statsmodels_gamma_log::gam_gamma_log_matches_statsmodels	0	2	1	0	edf=5.106 	
75	PASS	ok	families::quality_vs_statsmodels_gamma_log_coefficient_se::gamma_log_coefficient_se_matches_statsmodels_no_double_count	0	1	1	0	se)=0.9941 	
76	PASS	ok	families::quality_vs_statsmodels_multinomial::multinomial_coefficient_covariance_equals_observed_information_inverse	0	0	1	0		
77	PASS	ok	families::quality_vs_statsmodels_multinomial::multinomial_logit_recovers_true_softmax_and_beats_statsmodels	0	1	1	0	logloss=1.12624 logloss=1.06701 logloss=1.12624 rel_l2_vs_sm=0.00000 	
78	PASS	ok	families::quality_vs_statsmodels_multinomial::multinomial_logit_recovers_true_softmax_and_beats_statsmodels_on_real_data	0	1	1	0	acc=0.9767 acc=0.9767 logloss=0.13159 logloss=0.13159 rel_l2_vs_sm=0.00000 	
79	PASS	ok	families::quality_vs_statsmodels_multinomial::multinomial_per_class_probability_se_intervals_are_calibrated_over_refits	0	210	1	0	calibration over 150 coverage=0.927 coverage=0.947 coverage=0.880 coverage=0.940 coverage=0.953 coverage=0.900 coverage=0.927 coverage=0.947 coverage=0.913 coverage=0.967 coverage=0.933 coverage=0.920 coverage=0.9294 se=0.0294 	
80	PASS	ok	families::quality_vs_statsmodels_ordinal_mnlogit::gam_multinomial_recovers_true_class_simplex	0	1	1	0	rmse=0.08994 rmse=0.09050 rel_l2=0.02653 rmse=0.13383 rmse=0.08994 rmse=0.09050 	
81	PASS	ok	families::quality_vs_statsmodels_ordinal_mnlogit::gam_multinomial_recovers_true_class_simplex_on_real_data	0	1	1	0	acc=0.5000 logloss=2.1170 logloss=1.9296 rel_l2=1.0119 	
82	PASS	ok	families::quality_vs_statsmodels_tweedie::gam_tweedie_matches_statsmodels_power_variance	0	1	1	0	edf=4.436 	
83	PASS	ok	families::quality_vs_statsmodels_tweedie::gam_tweedie_matches_statsmodels_power_variance_on_real_data	0	1	1	0	edf=5.015 	
84	METRIC_OFF	quality_metric	families::quality_vs_synthetic_multinomial_deviance_identity::multinomial_recovers_decision_boundary_on_held_out_split	101	288	0	1	deviance_identity.rs:235:6 	thread 'families::quality_vs_synthetic_multinomial_deviance_identity::multinomial_recovers_decision_boundary_on_held_out_split' (45306) panicked at tests/quality/families/quality_vs_synthetic_multinomial_deviance_identity.rs:235:6: :: multinomial formula fit: Custom-family fit failed: custom-family optimization error in fit_custom_family outer smoothing: outer smoothing optimization failed certifi
85	PASS	ok	families::quality_vs_vgam_multinomial_softmax::gam_multinomial_softmax_heterogeneous_smoothness_beats_fixed_df	0	7	1	0		
86	METRIC_OFF	quality_metric	families::quality_vs_vgam_multinomial_softmax::gam_multinomial_softmax_recovers_true_simplex	101	4	0	1		thread 'families::quality_vs_vgam_multinomial_softmax::gam_multinomial_softmax_recovers_true_simplex' (45452) panicked at tests/quality/families/quality_vs_vgam_multinomial_softmax.rs:377:5: :: gam does not recover the true class-probability surface: RMSE(P_gam, P_true)=0.07419 > bar=0.06
87	METRIC_OFF	quality_metric	families::quality_vs_vgam_multinomial_softmax::gam_multinomial_softmax_recovers_true_simplex_on_real_data	101	18	0	1		thread 'families::quality_vs_vgam_multinomial_softmax::gam_multinomial_softmax_recovers_true_simplex_on_real_data' (45529) panicked at tests/quality/families/quality_vs_vgam_multinomial_softmax.rs:1052:6: :: gam multinomial fit on penguins train: Custom-family fit failed: custom-family optimization error in fit_custom_family outer smoothing: outer smoothing optimization failed certified-fit valida
88	PASS	ok	manifolds::quality_vs_geomstats_crabs_spd_manifold::crabs_group_covariances_match_geomstats_spd_geometry	0	1	1	0	frechet_variance=3.009961 frechet_variance=3.010831 	
89	PASS	ok	manifolds::quality_vs_geomstats_crabs_spd_manifold::crabs_group_covariances_match_geomstats_spd_geometry_on_real_data	0	1	1	0	acc=1.000 acc=1.000 accuracy gam=1.00000000000000000e0 	
90	PASS	ok	manifolds::quality_vs_geomstats_poincare_exp_log_roundtrip::gam_poincare_exp_log_satisfies_manifold_axioms	0	1	1	0	rel_l2=7.484e-9 l2 gam=2.79263807700239256e-16 	
91	PASS	ok	manifolds::quality_vs_geomstats_poincare_geodesic::poincare_geodesic_is_a_correct_metric	0	3	1	0	rmse=2.899e-16 l2=2.179e-16 rmse=6.912e-16 rmse=2.512e-16 l2=1.578e-16 rmse=7.692e-16 rmse=3.382e-16 l2=1.510e-16 rmse=6.527e-16 	
92	PASS	ok	manifolds::quality_vs_mgcv_global_city_temp_sphere_s2::gam_sphere_smooth_predicts_global_city_temp_better_than_mgcv_sos	0	1	1	0	edf=29.735 edf=31.467 R2=0.7882 rmse=3.4183 rmse=3.4327 rmse gam=3.41828095214375072e0 	
93	PASS	ok	manifolds::quality_vs_mgcv_global_city_temp_sphere_s2::gam_sphere_smooth_predicts_global_city_temp_better_than_mgcv_sos_on_real_data	0	1	1	0	edf=31.632 edf=30.763 rmse=3.1296 rmse=3.2278 rmse gam=3.12964135646277652e0 	
94	PASS	ok	manifolds::quality_vs_mgcv_solar_zenith_cylinder::gam_solar_zenith_cylinder_predicts_heldout_and_closes_seam	0	1	1	0	edf=49.847 edf=41.107 R2=0.9994 rmse=0.5629 rmse=0.6325 seam_gap=0.000e0 rmse gam=5.62935857907440607e-1 	
95	PASS	ok	manifolds::quality_vs_mgcv_sphere_rotation_equivariance_s2::gam_sphere_smooth_is_rotation_equivariant_and_recovers_truth	0	1	1	0	edf_orig=22.633 edf_rot=22.633 rmse=0.3235 rmse=0.3258 edf=22.537 pearson=0.96501 rmse gam=3.23457155999077151e-1 	
96	PASS	ok	manifolds::quality_vs_mgcv_sphere_rotation_equivariance_s2::gam_sphere_smooth_is_rotation_equivariant_and_recovers_truth_on_real_data	0	1	1	0	edf=18.265 edf=21.971 R2=0.7545 rmse=3.6803 rmse=3.6304 edf_orig=18.265 edf_rot=18.265 rmse gam=3.68030768945823006e0 	
97	PASS	ok	manifolds::quality_vs_mgcv_sphere_s2_wahba_vs_sos::gam_sphere_matches_mgcv_sos_on_geographic_surface	0	1	1	0	rmse gam=0.00938 rmse=2.1644 rmse=1.5456 rmse/range=0.4396 edf=6.164 edf=16.255 edf_rel=0.621 rel_l2_to_mgcv=0.9263 pearson_to_mgcv=0.97280 seam_rel=0.0003 rmse gam=9.38202861471819360e-3 rmse gam=2.16441959606361323e0 	
98	PASS	ok	manifolds::quality_vs_scipy_sphere_geodesic_consistency::gam_sphere_smooth_recovers_geodesic_truth_at_least_as_well_as_mgcv_sos	0	1	1	0	edf=23.958 edf=19.588 seam_rel=0.0064 	
99	PASS	ok	misc::additive_models_quality_batch_f::cycle_71_smooth_plus_periodic	0	0	1	0		
100	PASS	ok	misc::additive_models_quality_batch_f::cycle_72_smooth_plus_sphere	0	1	1	0		
101	PASS	ok	misc::additive_models_quality_batch_f::cycle_73_bc_clamped_plus_sphere_harmonic	0	0	1	0		
102	PASS	ok	misc::additive_models_quality_batch_f::cycle_74_three_smooth_terms	0	0	1	0		
103	PASS	ok	misc::bc_quality_batch_b::cycle_55_bc_clamped_tiny_n	0	0	1	0		
104	PASS	ok	misc::bc_quality_batch_b::cycle_56_bc_anchored_bimodal_truth	0	0	1	0		
105	PASS	ok	misc::bc_quality_batch_b::cycle_57_bc_clamped_nonzero_endpoint_slope	0	0	1	0		
106	PASS	ok	misc::bc_quality_batch_b::cycle_58_bc_mixed_left_clamped_right_anchored	0	0	1	0		
107	PASS	ok	misc::broad_sweep_batch_h::bc_anchored_pins_predictions_at_data_extremes	0	0	1	0		
108	PASS	ok	misc::broad_sweep_batch_h::bc_anchored_with_data_far_from_zero	0	0	1	0		
109	PASS	ok	misc::broad_sweep_batch_h::bc_clamped_with_constant_truth_stays_flat	0	0	1	0		
110	PASS	ok	misc::broad_sweep_batch_h::matern_low_n_does_not_crash	0	0	1	0		
111	PASS	ok	misc::broad_sweep_batch_h::periodic_1d_high_amplitude_sin	0	0	1	0		
112	PASS	ok	misc::broad_sweep_batch_h::periodic_handles_negative_origin	0	0	1	0		
113	PASS	ok	misc::broad_sweep_batch_h::periodic_with_only_few_points	0	0	1	0		
114	PASS	ok	misc::broad_sweep_batch_h::smooth_recovers_step_continuously	0	0	1	0		
115	PASS	ok	misc::broad_sweep_batch_h::sphere_extrapolation_far_from_data_bounded	0	0	1	0		
116	PASS	ok	misc::broad_sweep_batch_h::sphere_predict_north_pole_with_random_lon	0	0	1	0		
117	PASS	ok	misc::broad_sweep_batch_h::sphere_predict_zero_lat_lon_finite	0	0	1	0		
118	PASS	ok	misc::broad_sweep_batch_h::tensor_2d_smooth_truth_recovery	0	1	1	0		
119	PASS	ok	misc::broad_sweep_batch_i::bc_clamped_at_high_k_smooths_correctly	0	0	1	0		
120	PASS	ok	misc::broad_sweep_batch_i::cylinder_clean_seam_with_negative_h	0	0	1	0		
121	PASS	ok	misc::broad_sweep_batch_i::periodic_1d_zero_amplitude_truth	0	0	1	0		
122	PASS	ok	misc::broad_sweep_batch_i::periodic_with_offset_data_range	0	0	1	0		
123	PASS	ok	misc::broad_sweep_batch_i::sphere_handles_lat_at_minus_90	0	0	1	0		
124	PASS	ok	misc::broad_sweep_batch_i::sphere_logit_predict_finite_at_pole	0	0	1	0		
125	PASS	ok	misc::broad_sweep_batch_i::sphere_pseudo_with_small_n	0	0	1	0		
126	PASS	ok	misc::broad_sweep_batch_i::sphere_rejects_constant_lon_column	0	0	1	0		
127	PASS	ok	misc::broad_sweep_batch_i::sphere_sobolev_with_small_n	0	0	1	0		
128	PASS	ok	misc::broad_sweep_batch_i::sphere_with_method_alias_sos	0	0	1	0		
129	PASS	ok	misc::broad_sweep_batch_i::te_periodic_data_outside_period_works	0	0	1	0		
130	PASS	ok	misc::broad_sweep_batch_i::te_single_period_broadcasts_to_periodic_axis	0	0	1	0		
131	PASS	ok	misc::feature_correctness_sweep::bc_bspline_all_endpoint_combinations_build	0	0	1	0		
132	PASS	ok	misc::feature_correctness_sweep::bc_bspline_anchored_at_left_vanishes_at_x_zero	0	0	1	0		
133	PASS	ok	misc::feature_correctness_sweep::bc_bspline_clamped_at_right_has_zero_derivative_at_x_one	0	0	1	0		
134	PASS	ok	misc::feature_correctness_sweep::bc_bspline_columns_drop_by_constraint_count	0	0	1	0		
135	PASS	ok	misc::feature_correctness_sweep::bc_bspline_realizes_nonzero_anchor_as_affine_lift	0	0	1	0		
136	PASS	ok	misc::feature_correctness_sweep::both_sphere_methods_give_rotation_invariant_smoothers	0	0	1	0		
137	PASS	ok	misc::feature_correctness_sweep::cyclic_derivative_penalty_constant_in_nullspace_across_orders_and_k	0	0	1	0		
138	PASS	ok	misc::feature_correctness_sweep::periodic_bspline_derivative_preserves_analytic_periodic_invariants	0	0	1	0		
139	PASS	ok	misc::feature_correctness_sweep::periodic_bspline_evaluates_seam_exactly	0	0	1	0		
140	PASS	ok	misc::feature_correctness_sweep::periodic_bspline_for_all_supported_degrees	0	0	1	0		
141	PASS	ok	misc::feature_correctness_sweep::periodic_bspline_partition_of_unity_across_periods_and_k	0	0	1	0		
142	PASS	ok	misc::feature_correctness_sweep::periodic_bspline_rejects_invalid_range	0	0	1	0		
143	PASS	ok	misc::feature_correctness_sweep::periodic_bspline_rejects_nonfinite_data	0	0	1	0		
144	PASS	ok	misc::feature_correctness_sweep::periodic_bspline_rejects_too_few_basis	0	0	1	0		
145	PASS	ok	misc::feature_correctness_sweep::sphere_harmonic_at_north_pole_reduces_to_legendre	0	0	1	0		
146	PASS	ok	misc::feature_correctness_sweep::sphere_harmonic_basis_dim_is_l_times_l_plus_2	0	0	1	0		
147	PASS	ok	misc::feature_correctness_sweep::sphere_harmonic_design_finite_for_all_l_at_random_points	0	0	1	0		
148	PASS	ok	misc::feature_correctness_sweep::sphere_harmonic_penalty_diagonal_eigenvalues_match_l_l_plus_1_squared	0	0	1	0		
149	PASS	ok	misc::feature_correctness_sweep::sphere_harmonic_radians_matches_degrees_across_l_and_points	0	0	1	0		
150	PASS	ok	misc::feature_correctness_sweep::sphere_harmonic_rejects_l_zero_and_too_large	0	0	1	0		
151	PASS	ok	misc::feature_correctness_sweep::sphere_harmonic_row_gram_invariant_under_longitude_shift	0	0	1	0		
152	PASS	ok	misc::fit_quality_stress::bimodal_sharp_bumps_bc	0	0	1	0	rmse=0.0104 	
153	PASS	ok	misc::fit_quality_stress::boundary_discontinuity_step	0	0	1	0	rmse=0.1692 	
154	PASS	ok	misc::fit_quality_stress::cyclic_wrong_period	0	0	1	0	rmse=0.0030 	
155	PASS	ok	misc::fit_quality_stress::heteroscedastic_noise_mean_recovery	0	0	1	0	rmse=0.1462 	
156	PASS	ok	misc::fit_quality_stress::hifreq_bc_k10	0	0	1	0	rmse=0.1937 	
157	PASS	ok	misc::fit_quality_stress::hifreq_bc_k4	0	0	1	0	rmse=0.0985 	
158	PASS	ok	misc::fit_quality_stress::hifreq_bc_k6	0	0	1	0	rmse=0.1231 	
159	PASS	ok	misc::fit_quality_stress::hifreq_bc_k8	0	0	1	0	rmse=0.1509 	
160	PASS	ok	misc::fit_quality_stress::hifreq_cyclic_k10	0	0	1	0	rmse=0.1149 	
161	PASS	ok	misc::fit_quality_stress::hifreq_cyclic_k4	0	0	1	0	rmse=0.0275 	
162	PASS	ok	misc::fit_quality_stress::hifreq_cyclic_k6	0	0	1	0	rmse=0.0474 	
163	PASS	ok	misc::fit_quality_stress::hifreq_cyclic_k8	0	0	1	0	rmse=0.0800 	
164	PASS	ok	misc::fit_quality_stress::hifreq_sphere_l4	0	0	1	0	rmse=0.0242 	
165	PASS	ok	misc::fit_quality_stress::hifreq_sphere_l6	0	0	1	0	rmse=0.0364 	
166	PASS	ok	misc::fit_quality_stress::hifreq_sphere_l8	0	0	1	0	rmse=0.0423 	
167	PASS	ok	misc::fit_quality_stress::hifreq_tensor_k10	0	26	1	0	rmse=0.1271 	
168	PASS	ok	misc::fit_quality_stress::hifreq_tensor_k4	0	1	1	0	rmse=0.0489 	
169	PASS	ok	misc::fit_quality_stress::hifreq_tensor_k6	0	3	1	0	rmse=0.0743 	
170	PASS	ok	misc::fit_quality_stress::hifreq_tensor_k8	0	9	1	0	rmse=0.1061 	
171	PASS	ok	misc::fit_quality_stress::near_flat_signal	0	0	1	0	rmse=0.0040 	
172	PASS	ok	misc::fit_quality_stress::outlier_contamination	0	0	1	0	rmse=0.1353 	
173	PASS	ok	misc::fit_quality_stress::sparse_dense_imbalance	0	0	1	0	rmse=0.0734 rmse_sparse=0.0734 rmse_dense=0.0487 rmse_worst=0.0734 	
174	PASS	ok	misc::fit_quality_stress::sphere_antipodal_only	0	0	1	0	rmse=0.0076 	
175	PASS	ok	misc::fit_quality_stress::tensor_multicollinear_inputs	0	0	1	0	rmse=0.0123 	
176	PASS	ok	misc::fit_quality_stress::zz_measure_hifreq_tensor_k10_seed_costs	0	25	1	0	rho_dim=3 rho_dim=3 rho_dim=3 rho_dim=3 rho_dim=3 rho_dim=3 rho_dim=3 rho_dim=3 rho_dim=3 rho_dim=3 rho_dim=3 rho_dim=3 rho_dim=3 rho_dim=3 rho_dim=3 rho_dim=3 rho_dim=3 rho_dim=3 rho_dim=3 rho_dim=3 rho_dim=3 rho_dim=3 edf_total=159.1574 	
177	PASS	ok	misc::fit_quality_stress::zz_measure_hifreq_tensor_k8_lambda_readout	0	8	1	0	edf_total=160.117 	
178	PASS	ok	misc::mega_batch_j::bc_anchored_with_few_data	0	0	1	0		
179	PASS	ok	misc::mega_batch_j::bc_clamped_with_few_data	0	0	1	0		
180	PASS	ok	misc::mega_batch_j::periodic_negative_truth	0	0	1	0		
181	PASS	ok	misc::mega_batch_j::periodic_recovers_cos2t	0	0	1	0		
182	PASS	ok	misc::mega_batch_j::periodic_with_high_k	0	1	1	0		
183	PASS	ok	misc::mega_batch_j::periodic_with_large_period	0	0	1	0		
184	PASS	ok	misc::mega_batch_j::smooth_cubic_recovery	0	0	1	0		
185	PASS	ok	misc::mega_batch_j::smooth_exponential	0	0	1	0		
186	PASS	ok	misc::mega_batch_j::smooth_fits_logistic_dose_response	0	0	1	0		
187	PASS	ok	misc::mega_batch_j::smooth_log_recovers_monotone	0	0	1	0		
188	PASS	ok	misc::mega_batch_j::smooth_negative_y_range	0	0	1	0		
189	PASS	ok	misc::mega_batch_j::smooth_quadratic_recovery	0	0	1	0		
190	PASS	ok	misc::mega_batch_j::smooth_sin_recovery	0	0	1	0		
191	PASS	ok	misc::mega_batch_j::smooth_step_then_constant_recovers_inflection	0	0	1	0		
192	PASS	ok	misc::mega_batch_j::smooth_with_intercept_match	0	0	1	0		
193	PASS	ok	misc::mega_batch_j::smooth_with_no_intercept_explicit	0	0	1	0		
194	PASS	ok	misc::mega_batch_j::smooth_with_offset_in_y	0	0	1	0		
195	PASS	ok	misc::mega_batch_j::smooth_with_outlier	0	0	1	0		
196	PASS	ok	misc::mega_batch_j::smooth_with_periodic_aliased_data	0	0	1	0		
197	PASS	ok	misc::mega_batch_j::sphere_dense_polar	0	0	1	0		
198	PASS	ok	misc::mega_batch_j::sphere_equatorial_data	0	0	1	0		
199	PASS	ok	misc::mega_batch_j::sphere_fits_lat_dependent_truth	0	0	1	0		
200	PASS	ok	misc::mega_batch_j::sphere_fits_uniform_constant_truth	0	0	1	0		
201	PASS	ok	misc::mega_batch_j::sphere_harmonic_with_m_equals_3	0	0	1	0		
202	PASS	ok	misc::mega_batch_j::sphere_with_explicit_m_equals_1_is_refused_with_both_remedies	0	0	1	0		
203	PASS	ok	misc::mega_batch_k::all_smooth_families_in_one_formula	0	0	1	0		
204	PASS	ok	misc::mega_batch_k::bc_anchored_handles_polynomial_truth	0	0	1	0		
205	PASS	ok	misc::mega_batch_k::bc_anchored_pred_at_data_min_endpoint	0	0	1	0		
206	PASS	ok	misc::mega_batch_k::bc_anchored_with_large_data_range_works	0	0	1	0		
207	PASS	ok	misc::mega_batch_k::bc_anchored_with_lots_of_data	0	0	1	0		
208	PASS	ok	misc::mega_batch_k::bc_clamped_handles_constant_truth	0	0	1	0		
209	PASS	ok	misc::mega_batch_k::bc_clamped_pred_at_data_min_endpoint	0	0	1	0		
210	PASS	ok	misc::mega_batch_k::bc_clamped_with_truth_zero_at_endpoints	0	0	1	0		
211	PASS	ok	misc::mega_batch_k::cylinder_recovers_h_only	0	0	1	0		
212	PASS	ok	misc::mega_batch_k::cylinder_recovers_theta_only	0	0	1	0		
213	PASS	ok	misc::mega_batch_k::cylinder_seam_continuity_finite	0	0	1	0		
214	PASS	ok	misc::mega_batch_k::matern_nu_half_1d	0	0	1	0		
215	GAM_ERROR	gam_fit_failed	misc::mega_batch_k::matern_nu_seven_halves_1d	101	2	0	1		thread 'misc::mega_batch_k::matern_nu_seven_halves_1d' (50774) panicked at tests/quality/misc/mega_batch_k.rs:72:54: :: fit: Fit(Estimation(Outer smoothing-parameter optimization did not certify a stationary optimum (iso-kappa joint REML): gradient g =7.691e2 Pg =7.691e2 bound=1.000e-4 (rung=coordinate-band derived_standard=true) hessian_psd=NO (cleared=false λ_min(H)=-3.496502e5 λ_min(H+diag g 
216	GAM_ERROR	gam_fit_failed	misc::mega_batch_k::matern_nu_three_halves_1d	101	1	0	1	rho_dim=3 	thread 'misc::mega_batch_k::matern_nu_three_halves_1d' (50818) panicked at tests/quality/misc/mega_batch_k.rs:72:54: :: fit: Fit(Estimation(Outer smoothing-parameter optimization did not certify a stationary optimum (iso-kappa joint REML): gradient g =2.930e0 Pg =2.930e0 bound=2.220e-1 (rung=curvature-resolvability derived_standard=true) hessian_psd=yes curvature_source=terminal-analytic railed=[]
217	GAM_ERROR	gam_fit_failed	misc::mega_batch_k::matern_recovers_polynomial	101	1	0	1	rho_dim=4 	thread 'misc::mega_batch_k::matern_recovers_polynomial' (50862) panicked at tests/quality/misc/mega_batch_k.rs:72:54: :: fit: Fit(Estimation(Outer smoothing-parameter optimization did not certify a stationary optimum (iso-kappa joint REML): gradient g =8.547e0 Pg =8.547e0 bound=2.038e-1 (rung=curvature-resolvability derived_standard=true) hessian_psd=yes curvature_source=terminal-analytic railed=[
218	GAM_ERROR	gam_fit_failed	misc::mega_batch_k::matern_with_explicit_centers	101	1	0	1	rho_dim=4 	thread 'misc::mega_batch_k::matern_with_explicit_centers' (50906) panicked at tests/quality/misc/mega_batch_k.rs:72:54: :: fit: Fit(Estimation(Outer smoothing-parameter optimization did not certify a stationary optimum (iso-kappa joint REML): gradient g =7.901e0 Pg =7.901e0 bound=6.471e-2 (rung=curvature-resolvability derived_standard=true) hessian_psd=yes curvature_source=terminal-analytic railed
219	PASS	ok	misc::mega_batch_k::periodic_at_seam_doubled	0	0	1	0		
220	PASS	ok	misc::mega_batch_k::periodic_double_amplitude	0	0	1	0		
221	PASS	ok	misc::mega_batch_k::periodic_handles_negative_offset_data	0	0	1	0		
222	PASS	ok	misc::mega_batch_k::periodic_handles_quarter_period_data	0	0	1	0		
223	PASS	ok	misc::mega_batch_k::periodic_handles_three_quarter_period_data	0	0	1	0		
224	PASS	ok	misc::mega_batch_k::periodic_predictions_smooth_across_grid	0	0	1	0		
225	PASS	ok	misc::mega_batch_k::periodic_recovers_zero_truth	0	0	1	0		
226	PASS	ok	misc::mega_batch_k::periodic_with_high_freq_truth	0	0	1	0		
227	PASS	ok	misc::mega_batch_k::periodic_with_k_equal_basis_minimum	0	0	1	0		
228	PASS	ok	misc::mega_batch_k::periodic_with_lots_of_data	0	0	1	0		
229	PASS	ok	misc::mega_batch_k::periodic_with_low_freq_truth	0	0	1	0		
230	PASS	ok	misc::mega_batch_k::smooth_at_data_extremes	0	0	1	0		
231	PASS	ok	misc::mega_batch_k::smooth_consistent_across_seeds	0	0	1	0		
232	PASS	ok	misc::mega_batch_k::smooth_finite_at_data_centroid	0	0	1	0		
233	PASS	ok	misc::mega_batch_k::smooth_handles_one_outlier_high	0	0	1	0		
234	PASS	ok	misc::mega_batch_k::smooth_handles_one_outlier_low	0	0	1	0		
235	PASS	ok	misc::mega_batch_k::smooth_k_consistency_check	0	0	1	0		
236	PASS	ok	misc::mega_batch_k::smooth_predictions_smooth_across_grid	0	0	1	0		
237	PASS	ok	misc::mega_batch_k::smooth_recovers_decreasing_truth	0	0	1	0		
238	PASS	ok	misc::mega_batch_k::smooth_recovers_increasing_truth	0	0	1	0		
239	PASS	ok	misc::mega_batch_k::smooth_recovers_inverted_v_shape	0	0	1	0		
240	PASS	ok	misc::mega_batch_k::smooth_recovers_quadratic_in_offset_domain	0	0	1	0		
241	PASS	ok	misc::mega_batch_k::smooth_recovers_v_shape	0	0	1	0		
242	PASS	ok	misc::mega_batch_k::smooth_recovers_zero_truth	0	0	1	0		
243	PASS	ok	misc::mega_batch_k::smooth_with_data_in_negative_range	0	0	1	0		
244	PASS	ok	misc::mega_batch_k::smooth_with_explicit_intercept_excluded	0	0	1	0		
245	PASS	ok	misc::mega_batch_k::smooth_with_large_data_count_finishes	0	0	1	0		
246	PASS	ok	misc::mega_batch_k::smooth_with_normal_noise_high_sigma	0	0	1	0		
247	PASS	ok	misc::mega_batch_k::smooth_x_squared_inflection_at_zero	0	0	1	0		
248	PASS	ok	misc::mega_batch_k::sphere_consistent_across_seeds	0	0	1	0		
249	PASS	ok	misc::mega_batch_k::sphere_finite_at_pole_predict	0	0	1	0		
250	PASS	ok	misc::mega_batch_k::sphere_grid_data_works	0	0	1	0		
251	PASS	ok	misc::mega_batch_k::sphere_harmonic_finite_at_pole	0	0	1	0		
252	PASS	ok	misc::mega_batch_k::sphere_lat_zero_lon_varies_finite	0	0	1	0		
253	PASS	ok	misc::mega_batch_k::sphere_predictions_smooth_along_lat_band	0	0	1	0		
254	PASS	ok	misc::mega_batch_k::sphere_recovers_lat_squared	0	0	1	0		
255	PASS	ok	misc::mega_batch_k::sphere_recovers_lon_dependent	0	0	1	0		
256	PASS	ok	misc::mega_batch_k::sphere_recovers_zero_truth	0	0	1	0		
257	PASS	ok	misc::mega_batch_k::sphere_strict_lat_bound_at_90	0	0	1	0		
258	PASS	ok	misc::mega_batch_k::sphere_wahba_default_method_is_sobolev	0	0	1	0		
259	PASS	ok	misc::mega_batch_k::sphere_wahba_pseudo_smoke_test	0	0	1	0		
260	PASS	ok	misc::mega_batch_k::sphere_with_lots_of_data	0	0	1	0		
261	PASS	ok	misc::mega_batch_k::sphere_with_method_mgcv_alias	0	0	1	0		
262	PASS	ok	misc::mega_batch_k::sphere_with_method_sos_alias	0	0	1	0		
263	PASS	ok	misc::mega_batch_k::sphere_with_minimum_basis_finite	0	0	1	0		
264	PASS	ok	misc::mega_batch_k::te_recovers_zero_truth	0	1	1	0		
265	PASS	ok	misc::mega_batch_k::te_with_disparate_scales	0	0	1	0		
266	PASS	ok	misc::mega_batch_k::te_with_high_k	0	0	1	0		
267	PASS	ok	misc::mega_batch_k::te_with_low_k	0	0	1	0		
268	PASS	ok	misc::mega_batch_k::te_with_minimum_basis_finite	0	0	1	0		
269	PASS	ok	misc::mega_batch_k::tensor_2d_finite_at_origin	0	0	1	0		
270	PASS	ok	misc::mega_batch_k::tensor_2d_interaction	0	0	1	0		
271	PASS	ok	misc::mega_batch_k::tensor_2d_recovers_x	0	0	1	0		
272	PASS	ok	misc::mega_batch_k::tensor_2d_recovers_y	0	0	1	0		
273	PASS	ok	misc::mega_batch_k::torus_recovers_double_periodic	0	0	1	0		
274	PASS	ok	misc::mega_batch_k::torus_seam_u_continuous	0	0	1	0		
275	PASS	ok	misc::mega_batch_k::torus_seam_v_continuous	0	0	1	0		
276	GAM_ERROR	gam_fit_failed	misc::quality_expectile_band_coverage_heteroscedastic::expectile_bands_cover_true_expectile_under_heteroscedastic_noise	101	0	0	1	coverage_heteroscedastic.rs:128:52 	thread 'misc::quality_expectile_band_coverage_heteroscedastic::expectile_bands_cover_true_expectile_under_heteroscedastic_noise' (53230) panicked at tests/quality/misc/quality_expectile_band_coverage_heteroscedastic.rs:128:52: :: expectile fit: Fit(Raised { category: Convergence, reason: 'expectile LAWS entered a deterministic sign-pattern cycle without reaching the KKT fixed point of the convex a
277	PASS	ok	misc::quality_expectile_band_coverage_heteroscedastic::expectile_covariance_is_the_penalized_newey_powell_sandwich	0	0	1	0		
278	PASS	ok	misc::quality_expectile_gam_heteroscedastic_truth::expectile_gam_recovers_closed_form_heteroscedastic_expectiles	0	1	1	0		
279	PASS	ok	misc::quality_expectile_joint_noncrossing::joint_expectile_curves_match_separate_fits_when_homoscedastic	0	1	1	0		
280	PASS	ok	misc::quality_expectile_joint_noncrossing::joint_expectile_curves_never_cross_where_separate_fits_do	0	1	1	0		
281	PASS	ok	misc::quality_expectile_joint_noncrossing::saved_joint_expectile_refuses_crossing_estimator_metadata	0	1	1	0		
282	PASS	ok	misc::quality_llm_weekday_circle::weekday_is_bound_to_month_when_planted_jointly_and_fissions_when_additive	0	0	1	0		
283	PASS	ok	misc::quality_re_random_slope_partial_pools_to_population::re_random_slope_partial_pools_toward_population	0	0	1	0	edf=15.90 	
284	PASS	ok	misc::quality_ti_anova_scattered_recovers_truth::gam_ss_ti_anova_recovers_truth_on_scattered_data	0	19	1	0	rmse_gam_vs_truth=0.00005 rmse_gam=0.00005 rmse_mgcv=0.00775 	
285	PASS	ok	misc::quality_validation_baseline_1471::concurvity_two_smooths_corr_090_recovers_truth_and_matches_mgcv	0	1	1	0	edf=16.964 edf=16.965 rmse_vs_truth=0.06971 rmse_vs_truth=0.06971 r2=0.9942 edf_sx=7.221 edf_sz=6.743 edf=8.222 r2=0.9743 rmse=0.10587 rmse=0.10587 r2=0.9986 rmse=0.04894 rmse=0.04894 	
286	PASS	ok	misc::quality_validation_baseline_1471::cyclic_tensor_periodic_clamped_wraps_and_matches_mgcv	0	2	1	0	edf=40.983 edf=34.538 seam_gap=0.00e0 rmse_vs_truth=0.01571 rmse_vs_truth=0.01518 	
287	PASS	ok	misc::quality_validation_baseline_1471::poisson_response_ci_is_calibrated_and_matches_mgcv	0	22	1	0		
288	PASS	ok	misc::quality_validation_baseline_1471::smooth_plus_linear_same_var_recovers_truth_and_matches_mgcv	0	1	1	0	edf=8.870 edf=8.868 rmse_vs_truth=0.03391 rmse_vs_truth=0.03393 r2=0.9991 	
289	PASS	ok	misc::quality_validation_baseline_1471::tweedie_log_smooth_recovers_truth_and_matches_mgcv	0	6	1	0	edf=5.170 edf=5.242 rmse_vs_truth=0.14344 rmse_vs_truth=0.14296 edf=5.939 edf=6.027 rmse_vs_truth=0.08633 rmse_vs_truth=0.08628 edf=5.669 edf=5.716 rmse_vs_truth=0.06217 rmse_vs_truth=0.06243 edf=6.246 edf=6.303 rmse_vs_truth=0.06657 rmse_vs_truth=0.06628 edf=6.081 edf=6.130 rmse_vs_truth=0.12316 rmse_vs_truth=0.12328 rmse=0.09634 rmse=0.09625 	
290	PASS	ok	misc::quality_vs_compositions_alr_closure::simplex_frechet_mean_is_the_optimal_aitchison_center	0	0	1	0	rel_l2=5.172e-16 rel_l2=1.401e-16 	
291	PASS	ok	misc::quality_vs_compositions_alr_closure::simplex_frechet_mean_is_the_optimal_aitchison_center_on_real_data	0	1	1	0	rel_l2=9.562e-17 	
292	PASS	ok	misc::quality_vs_compositions_frechet_mean::frechet_mean_is_the_aitchison_barycenter	0	1	1	0	rel_l2=0.000e0 	
293	PASS	ok	misc::quality_vs_compositions_frechet_mean::frechet_mean_is_the_aitchison_barycenter_on_real_data	0	1	1	0		
294	PASS	ok	misc::quality_vs_compositions_skye_afm_aitchison_center::gam_aitchison_center_of_skye_afm_lavas_is_optimal_and_clr_exact	0	1	1	0	rel_l2=1.214e-16 	
295	PASS	ok	misc::quality_vs_flexsurv_piecewise_constant_vs_rp_baseline::gam_smooth_ispline_baseline_predicts_icu_survival	0	9	1	0		
296	PASS	ok	misc::quality_vs_flexsurv_piecewise_constant_vs_rp_baseline::gam_smooth_ispline_baseline_predicts_icu_survival_on_real_data	0	5	1	0		
297	PASS	ok	misc::quality_vs_flexsurv_rp_baseline::gam_rp_baseline_holdout_concordance_matches_or_beats_flexsurvspline_on_heart_failure	0	2	1	0		
298	PASS	ok	misc::quality_vs_flexsurv_rp_baseline::gam_rp_baseline_holdout_concordance_matches_or_beats_flexsurvspline_on_veteran	0	2	1	0		
299	PASS	ok	misc::quality_vs_gamlss_beta_dispersion_location_scale_1060::gam_beta_dispersion_location_scale_recovers_phi_surface_vs_gamlss	0	1	1	0		
300	PASS	ok	misc::quality_vs_gamlss_gagurine_location_scale::gam_location_scale_predicts_gagurine_better_than_baseline	0	4	1	0	nll gam=3.48347725991863610e0 crps gam=2.48598199777302176e0 	
301	PASS	ok	misc::quality_vs_gamlss_negbin_dispersion_location_scale_1060::gam_negbin_dispersion_location_scale_recovers_theta_surface_vs_gamlss	0	2	1	0		
302	PASS	ok	misc::quality_vs_geomstats_grassmann_exp_log_roundtrip::grassmann_exp_log_roundtrip_matches_geomstats	0	1	1	0		
303	PASS	ok	misc::quality_vs_geomstats_olive_oils_grassmann::olive_oils_grassmann_distance_matches_geomstats	0	1	1	0		
304	PASS	ok	misc::quality_vs_geomstats_olive_oils_grassmann::olive_oils_grassmann_distance_matches_geomstats_on_real_data	0	2	1	0	accuracy=0.778 accuracy=0.778 	
305	PASS	ok	misc::quality_vs_geomstats_stiefel_exp_log_roundtrip::gam_stiefel_exp_is_a_valid_canonical_metric_geodesic	0	1	1	0	geodesic_rel_err=2.345e-7 	
306	GAM_ERROR	gam_fit_failed	misc::quality_vs_gpyto_gp_regression::gam_gp_regression_recovers_truth	101	0	0	1	rho_dim=4 	thread 'misc::quality_vs_gpyto_gp_regression::gam_gp_regression_recovers_truth' (55147) panicked at tests/quality/misc/quality_vs_gpyto_gp_regression.rs:119:68: :: gam matern fit: Fit(Estimation(Outer smoothing-parameter optimization did not certify a stationary optimum (iso-kappa joint REML): gradient g =3.037e0 Pg =3.037e0 bound=1.930e-1 (rung=curvature-resolvability derived_standard=true) hessi
307	GAM_ERROR	gam_fit_failed	misc::quality_vs_gpyto_gp_regression::gam_gp_regression_recovers_truth_on_real_data	101	1	0	1	rho_dim=4 	thread 'misc::quality_vs_gpyto_gp_regression::gam_gp_regression_recovers_truth_on_real_data' (55191) panicked at tests/quality/misc/quality_vs_gpyto_gp_regression.rs:353:10: :: gam matern fit on lidar train: Fit(Estimation(Outer smoothing-parameter optimization did not certify a stationary optimum (iso-kappa joint REML): gradient g =3.826e-2 Pg =3.826e-2 bound=3.275e-2 (rung=curvature-resolvabilit
308	PASS	ok	misc::quality_vs_inla_rw2_spde_penalized_baseline::gam_rw2_pspline_predicts_held_out_at_least_as_well_as_inla	0	0	1	0	R2=0.9140 	
309	PASS	ok	misc::quality_vs_inla_rw2_spde_penalized_baseline::gam_rw2_pspline_predicts_held_out_at_least_as_well_as_inla_on_real_data	0	0	1	0	edf_total=17.856 R2=0.0187 	
310	TIMEOUT	per_test_bound	misc::quality_vs_lifelines_interval_censored_truth_recovery::gam_recovers_interval_censored_latent_truth_match_or_beat_lifelines	124	600	0	0		exceeded the 600s per-case bound from .config/nextest.toml
311	PASS	ok	misc::quality_vs_lifelines_rmst_truth_recovery::gam_recovers_rmst_truth_match_or_beat_lifelines	0	1	1	0		
312	PASS	ok	misc::quality_vs_lme4_random_intercept::gam_random_intercept_matches_lme4	0	2	1	0	rmse gam=0.0447 rmse gam=4.47412338184151187e-2 	
313	PASS	ok	misc::quality_vs_lme4_random_intercept::gam_random_intercept_matches_lme4_on_real_data	0	1	1	0	rmse=29.427 rmse=29.499 rmse gam=2.94269772183288261e1 	
314	PASS	ok	misc::quality_vs_lme4_random_slope::gam_factor_smooth_random_slope_matches_lme4	0	1	1	0	edf=11.994 	
315	PASS	ok	misc::quality_vs_lme4_random_slope::gam_factor_smooth_random_slope_matches_lme4_on_real_data	0	2	1	0	edf=32.727 R2=0.3166 rmse=49.0214 rmse=49.1802 	
316	PASS	ok	misc::quality_vs_lme4_sleepstudy_random_slope_forecast::gam_sleepstudy_random_slope_forecasts_held_out_days_vs_lme4	0	1	1	0	edf=31.39 rmse gam=4.28754457300200968e1 	
317	PASS	ok	misc::quality_vs_mass_ordinal_polr::gam_continuation_ratio_matches_vgam_sratio	0	1	1	0	edf=5.853 rmse gam=0.0104 rmse gam=0.0094 rmse gam=1.04418631526456973e-2 rmse gam=9.40668674388082070e-3 	
318	PASS	ok	misc::quality_vs_mass_ordinal_polr::gam_continuation_ratio_matches_vgam_sratio_on_real_data	0	1	1	0	edf=2.835 acc=0.0769 logloss=1.3027 acc gam=0.3077 logloss gam=1.3324 accuracy gam=3.07692307692307709e-1 logloss gam=1.33240607451269932e0 	
319	PASS	ok	misc::quality_vs_mgcv_bike_sharing_torus::gam_torus_predicts_bike_sharing_diurnal_seasonal_cycle_vs_mgcv	0	2	1	0	edf=80.030 edf=64.830 R2=0.97115 rmse=0.21552 rmse=0.24555 rel_l2_gam_vs_mgcv=0.03194 seam_gap=0.000e0 seam_gap=0.000e0 rmse gam=2.15518416569223270e-1 	
320	PASS	ok	misc::quality_vs_mgcv_thin_plate_1d::gam_thin_plate_1d_predicts_heldout_lidar_at_least_as_well_as_mgcv	0	2	1	0	R2_avg=0.9176 rmse gam=7.93379456780657216e-2 	
321	PASS	ok	misc::quality_vs_mgcv_thin_plate_1d::gam_thin_plate_1d_predicts_heldout_lidar_at_least_as_well_as_mgcv_on_real_data	0	1	1	0	R2_avg=0.9268 rmse gam=7.30370426396215189e-2 	
322	PASS	ok	misc::quality_vs_mgcv_thin_plate_1d::tp_single_penalty_does_not_overfit_linear_data_1271	0	0	1	0	edf_total=2.0010 edf_total=2.0005 edf_total=2.0005 edf_total=2.4475 edf_total=2.0013 edf=2.0902 	
323	PASS	ok	misc::quality_vs_pygam_logistic_1d_shape::gam_logistic_1d_shape_matches_pygam_on_logit_scale	0	3	1	0	edf gam=4.716 pearson=0.99773 rel_l2=0.0700 	
324	PASS	ok	misc::quality_vs_pygam_logistic_1d_shape::gam_logistic_1d_shape_matches_pygam_on_logit_scale_on_real_data	0	1	1	0	edf=3.800 edf=3.537 auc=0.6372 auc=0.6365 logloss=0.6579 logloss=0.6572 	
325	PASS	ok	misc::quality_vs_python_scipy_alr_geometric_mean::simplex_geometric_mean_minimizes_aitchison_frechet_objective	0	0	1	0		
326	PASS	ok	misc::quality_vs_python_scipy_alr_geometric_mean::simplex_geometric_mean_minimizes_aitchison_frechet_objective_on_real_data	0	1	1	0		
327	METRIC_OFF	quality_metric	misc::quality_vs_r_fields_mkriging::gam_matern_kriging_matches_fields_mkrig	101	1	0	1	edf=19.131 rmse=0.1150 rmse=0.1026 rel_l2=0.1969 rmse gam=1.14999432361964041e-1 	thread 'misc::quality_vs_r_fields_mkriging::gam_matern_kriging_matches_fields_mkrig' (56304) panicked at tests/quality/misc/quality_vs_r_fields_mkriging.rs:242:5: :: gam Matern kriging max pointwise error vs truth too large: 0.3679 (>= 0.25)
328	GAM_ERROR	gam_fit_failed	misc::quality_vs_r_gpgp_likelihood::gam_gp_smooth_recovers_truth_and_predicts	101	1	0	1	rho_dim=3 	thread 'misc::quality_vs_r_gpgp_likelihood::gam_gp_smooth_recovers_truth_and_predicts' (56365) panicked at tests/quality/misc/quality_vs_r_gpgp_likelihood.rs:116:56: :: gam matern fit: Fit(Estimation(Outer smoothing-parameter optimization did not certify a stationary optimum (iso-kappa joint REML): gradient g =4.954e-2 Pg =4.954e-2 bound=1.547e-2 (rung=curvature-resolvability derived_standard=true
329	PASS	ok	misc::quality_vs_r_mlt_conditional_transformation_binary_covariate::gam_conditional_transformation_pit_is_calibrated_on_bone	0	2	1	0		
330	PASS	ok	misc::quality_vs_robcompositions_generalized_mean_coordinates::gam_simplex_frechet_mean_recovers_known_aitchison_center	0	3	1	0	rmse=1.522e-2 se=1.837e-2 rmse=1.522e-2 rmse=1.522e-2 rmse gam=1.52154597952233669e-2 	
331	PASS	ok	misc::quality_vs_robcompositions_generalized_mean_coordinates::gam_simplex_frechet_mean_recovers_known_aitchison_center_on_real_data	0	2	1	0		
332	PASS	ok	misc::quality_vs_rstpm2_pstpm2_monotone_baseline_constraint::gam_penalized_baseline_is_monotone_and_concordant_on_cirrhosis	0	2	1	0		
333	PASS	ok	misc::quality_vs_rstpm2_pstpm2_penalized_baseline::gam_penalized_baseline_predicts_heldout_survival_on_cirrhosis	0	2	1	0		
334	PASS	ok	misc::quality_vs_scam_monotone_baseline::gam_monotone_baseline_recovers_log_cumhaz_truth	0	3	1	0		
335	TIMEOUT	per_test_bound	misc::quality_vs_scipy_pit_transformation_normal::transformation_normal_held_out_pit_is_uniform	124	600	0	0		exceeded the 600s per-case bound from .config/nextest.toml
336	PASS	ok	misc::quality_vs_scipy_yeojohnson_skewed_positive_transformation::gam_transform_objectively_normalizes_skewed_positive_sample	0	2	1	0		
337	PASS	ok	misc::quality_vs_simplex_dirichlet_regression::gam_dirichlet_regression_recovers_truth	0	2	1	0		
338	GAM_ERROR	gam_fit_failed	misc::quality_vs_simplex_dirichlet_regression::gam_dirichlet_regression_recovers_truth_on_real_data	101	0	0	1	rho_dim=3 rho_dim=3 rho_dim=3 rho_dim: 3 rho_dim: 3 rho_dim=3 rho_dim=3 	thread 'misc::quality_vs_simplex_dirichlet_regression::gam_dirichlet_regression_recovers_truth_on_real_data' (57005) panicked at tests/quality/misc/quality_vs_simplex_dirichlet_regression.rs:1140:60: :: gam Dirichlet fit (skye): OuterSmoothingFailed { reason: 'outer smoothing optimization failed certified-fit validation after exhausting strategy fallbacks: REML smoothing optimization failed to con
339	PASS	ok	misc::quality_vs_statsmodels_gam_additive::gam_additive_matches_statsmodels_gam	0	7	1	0	rmse_truth(gam=0.0316 pearson_truth_gam=0.9997 pearson_truth(x1=0.9996 edf=17.253 edf=17.826 rel_l2_vs_sm=0.0343 pearson_joint_vs_sm=0.99938 	
340	PASS	ok	misc::quality_vs_statsmodels_gam_additive::gam_additive_matches_statsmodels_gam_on_real_data	0	2	1	0	edf=8.080 R2=0.9333 rmse=0.0702 rmse=0.0712 rmse gam=7.01645621310565126e-2 	
341	PASS	ok	misc::quality_vs_statsmodels_negbin::gam_negbin_matches_statsmodels_overdispersed_counts	0	2	1	0	edf=4.956 	
342	PASS	ok	misc::quality_vs_statsmodels_negbin::gam_negbin_matches_statsmodels_overdispersed_counts_on_real_data	0	1	1	0	edf=2.502 deviance gam=8.17619219324837387e-1 	
343	PASS	ok	misc::quality_vs_statsmodels_negbin_coefficient_se::negbin_log_coefficient_se_matches_statsmodels_no_theta_inflation	0	1	1	0	se)=0.9944 	
344	PASS	ok	misc::ws4a_end_to_end::ws4a_subsampled_fit_matches_full_data_fit	0	0	1	0		
345	PASS	ok	smooths::quality_spline_scan_vs_mgcv::spline_scan_matches_or_beats_mgcv_on_truth_recovery	0	26	1	0	edf=16.489 edf=16.483 	
346	PASS	ok	smooths::quality_vs_flexsurv_rp_spline::gam_rp_spline_holdout_concordance_matches_or_beats_flexsurvspline_on_cirrhosis	0	2	1	0		
347	PASS	ok	smooths::quality_vs_flexsurv_rp_spline::gam_rp_spline_holdout_concordance_matches_or_beats_flexsurvspline_on_cirrhosis_on_real_data	0	2	1	0		
348	PASS	ok	smooths::quality_vs_inla_smooth_posterior_sd_credible_interval::gam_credible_intervals_are_calibrated_against_truth	0	1	1	0	coverage=0.965 rmse=0.1231 coverage=0.965 rmse=0.1231 	
349	PASS	ok	smooths::quality_vs_lifelines_smooth_tensor_baseline::gam_tensor_baseline_stratified_heldout_concordance	0	2	1	0	edf=8.078 	
350	PASS	ok	smooths::quality_vs_lme4_mgcv_random_intercept_by_smooth::gam_random_intercept_by_smooth_recovers_truth	0	2	1	0	edf=14.380 edf=14.207 rmse gam=3.91367530184929049e-2 	
351	PASS	ok	smooths::quality_vs_lme4_mgcv_random_intercept_by_smooth::gam_random_intercept_by_smooth_recovers_truth_on_real_data	0	1	1	0	R2=0.6510 rmse=28.3816 rmse=28.0636 rmse gam=2.83816238645179908e1 rmse=40.7566 R2 0.6510 	
352	PASS	ok	smooths::quality_vs_mgcv_cyclic_cubic::gam_cyclic_cubic_matches_mgcv_on_sine	0	1	1	0	rmse gam=1.85736169313770114e-2 	
353	PASS	ok	smooths::quality_vs_mgcv_cyclic_cubic::gam_cyclic_cubic_matches_mgcv_on_sine_on_real_data	0	1	1	0	R2_avg=0.9231 rmse gam=2.36477699458113255e0 	
354	PASS	ok	smooths::quality_vs_mgcv_cylinder_tensor_cc_ps::gam_cylinder_tensor_cc_ps_recovers_truth_and_mixes_boundaries	0	1	1	0	rmse=0.01543 rmse=0.02861 edf=15.006 edf=13.999 seam_gap=0.000e0 rmse gam=1.54333999042403445e-2 	
355	PASS	ok	smooths::quality_vs_mgcv_cylinder_tensor_cc_ps::gam_cylinder_tensor_cc_ps_recovers_truth_and_mixes_boundaries_on_real_data	0	2	1	0	edf=49.960 edf=44.171 R2=0.9994 rmse=0.5914 rmse=0.8201 rmse gam=5.91385128329063203e-1 	
356	PASS	ok	smooths::quality_vs_mgcv_duchon_2d::gam_duchon_2d_surface_matches_mgcv_ds	0	1	1	0	rmse=0.0207 rmse=0.0233 rmse gam=2.07253633062132424e-2 	
357	PASS	ok	smooths::quality_vs_mgcv_duchon_default_rank::gam_duchon_1d_default_rank_matches_mgcv_moderate_n	0	1	1	0	rmse=0.0092 rmse=0.0108 rmse gam=9.18043242546103151e-3 edf_total=11.9896 edf=27.7481 	
358	PASS	ok	smooths::quality_vs_mgcv_duchon_default_rank::gam_duchon_1d_default_rank_matches_mgcv_small_n	0	1	1	0	rmse=0.0116 rmse=0.0160 rmse gam=1.15762705300539986e-2 edf_total=11.9620 edf=25.3203 	
359	PASS	ok	smooths::quality_vs_mgcv_duchon_default_rank::gam_duchon_2d_default_rank_matches_mgcv_moderate_n	0	3	1	0	rmse=0.0138 rmse=0.0143 rmse gam=1.38025644891516409e-2 edf_total=45.0363 edf=44.6956 	
360	PASS	ok	smooths::quality_vs_mgcv_duchon_default_rank::gam_duchon_2d_default_rank_matches_mgcv_small_n	0	1	1	0	rmse=0.0196 rmse=0.0233 rmse gam=1.95883127146758082e-2 edf_total=28.6578 edf=38.6962 	
361	PASS	ok	smooths::quality_vs_mgcv_duchon_regimes::gam_duchon_1d_heavy_noise_smooth_truth_matches_mgcv	0	1	1	0	rmse gam=2.62912840464481698e-2 	
362	PASS	ok	smooths::quality_vs_mgcv_duchon_regimes::gam_duchon_1d_poisson_log_mean_recovery_matches_mgcv	0	3	1	0	rmse gam=2.81781606480229985e-1 	
363	PASS	ok	smooths::quality_vs_mgcv_duchon_regimes::gam_duchon_1d_two_component_wave_larger_k_matches_mgcv	0	2	1	0	rmse gam=1.90023227147244206e-2 	
364	METRIC_OFF	quality_metric	smooths::quality_vs_mgcv_duchon_smooth::gam_duchon_1d_matches_mgcv_ds	101	1	0	1	edf_total=1.521 rmse=0.7063 rmse=0.7055 rmse gam=7.06262487768299252e-1 	thread 'smooths::quality_vs_mgcv_duchon_smooth::gam_duchon_1d_matches_mgcv_ds' (58437) panicked at tests/quality/smooths/quality_vs_mgcv_duchon_smooth.rs:188:5: :: gam Duchon smooth blew up or failed to recover sin(8πx): RMSE-vs-truth=0.7063 (must beat the trivial predictor, RMS(sin)≈0.707)
365	PASS	ok	smooths::quality_vs_mgcv_factor_smooth_fs::gam_factor_smooth_fs_recovers_truth	0	1	1	0	rmse=0.0504 rmse=0.0575 rmse=0.0549 rmse=0.0611 rmse=0.0561 rmse=0.0546 edf=37.734 edf=39.350 rel_l2_to_mgcv=0.0310 rmse gam=5.61230459924493830e-2 	
366	PASS	ok	smooths::quality_vs_mgcv_factor_smooth_fs::gam_factor_smooth_fs_recovers_truth_on_real_data	0	2	1	0	R2=0.9093 rmse=16.8897 rmse=17.0963 edf=48.783 edf=48.982 rmse gam=1.68897286561363877e1 	
367	PASS	ok	smooths::quality_vs_mgcv_factor_smooth_sz::gam_factor_smooth_sz_matches_mgcv	0	1	1	0	edf_total=22.518 rmse_vs_truth=0.04245 rmse_vs_truth=0.04605 rel_l2=0.0361 edf=22.518 	
368	GAM_ERROR	gam_fit_failed	smooths::quality_vs_mgcv_matern_smooth::gam_matern_smooth_recovers_truth	101	0	0	1		thread 'smooths::quality_vs_mgcv_matern_smooth::gam_matern_smooth_recovers_truth' (58663) panicked at tests/quality/smooths/quality_vs_mgcv_matern_smooth.rs:80:68: :: gam matern fit: Fit(Estimation(Outer smoothing-parameter optimization did not certify a stationary optimum (iso-kappa joint REML): gradient g =8.238e-1 Pg =8.238e-1 bound=1.000e-4 (rung=solver-band derived_standard=false) hessian_psd
369	PASS	ok	smooths::quality_vs_mgcv_matern_smooth::gam_matern_smooth_recovers_truth_on_real_data	0	26	1	0	R2_avg=0.0770 R2_avg=0.0497 rmse gam=3.83651722573564447e-1 	
370	GAM_ERROR	gam_fit_failed	smooths::quality_vs_mgcv_matern_varying_nu::gam_matern_family_recovers_truth_across_nu	101	6	0	1	edf_total=13.8693 edf_total=14.4836 edf_total=14.4540 edf_total=14.4154 edf_total=14.3206 edf_total=14.0483 edf_total=14.2677 edf_total=14.2310 edf_total=14.6880 edf_total=14.2561 edf_total=14.4482 edf_total=14.2701 edf_total=14.2480 edf_total=14.4654 edf_total=13.8935 edf_total=14.3533 edf_total=15.8933 edf_total=14.7292 edf_total=14.0158 edf_total=14.0852 edf_total=14.0345 edf_total=14.1373 edf_total=14.3751 edf_total=14.3247 edf_total=14.1859 rmse_vs_truth=0.0222 rmse_vs_truth=0.0224 pearson_vs_truth=0.99938 edf=14.340 edf=14.456 edf_total=12.2323 rho_dim=4 	thread 'smooths::quality_vs_mgcv_matern_varying_nu::gam_matern_family_recovers_truth_across_nu' (58763) panicked at tests/quality/smooths/quality_vs_mgcv_matern_varying_nu.rs:115:29: :: gam matern fit (nu=2.5, seed=20260530) failed: Fit(Estimation(Outer smoothing-parameter optimization did not certify a stationary optimum (iso-kappa joint REML): gradient g =7.280e-2 Pg =7.280e-2 bound=3.340e-2 (ru
371	GAM_ERROR	gam_fit_failed	smooths::quality_vs_mgcv_negbin_estimated_theta_smooth::gam_negbin_estimated_theta_smooth_matches_mgcv_nb	101	5	0	1	rho-gradient 5.952e-5 	thread 'smooths::quality_vs_mgcv_negbin_estimated_theta_smooth::gam_negbin_estimated_theta_smooth_matches_mgcv_nb' (58825) panicked at tests/quality/smooths/quality_vs_mgcv_negbin_estimated_theta_smooth.rs:116:64: :: gam negbin nb() fit: Fit(Estimation(Negative-binomial (theta, rho) optimization did not certify a joint optimum within 200 round(s): projected rho-gradient 5.952e-5 against 2.727e-4, 
372	PASS	ok	smooths::quality_vs_mgcv_pspline_smooth::gam_pspline_generalizes_on_lidar	0	1	1	0	R2_avg=0.9163 rmse gam=8.00028426082005223e-2 	
373	PASS	ok	smooths::quality_vs_mgcv_pspline_smooth::gam_pspline_generalizes_on_lidar_on_real_data	0	2	1	0	R2_avg=0.9263 rmse gam=7.32714644801174125e-2 	
374	PASS	ok	smooths::quality_vs_mgcv_quakes_spatial_smooth::diag_quakes_spatial_1074	0	0	1	0	rho_dim=4 edf=55.4438 rho_dim=4 edf=15.8401 rho-rho] 10 rho_cols=4 rho_dim=4 edf=14.3758 rho-rho] 10 rho_cols=4 rho_dim=4 edf=12.7987 rho-rho] 10 rho_cols=4 rho_dim=4 edf=10.7964 rho-rho] 10 rho_cols=4 rho_dim=4 edf=11.6899 rho-rho] 10 rho_cols=4 rho_dim=4 edf=12.2013 rho-rho] 10 rho_cols=4 rho_dim=4 edf=12.4541 rho-rho] 10 rho_cols=4 rho_dim=4 edf=12.6587 rho-rho] 10 rho_cols=4 rho_dim=4 edf=12.6426 rho-rho] 10 rho_cols=4 rho_dim=4 edf=12.6371 rho-rho] 10 rho_cols=4 rho_dim=4 edf=12.6351 rho-rho] 10 rho_cols=4 rho_dim=4 edf=12.6344 rho-rho] 10 rho_cols=4 rho_dim=4 edf=12.6344 rho_dim=4 edf=12.6344 rho_dim=4 edf=12.6344 rho-rho] 10 rho_cols=4 rho_dim=4 edf=12.6344 rho-rho] 10 rho_cols=4 rho_dim=4 edf=12.6344 rho-rho] 10 rho_cols=4 rho_dim=4 edf=12.6344 rho_dim=4 edf=12.6344 rho-rho] 10 rho_cols=4 rho_dim=4 edf=12.6344 rho_dim=4 edf=12.6344 rho_dim=4 edf=12.6344 rho-rho] 10 rho_cols=4 rho=4 rho_dimension: 4 edf_total=12.634 R2=0.1240 rho_dim=3 edf=55.6688 rho_dim=3 edf=16.5700 rho-rho] 6 rho_cols=3 rho_dim=3 edf=15.9697 rho-rho] 6 rho_cols=3 rho_dim=3 edf=15.4390 rho-rho] 6 rho_cols=3 rho_dim=3 edf=11.8942 rho-rho] 6 rho_cols=3 rho_dim=3 edf=13.4035 rho-rho] 6 rho_cols=3 rho_dim=3 edf=14.3043 rho-rho] 6 rho_cols=3 rho_dim=3 edf=14.7864 rho-rho] 6 rho_cols=3 rho_dim=3 edf=15.0110 rho-rho] 6 rho_cols=3 rho_dim=3 edf=15.0110 rho_dim=3 edf=15.0110 rho_dim=3 edf=15.0110 rho-rho] 6 rho_cols=3 rho_dim=3 edf=15.0110 rho-rho] 6 rho_cols=3 rho_dim=3 edf=15.0110 rho-rho] 6 rho_cols=3 rho_dim=3 edf=15.0110 rho_dim=3 edf=15.0110 rho-rho] 6 rho_cols=3 rho_dim=3 edf=15.0110 rho_dim=3 edf=15.0110 rho_dim=3 edf=15.0110 rho-rho] 6 rho_cols=3 rho=3 rho_dimension: 3 edf_total=15.011 R2=0.1263 rho_dim=2 edf=45.2955 rho_dim=2 edf=10.7912 rho-rho] 3 rho_cols=2 rho_dim=2 edf=15.5442 rho-rho] 3 rho_cols=2 rho_dim=2 edf=16.7596 rho-rho] 3 rho_cols=2 rho_dim=2 edf=17.2592 rho-rho] 3 rho_cols=2 rho_dim=2 edf=17.6042 rho-rho] 3 rho_cols=2 rho_dim=2 edf=17.5637 rho-rho] 3 rho_cols=2 rho_dim=2 edf=17.5637 rho_dim=2 edf=17.5637 rho_dim=2 edf=17.5637 rho-rho] 3 rho_cols=2 rho_dim=2 edf=17.5637 rho-rho] 3 rho_cols=2 rho_dim=2 edf=17.5637 rho-rho] 3 rho_cols=2 rho_dim=2 edf=17.5637 rho_dim=2 edf=17.5637 rho-rho] 3 rho_cols=2 rho_dim=2 edf=17.5637 rho_dim=2 edf=17.5637 rho_dim=2 edf=17.5637 rho-rho] 3 rho_cols=2 rho=2 rho_dimension: 2 edf_total=17.564 R2=0.0926 rho_dim=2 edf=11.4784 rho_dim=2 edf=6.6803 rho-rho] 3 rho_cols=2 rho_dim=2 edf=5.5308 rho-rho] 3 rho_cols=2 rho_dim=2 edf=4.3554 rho-rho] 3 rho_cols=2 rho_dim=2 edf=4.1559 rho-rho] 3 rho_cols=2 rho_dim=2 edf=4.1559 rho_dim=2 edf=4.1559 rho_dim=2 edf=4.1559 rho-rho] 3 rho_cols=2 rho_dim=2 edf=4.1559 rho-rho] 3 rho_cols=2 rho_dim=2 edf=4.1559 rho-rho] 3 rho_cols=2 rho_dim=2 edf=4.1559 rho_dim=2 edf=4.1559 rho-rho] 3 rho_cols=2 rho_dim=2 edf=4.1559 rho_dim=2 edf=4.1559 rho_dim=2 edf=4.1559 rho-rho] 3 rho_cols=2 rho=2 rho_dimension: 2 edf_total=4.156 R2=0.0901 rho_dim=4 edf=65.5684 rho_dim=4 edf=18.8434 rho-rho] 10 rho_cols=4 rho_dim=4 edf=15.6163 rho-rho] 10 rho_cols=4 rho_dim=4 edf=12.6973 rho-rho] 10 rho_cols=4 rho_dim=4 edf=9.9622 rho-rho] 10 rho_cols=4 rho_dim=4 edf=11.0341 rho-rho] 10 rho_cols=4 rho_dim=4 edf=11.6705 rho-rho] 10 rho_cols=4 rho_dim=4 edf=12.0082 rho-rho] 10 rho_cols=4 rho_dim=4 edf=12.2082 rho-rho] 10 rho_cols=4 rho_dim=4 edf=12.1816 rho-rho] 10 rho_cols=4 rho_dim=4 edf=12.1765 rho-rho] 10 rho_cols=4 rho_dim=4 edf=12.1750 rho-rho] 10 rho_cols=4 rho_dim=4 edf=12.1744 rho-rho] 10 rho_cols=4 rho_dim=4 edf=12.1744 rho_dim=4 edf=12.1744 rho_dim=4 edf=12.1744 rho-rho] 10 rho_cols=4 rho_dim=4 edf=12.1744 rho-rho] 10 rho_cols=4 rho_dim=4 edf=12.1744 rho-rho] 10 rho_cols=4 rho_dim=4 edf=12.1744 rho_dim=4 edf=12.1744 rho-rho] 10 rho_cols=4 rho_dim=4 edf=12.1744 rho_dim=4 edf=12.1744 rho_dim=4 edf=12.1744 rho-rho] 10 rho_cols=4 rho=4 rho_dimension: 4 edf_total=12.174 R2=0.1255 	
375	PASS	ok	smooths::quality_vs_mgcv_quakes_spatial_smooth::gam_spatial_smooth_predicts_quakes_better_than_baseline	0	4	1	0	R2_avg=0.0743 R2_avg=0.0742 rmse gam=3.84328250371396840e-1 	
376	PASS	ok	smooths::quality_vs_mgcv_quakes_spatial_smooth::gam_spatial_smooth_predicts_quakes_better_than_baseline_on_real_data	0	1	1	0	edf=17.205 edf=17.525 R2=0.0815 rmse=0.3696 rmse=0.3695 	
377	PASS	ok	smooths::quality_vs_mgcv_tensor_additive_tp_te::gam_additive_tp_plus_te_matches_mgcv	0	1	1	0	rmse_vs_truth=0.020077 rmse_vs_truth=0.029546 edf=40.919 edf=38.661 rel_l2_gam_vs_mgcv=0.04052 	
378	PASS	ok	smooths::quality_vs_mgcv_tensor_te_2d_beta::gam_tensor_te_2d_beta_matches_mgcv	0	2	1	0	edf=8.230 	
379	PASS	ok	smooths::quality_vs_r_tram_smooth_continuous_covariate_transformation::gam_smooth_transformation_matches_r_tram_on_heart_failure	0	35	1	0	edf=10.652 rmse=0.0503 rmse=0.0540 rmse gam=5.03383936838261714e-2 	
380	METRIC_OFF	quality_metric	smooths::quality_vs_rstpm2_pstpm2_smooth_covariate::gam_smooth_covariate_recovers_flat_noise_effect_and_valid_survival_on_bone	101	2	0	1	rel_l2=0.6768 pearson=0.98673 edf gam=5.111 	thread 'smooths::quality_vs_rstpm2_pstpm2_smooth_covariate::gam_smooth_covariate_recovers_flat_noise_effect_and_valid_survival_on_bone' (59304) panicked at tests/quality/smooths/quality_vs_rstpm2_pstpm2_smooth_covariate.rs:533:5: :: gam overfit a pure-noise covariate: spurious log-Λ swing 2.4972 is 6.497× the genuine baseline swing 0.3844 (truth ∂logΛ/∂x ≡ 0; bar: ratio ≤ 0.50)
381	PASS	ok	smooths::quality_vs_scam_convex_smooth::gam_convex_smooth_recovers_truth_is_convex_and_matches_scam	0	2	1	0	rmse=0.01975 rmse=0.01814 edf=3.009 rmse gam=1.97522621305448697e-2 	
382	PASS	ok	smooths::quality_vs_scam_monotone_increasing_smooth::gam_monotone_increasing_smooth_recovers_truth_and_matches_scam	0	2	1	0	rmse=0.03896 rmse=0.03696 rmse gam=3.89575278871401517e-2 	
383	GAM_ERROR	gam_fit_failed	smooths::quality_vs_sklearn_gp_matern_regression::gam_matern_gp_recovers_truth_and_beats_sklearn	101	0	0	1		thread 'smooths::quality_vs_sklearn_gp_matern_regression::gam_matern_gp_recovers_truth_and_beats_sklearn' (59476) panicked at tests/quality/smooths/quality_vs_sklearn_gp_matern_regression.rs:90:68: :: gam matern GP fit: Fit(Estimation(Outer smoothing-parameter optimization did not certify a stationary optimum (iso-kappa joint REML): gradient g =5.680e-1 Pg =5.680e-1 bound=1.938e-2 (rung=curvature-
384	PASS	ok	smooths::quality_vs_sklearn_gp_matern_regression::gam_matern_gp_recovers_truth_and_beats_sklearn_on_real_data	0	2	1	0	edf=8.180 R2=0.9313 rmse=0.0712 rmse=0.0710 rmse gam=7.12065105215408251e-2 	
385	PASS	ok	survival::quality_competing_risks_truth_recovery::joint_competing_risks_transformation_recovers_true_cause_specific_cifs	0	92	1	0		
386	PASS	ok	survival::quality_vs_flexsurv_weibull_aft::gam_weibull_survival_objective_quality_on_bone	0	2	1	0	rel_l2_vs_flexsurv=0.08280 	
387	PASS	ok	survival::quality_vs_flexsurv_weibull_aft::gam_weibull_survival_objective_quality_on_bone_on_real_data	0	2	1	0		
388	PASS	ok	survival::quality_vs_gam_competing_risks_integral_identity::gam_crude_cif_recovers_closed_form_truth_beating_aalen_johansen	0	0	1	0		
389	PASS	ok	survival::quality_vs_gam_competing_risks_integral_identity::gam_crude_cif_recovers_closed_form_truth_beating_aalen_johansen_on_real_data	0	0	1	0		
390	METRIC_OFF	quality_metric	survival::quality_vs_gamlss_gaussian_survival_ls::gam_gaussian_survival_location_scale_matches_gamlss	101	3	0	1		thread 'survival::quality_vs_gamlss_gaussian_survival_ls::gam_gaussian_survival_location_scale_matches_gamlss' (59836) panicked at tests/quality/survival/quality_vs_gamlss_gaussian_survival_ls.rs:331:5: :: gam failed to recover the true AFT location 0.3*sin(2*pi*x): rmse(loc)=5.0924 > 0.06
391	PASS	ok	survival::quality_vs_gamlss_gaussian_survival_ls::gam_gaussian_survival_location_scale_matches_gamlss_on_real_data	0	11	1	0		
392	PASS	ok	survival::quality_vs_inla_survival_random_intercept_baseline::gam_survival_frailty_random_intercept_matches_inla	0	0	1	0		
393	PASS	ok	survival::quality_vs_inla_survival_random_intercept_baseline::gam_survival_frailty_random_intercept_matches_inla_on_real_data	0	1	1	0		
394	PASS	ok	survival::quality_vs_lifelines_crps_lognormal_aft::gam_lognormal_aft_crps_calibration_matches_lifelines	0	2	1	0	rmse=0.0612 rmse=0.0803 crps=0.30598 crps=0.30708 crps=0.31362 crps gam=3.05980447314082360e-1 	
395	PASS	ok	survival::quality_vs_lifelines_crps_lognormal_aft::gam_lognormal_aft_crps_calibration_matches_lifelines_on_real_data	0	1	1	0	crps=47.9861 crps=50.1776 crps=50.7934 	
396	PASS	ok	survival::quality_vs_lifelines_loglogistic_aft::gam_loglogistic_aft_matches_lifelines_on_haberman_ages	0	2	1	0		
397	PASS	ok	survival::quality_vs_lifelines_lognormal_aft::gam_lognormal_aft_interaction_recovers_truth	0	1	1	0	rmse_vs_truth=0.1010 rel_l2_vs_truth=0.1423 	
398	PASS	ok	survival::quality_vs_lifelines_weibull_aft_by::gam_weibull_aft_by_factor_recovers_true_survival	0	11	1	0		
399	GAM_ERROR	gam_fit_failed	survival::quality_vs_lifelines_weibull_aft_by::gam_weibull_aft_by_factor_recovers_true_survival_curved_acceleration	101	7	0	1		thread 'survival::quality_vs_lifelines_weibull_aft_by::gam_weibull_aft_by_factor_recovers_true_survival_curved_acceleration' (60333) panicked at tests/quality/survival/quality_vs_lifelines_weibull_aft_by.rs:489:6: :: gam Weibull-AFT by-factor fit: Fit(Estimation(Outer smoothing-parameter optimization declined a certified optimum that an evaluated state beats, and certified nothing in its place (su
400	PASS	ok	survival::quality_vs_lifelines_weibull_aft_by::gam_weibull_aft_by_factor_recovers_true_survival_on_real_data	0	2	1	0		
401	PASS	ok	survival::quality_vs_scipy_boxcox_univariate_lambda::gam_transformation_normal_normalizes_wine_price_at_least_as_well_as_boxcox	0	1	1	0		
402	PASS	ok	survival::quality_vs_statsmodels_transformation_survival::gam_transformation_survival_prediction_grid_matches_scipy	0	0	1	0	pearson=0.999961 	
403	PASS	ok	survival::quality_vs_statsmodels_transformation_survival::gam_transformation_survival_prediction_grid_matches_scipy_on_real_data	0	1	1	0		
404	TIMEOUT	per_test_bound	survival::quality_vs_survival_coxph_frailty_hazard_multiplier::gam_hazard_multiplier_frailty_matches_coxph_frailty	124	600	0	0		exceeded the 600s per-case bound from .config/nextest.toml
405	PASS	ok	survival::quality_vs_survival_coxph_frailty_hazard_multiplier::gam_hazard_multiplier_frailty_matches_coxph_frailty_on_real_data	0	457	1	0		
406	PASS	ok	survival::quality_vs_survival_location_scale_lognormal::gam_lognormal_location_scale_aft_smooth_matches_survreg	0	1	1	0	rmse=0.1265 rmse=0.2832 rel_l2_vs_survreg=0.3109 	
407	PASS	ok	survival::quality_vs_survival_location_scale_lognormal::gam_lognormal_location_scale_aft_smooth_matches_survreg_on_real_data	0	1	1	0	nll=5.2728 nll=5.3649 nll=5.4583 rmse=0.2167 	
408	PASS	ok	survival::quality_vs_survival_weibull_veteran_lung_aft::gam_weibull_survival_out_of_sample_quality_on_veteran_lung	0	1	1	0		
409	PASS	ok	survival::quality_vs_survival_weibull_veteran_lung_aft::gam_weibull_survival_out_of_sample_quality_on_veteran_lung_on_real_data	0	1	1	0		
410	PASS	ok	families::quality_vs_mgcv_confidence_interval_gaussian_coverage_90::ci_coverage_near_nominal_on_gaussian_truth_90pct	0	5	1	0	coverage = 0.8920 coverage = 0.8916 coverage = 0.8992 	
411	GAM_ERROR	gam_fit_failed	families::quality_vs_mgcv_confidence_interval_gaussian_logistic_link::confidence_intervals_cover_truth_under_logistic_link	101	3	0	1		thread '<unnamed>' (61036) panicked at tests/quality_1082/../quality/families/quality_vs_mgcv_confidence_interval_gaussian_logistic_link.rs:150:14: :: production confidence intervals: Invalid input: fit result does not contain smoothing-corrected covariance: the outer rho-Hessian has no analytic form: OuterHessianNotAnalytic { error: 'Invalid input: the latched #784 block-local correction has no a
412	METRIC_OFF	quality_metric	families::quality_vs_mgcv_poisson_badhealth_doctor_visits::gam_poisson_predicts_badhealth_visits_better_than_baseline	101	2	0	1	edf=20.232 edf=3.005 deviance gam=3.20999014589621900e0 	thread 'families::quality_vs_mgcv_poisson_badhealth_doctor_visits::gam_poisson_predicts_badhealth_visits_better_than_baseline' (61079) panicked at tests/quality_1082/../quality/families/quality_vs_mgcv_poisson_badhealth_doctor_visits.rs:261:5: :: gam effective dof out of sane range: 20.232
413	PASS	ok	families::quality_vs_mgcv_tensor_te_2d_gaussian::gam_te_2d_smooth_matches_mgcv_on_separable_grid	0	2	1	0	rmse_vs_truth=0.022185 rmse_vs_truth=0.022184 edf=61.887 edf=63.839 	
414	PASS	ok	families::quality_vs_mgcv_tensor_te_2d_poisson::gam_tensor_te_2d_poisson_matches_mgcv	0	1	1	0	edf=7.340 	
415	PASS	ok	families::quality_vs_mgcv_tensor_te_2d_poisson::gam_tensor_te_2d_poisson_matches_mgcv_on_real_data	0	1	1	0	edf=8.382 deviance gam=3.19300448695943428e0 	
416	PASS	ok	families::quality_vs_pygam_poisson_2d_shape::gam_poisson_2d_recovers_true_log_mean_surface	0	1	1	0	edf=3.656 edf=6.584 pearson=0.99277 edf=5.266 edf=8.313 pearson=0.98008 	
417	METRIC_OFF	quality_metric	families::quality_vs_pygam_poisson_2d_shape::gam_poisson_2d_recovers_true_log_mean_surface_on_real_data	101	2	0	1	edf=45.342 edf=12.896 pearson=0.86662 deviance gam=3.33152470164094039e0 	thread 'families::quality_vs_pygam_poisson_2d_shape::gam_poisson_2d_recovers_true_log_mean_surface_on_real_data' (61357) panicked at tests/quality_1082/../quality/families/quality_vs_pygam_poisson_2d_shape.rs:465:5: :: real-data 2-D edf outside the signal-appropriate range (1, 30): 45.342
418	PASS	ok	families::quality_vs_scoringrules_pit_gaussian_location_scale::gam_location_scale_pit_is_calibrated_on_holdout	0	1	1	0		
419	PASS	ok	families::quality_vs_scoringrules_pit_gaussian_location_scale::gam_location_scale_pit_is_calibrated_on_holdout_on_real_data	0	1	1	0		
420	PASS	ok	families::quality_vs_vgam_beta_logistic_link_parameterization::beta_logistic_parametric_fit_keeps_logit_scale_2902	0	1	1	0		
421	GAM_ERROR	gam_fit_failed	families::quality_vs_vgam_beta_logistic_link_parameterization::gam_beta_logistic_link_matches_vgam_beta_parameterization	101	9	0	1		thread 'families::quality_vs_vgam_beta_logistic_link_parameterization::gam_beta_logistic_link_matches_vgam_beta_parameterization' (61562) panicked at tests/quality_1082/../quality/families/quality_vs_vgam_beta_logistic_link_parameterization.rs:105:6: :: converged beta-logistic fit: Fit(Estimation(Outer smoothing-parameter optimization did not certify a stationary optimum (mixture/SAS flexible link
422	METRIC_OFF	quality_metric	families::quality_vs_vgam_multinomial_smooth_by_factor::gam_multinomial_smooth_by_factor_recovers_truth	101	9	0	1		thread 'families::quality_vs_vgam_multinomial_smooth_by_factor::gam_multinomial_smooth_by_factor_recovers_truth' (61668) panicked at tests/quality_1082/../quality/families/quality_vs_vgam_multinomial_smooth_by_factor.rs:203:6: :: gam multinomial fit: Custom-family fit failed: custom-family optimization error in fit_custom_family outer smoothing: outer smoothing optimization failed certified-fit va
423	PASS	ok	misc::quality_vs_synthetic_frailty_hazard_multiplier_likelihood::lognormal_hazard_multiplier_kernel_recovers_frailty_variance	0	19	1	0	se_sigma=0.106329 loglik=-2909.733857 loglik_at_opt=-2909.733857 loglik=-2909.733857 	
424	PASS	ok	regressions::owed_1082_reml::poisson_fixture_sampler_has_the_declared_mean_and_variance	0	0	1	0		
425	PASS	ok	regressions::owed_1082_reml::poisson_tensor_te_recovers_true_mean_surface_not_oversmoothed_1373	0	1	1	0	edf=18.801 rmse_to_truth=0.0721 	
426	PASS	ok	regressions::perf_1082_outer_loop_repro::negbin_te_2d_outer_loop_converges_in_budget_1082	0	0	1	0		
427	REF_ERROR	reference_tool	smooths::quality_vs_inla_tensor_product_spde::gam_tensor_product_predicts_held_out_pc1_better_than_inla_spde	101	1	0	1		REFERENCE_ENV_MISSING:INLA: the R reference needs `INLA`, which this machine's Rscript cannot import, so this comparison was NOT MEASURED here — it is not a statement about gam either way. Install or upgrade `INLA` to measure it.
428	PASS	ok	smooths::quality_vs_mgcv_gaulss_tensor::gam_gaulss_tensor_product_matches_mgcv	0	2	1	0		
429	PASS	ok	smooths::quality_vs_mgcv_nottem_cyclic::gam_cyclic_predicts_nottem_seasonal_cycle_vs_mgcv	0	2	1	0	R2_avg=0.9237 rmse gam=2.35623842814150342e0 	
430	PASS	ok	smooths::quality_vs_mgcv_tensor_te_2d_negbin::gam_tensor_te_2d_negbin_matches_mgcv	0	1	1	0	edf=7.683 	
431	PASS	ok	smooths::quality_vs_mgcv_tensor_te_2d_negbin::gam_tensor_te_2d_negbin_matches_mgcv_on_real_data	0	1	1	0	edf=4.602 edf=5.525 	
432	PASS	ok	smooths::quality_vs_mgcv_torus_tensor_cc_cc::gam_torus_tensor_cc_cc_recovers_truth_and_wraps_at_both_seams	0	2	1	0	edf=139.340 edf=117.862 rmse_to_truth=0.02941 rmse_to_truth=0.02739 rel_l2_gam_vs_mgcv=0.02083 seam_gap=0.000e0 seam_gap=0.000e0 	
433	PASS	ok	smooths::quality_vs_mgcv_torus_tensor_cc_cc::gam_torus_tensor_cc_cc_recovers_truth_and_wraps_at_both_seams_on_real_data	0	1	1	0	edf=51.948 edf=43.225 R2=0.9517 rmse=0.2787 rmse=0.2579 rmse gam=2.78745460804302458e-1 	
434	PASS	ok	smooths::quality_vs_pygam_pspline::gam_pspline_held_out_accuracy_beats_pygam_on_lidar	0	1	1	0	r2=0.9325 rmse=0.0706 rmse=0.0709 rel_l2_vs_pygam=0.0055 rmse gam=7.06080207251111730e-2 	
435	PASS	ok	smooths::quality_vs_pygam_pspline::gam_pspline_held_out_accuracy_beats_pygam_on_lidar_on_real_data	0	1	1	0	r2=-0.4722 rmse=0.1113 rmse=0.1173 rel_l2_vs_pygam=0.0330 	
436	PASS	ok	survival::quality_vs_lifelines_competing_risks_cif::gam_competing_risks_cif_matches_lifelines_aalen_johansen_on_cirrhosis	0	2	1	0		
437	PASS	ok	survival::quality_vs_lifelines_cox_like_marginal::gam_marginal_slope_heldout_concordance_matches_or_beats_lifelines_coxph	0	21	1	0	concordance=0.7006067500948047 concordance=0.7150170648464164 	
